sample,first_error_exact,correct_rejection,process_f1,complete_trace_accuracy,error_detection_rate,mean_signed_localization_error,mean_absolute_localization_error,error_within_1_accuracy,error_within_2_accuracy
0,0.1527777777777778,0.6118143459915611,0.24450065149076416,0.3153961136023916,0.8865740740740741,-1.4177545691906006,2.0652741514360313,0.4375,0.6273148148148148
1,0.15046296296296297,0.6118143459915611,0.2415273239797553,0.31390134529147984,0.8865740740740741,-1.4464751958224542,2.0574412532637076,0.4351851851851852,0.6504629629629629
2,0.17592592592592593,0.6118143459915611,0.27327282646431583,0.3303437967115097,0.8865740740740741,-1.485639686684073,2.0704960835509136,0.4398148148148148,0.6203703703703703
3,0.1527777777777778,0.6118143459915611,0.24450065149076416,0.3153961136023916,0.8865740740740741,-1.4934725848563968,2.0678851174934727,0.44675925925925924,0.6435185185185185
4,0.18981481481481483,0.6118143459915611,0.2897385286448815,0.3393124065769806,0.8865740740740741,-1.321148825065274,1.9634464751958225,0.44675925925925924,0.6597222222222222
5,0.14583333333333334,0.6118143459915611,0.2355261631279731,0.3109118086696562,0.8865740740740741,-1.4778067885117494,2.088772845953003,0.41435185185185186,0.6458333333333334
6,0.14351851851851852,0.6118143459915611,0.23249799570693358,0.3094170403587444,0.8865740740740741,-1.4647519582245432,2.154046997389034,0.4027777777777778,0.6018518518518519
7,0.16666666666666666,0.6118143459915611,0.26196928635953026,0.3243647234678625,0.8865740740740741,-1.6031331592689295,2.0992167101827675,0.4305555555555556,0.6134259259259259
8,0.1875,0.6118143459915611,0.28703398218409765,0.33781763826606875,0.8865740740740741,-1.5718015665796345,2.0992167101827675,0.4375,0.625
9,0.1712962962962963,0.6118143459915611,0.26765446880690463,0.3273542600896861,0.8865740740740741,-1.4099216710182767,1.989556135770235,0.46296296296296297,0.6527777777777778
10,0.18055555555555555,0.6118143459915611,0.27882553065601656,0.3333333333333333,0.8865740740740741,-1.4960835509138382,2.033942558746736,0.4375,0.5972222222222222
11,0.14351851851851852,0.6118143459915611,0.23249799570693358,0.3094170403587444,0.8865740740740741,-1.422976501305483,2.2010443864229763,0.41898148148148145,0.6203703703703703
12,0.1412037037037037,0.6118143459915611,0.22945121081235326,0.30792227204783257,0.8865740740740741,-1.4569190600522193,2.088772845953003,0.42824074074074076,0.6134259259259259
13,0.1527777777777778,0.6118143459915611,0.24450065149076416,0.3153961136023916,0.8865740740740741,-1.5900783289817233,2.049608355091384,0.4537037037037037,0.6388888888888888
14,0.13657407407407407,0.6118143459915611,0.22330109758166605,0.30493273542600896,0.8865740740740741,-1.4778067885117494,2.16710182767624,0.41435185185185186,0.6226851851851852
15,0.1574074074074074,0.6118143459915611,0.2503936208034943,0.3183856502242152,0.8865740740740741,-1.4804177545691906,2.101827676240209,0.4398148148148148,0.6319444444444444
16,0.16435185185185186,0.6118143459915611,0.25910126215913526,0.32286995515695066,0.8865740740740741,-1.412532637075718,2.060052219321149,0.4398148148148148,0.625
17,0.17824074074074073,0.6118143459915611,0.27605731310808634,0.33183856502242154,0.8865740740740741,-1.3864229765013054,1.9086161879895562,0.4537037037037037,0.6504629629629629
18,0.1574074074074074,0.6118143459915611,0.2503936208034943,0.3183856502242152,0.8865740740740741,-1.3577023498694516,2.02088772845953,0.4444444444444444,0.6226851851851852
19,0.18055555555555555,0.6118143459915611,0.27882553065601656,0.3333333333333333,0.8865740740740741,-1.4464751958224542,2.052219321148825,0.43287037037037035,0.6157407407407407
20,0.1574074074074074,0.6118143459915611,0.2503936208034943,0.3183856502242152,0.8865740740740741,-1.4281984334203655,2.0182767624020888,0.4537037037037037,0.6412037037037037
21,0.1412037037037037,0.6118143459915611,0.22945121081235326,0.30792227204783257,0.8865740740740741,-1.4281984334203655,2.174934725848564,0.3888888888888889,0.6041666666666666
22,0.1597222222222222,0.6118143459915611,0.25331358474801563,0.31988041853512705,0.8865740740740741,-1.4647519582245432,2.0130548302872064,0.43287037037037035,0.6412037037037037
23,0.16666666666666666,0.6118143459915611,0.26196928635953026,0.3243647234678625,0.8865740740740741,-1.443864229765013,2.112271540469974,0.41898148148148145,0.6180555555555556
24,0.16435185185185186,0.6118143459915611,0.25910126215913526,0.32286995515695066,0.8865740740740741,-1.4046997389033942,2.08355091383812,0.42824074074074076,0.6134259259259259
25,0.18518518518518517,0.6118143459915611,0.284313725490196,0.336322869955157,0.8865740740740741,-1.4986945169712793,2.02088772845953,0.4375,0.6180555555555556
26,0.1736111111111111,0.6118143459915611,0.2704719268793136,0.32884902840059793,0.8865740740740741,-1.3994778067885119,2.06266318537859,0.4398148148148148,0.6111111111111112
27,0.1712962962962963,0.6118143459915611,0.26765446880690463,0.3273542600896861,0.8865740740740741,-1.4046997389033942,2.0783289817232378,0.44675925925925924,0.6018518518518519
28,0.16435185185185186,0.6118143459915611,0.25910126215913526,0.32286995515695066,0.8865740740740741,-1.2819843342036554,2.0652741514360313,0.4305555555555556,0.6273148148148148
29,0.14814814814814814,0.6118143459915611,0.23853588319967095,0.312406576980568,0.8865740740740741,-1.5848563968668408,2.1697127937336815,0.41898148148148145,0.6111111111111112
30,0.1712962962962963,0.6118143459915611,0.26765446880690463,0.3273542600896861,0.8865740740740741,-1.3420365535248042,2.0417754569190603,0.4444444444444444,0.6273148148148148
31,0.18055555555555555,0.6118143459915611,0.27882553065601656,0.3333333333333333,0.8865740740740741,-1.4804177545691906,2.060052219321149,0.42592592592592593,0.6111111111111112
32,0.14814814814814814,0.6118143459915611,0.23853588319967095,0.312406576980568,0.8865740740740741,-1.4934725848563968,2.06266318537859,0.45601851851851855,0.6180555555555556
33,0.18287037037037038,0.6118143459915611,0.28157762127748487,0.33482810164424515,0.8865740740740741,-1.558746736292428,1.9817232375979112,0.4699074074074074,0.6435185185185185
34,0.1712962962962963,0.6118143459915611,0.26765446880690463,0.3273542600896861,0.8865740740740741,-1.4099216710182767,1.9791122715404699,0.42592592592592593,0.6435185185185185
35,0.17592592592592593,0.6118143459915611,0.27327282646431583,0.3303437967115097,0.8865740740740741,-1.4699738903394255,2.044386422976501,0.4375,0.6435185185185185
36,0.17824074074074073,0.6118143459915611,0.27605731310808634,0.33183856502242154,0.8865740740740741,-1.4621409921671018,2.0574412532637076,0.43287037037037035,0.6296296296296297
37,0.16898148148148148,0.6118143459915611,0.264820304974919,0.32585949177877427,0.8865740740740741,-1.4673629242819843,2.0783289817232378,0.4537037037037037,0.6226851851851852
38,0.15046296296296297,0.6118143459915611,0.2415273239797553,0.31390134529147984,0.8865740740740741,-1.5796344647519582,2.1070496083550916,0.42824074074074076,0.6273148148148148
39,0.16666666666666666,0.6118143459915611,0.26196928635953026,0.3243647234678625,0.8865740740740741,-1.3446475195822454,2.0078328981723237,0.4513888888888889,0.6458333333333334
40,0.1550925925925926,0.6118143459915611,0.24745602975076095,0.31689088191330345,0.8865740740740741,-1.4177545691906006,2.0652741514360313,0.4513888888888889,0.6203703703703703
41,0.16898148148148148,0.6118143459915611,0.264820304974919,0.32585949177877427,0.8865740740740741,-1.5039164490861618,2.010443864229765,0.4375,0.6273148148148148
42,0.16898148148148148,0.6118143459915611,0.264820304974919,0.32585949177877427,0.8865740740740741,-1.5718015665796345,1.989556135770235,0.4675925925925926,0.625
43,0.1550925925925926,0.6118143459915611,0.24745602975076095,0.31689088191330345,0.8865740740740741,-1.5039164490861618,2.08355091383812,0.4398148148148148,0.6203703703703703
44,0.19907407407407407,0.6118143459915611,0.30040230300402304,0.3452914798206278,0.8865740740740741,-1.3812010443864229,2.044386422976501,0.4444444444444444,0.6041666666666666
45,0.1712962962962963,0.6118143459915611,0.26765446880690463,0.3273542600896861,0.8865740740740741,-1.5326370757180157,2.0809399477806787,0.44212962962962965,0.6064814814814815
46,0.1574074074074074,0.6118143459915611,0.2503936208034943,0.3183856502242152,0.8865740740740741,-1.5326370757180157,2.0913838120104438,0.42592592592592593,0.6296296296296297
47,0.18287037037037038,0.6118143459915611,0.28157762127748487,0.33482810164424515,0.8865740740740741,-1.4882506527415145,2.0783289817232378,0.4351851851851852,0.6203703703703703
48,0.1736111111111111,0.6118143459915611,0.2704719268793136,0.32884902840059793,0.8865740740740741,-1.524804177545692,2.1096605744125325,0.44675925925925924,0.6273148148148148
49,0.1574074074074074,0.6118143459915611,0.2503936208034943,0.3183856502242152,0.8865740740740741,-1.5221932114882506,2.1383812010443863,0.42592592592592593,0.5995370370370371
50,0.15046296296296297,0.6118143459915611,0.2415273239797553,0.31390134529147984,0.8865740740740741,-1.3472584856396868,2.0261096605744124,0.4351851851851852,0.6365740740740741
51,0.16666666666666666,0.6118143459915611,0.26196928635953026,0.3243647234678625,0.8865740740740741,-1.4099216710182767,1.968668407310705,0.4537037037037037,0.6504629629629629
52,0.1550925925925926,0.6118143459915611,0.24745602975076095,0.31689088191330345,0.8865740740740741,-1.4647519582245432,2.101827676240209,0.42824074074074076,0.6388888888888888
53,0.1550925925925926,0.6118143459915611,0.24745602975076095,0.31689088191330345,0.8865740740740741,-1.4046997389033942,2.0992167101827675,0.4305555555555556,0.6203703703703703
54,0.18287037037037038,0.6118143459915611,0.28157762127748487,0.33482810164424515,0.8865740740740741,-1.5509138381201044,2.0052219321148823,0.4074074074074074,0.625
55,0.1388888888888889,0.6118143459915611,0.22638563622170177,0.3064275037369208,0.8865740740740741,-1.4569190600522193,2.224543080939948,0.4074074074074074,0.6018518518518519
56,0.16898148148148148,0.6118143459915611,0.264820304974919,0.32585949177877427,0.8865740740740741,-1.391644908616188,2.0704960835509136,0.4305555555555556,0.6273148148148148
57,0.1527777777777778,0.6118143459915611,0.24450065149076416,0.3153961136023916,0.8865740740740741,-1.5065274151436032,2.101827676240209,0.43287037037037035,0.6041666666666666
58,0.17824074074074073,0.6118143459915611,0.27605731310808634,0.33183856502242154,0.8865740740740741,-1.5300261096605745,2.0365535248041775,0.43287037037037035,0.6180555555555556
59,0.1736111111111111,0.6118143459915611,0.2704719268793136,0.32884902840059793,0.8865740740740741,-1.5613577023498695,2.1148825065274153,0.43287037037037035,0.6018518518518519
60,0.16666666666666666,0.6118143459915611,0.26196928635953026,0.3243647234678625,0.8865740740740741,-1.3838120104438643,1.947780678851175,0.4513888888888889,0.6435185185185185
61,0.14583333333333334,0.6118143459915611,0.2355261631279731,0.3109118086696562,0.8865740740740741,-1.483028720626632,2.093994778067885,0.4212962962962963,0.6226851851851852
62,0.1597222222222222,0.6118143459915611,0.25331358474801563,0.31988041853512705,0.8865740740740741,-1.443864229765013,2.0548302872062663,0.43287037037037035,0.6134259259259259
63,0.1736111111111111,0.6118143459915611,0.2704719268793136,0.32884902840059793,0.8865740740740741,-1.514360313315927,2.093994778067885,0.44907407407407407,0.6273148148148148
64,0.2013888888888889,0.6118143459915611,0.30303030303030304,0.34678624813153963,0.8865740740740741,-1.3315926892950392,2.0052219321148823,0.4444444444444444,0.6412037037037037
65,0.18287037037037038,0.6118143459915611,0.28157762127748487,0.33482810164424515,0.8865740740740741,-1.391644908616188,2.0966057441253265,0.43287037037037035,0.6111111111111112
66,0.1712962962962963,0.6118143459915611,0.26765446880690463,0.3273542600896861,0.8865740740740741,-1.6005221932114881,2.1279373368146213,0.4398148148148148,0.5972222222222222
67,0.16203703703703703,0.6118143459915611,0.2562160797677647,0.3213751868460389,0.8865740740740741,-1.433420365535248,2.1488250652741514,0.4212962962962963,0.6203703703703703
68,0.1412037037037037,0.6118143459915611,0.22945121081235326,0.30792227204783257,0.8865740740740741,-1.5352480417754568,2.172323759791123,0.4050925925925926,0.6064814814814815
69,0.1527777777777778,0.6118143459915611,0.24450065149076416,0.3153961136023916,0.8865740740740741,-1.3812010443864229,2.0913838120104438,0.42824074074074076,0.6273148148148148
70,0.17824074074074073,0.6118143459915611,0.27605731310808634,0.33183856502242154,0.8865740740740741,-1.3812010443864229,2.033942558746736,0.4513888888888889,0.6134259259259259
71,0.16203703703703703,0.6118143459915611,0.2562160797677647,0.3213751868460389,0.8865740740740741,-1.5091383812010444,2.10443864229765,0.41898148148148145,0.625
72,0.14583333333333334,0.6118143459915611,0.2355261631279731,0.3109118086696562,0.8865740740740741,-1.5065274151436032,2.049608355091384,0.44212962962962965,0.6365740740740741
73,0.17592592592592593,0.6118143459915611,0.27327282646431583,0.3303437967115097,0.8865740740740741,-1.5195822454308094,2.0417754569190603,0.4513888888888889,0.6203703703703703
74,0.14583333333333334,0.6118143459915611,0.2355261631279731,0.3109118086696562,0.8865740740740741,-1.3472584856396868,2.1096605744125325,0.4236111111111111,0.6319444444444444
75,0.14351851851851852,0.6118143459915611,0.23249799570693358,0.3094170403587444,0.8865740740740741,-1.321148825065274,2.0678851174934727,0.4375,0.6319444444444444
76,0.1550925925925926,0.6118143459915611,0.24745602975076095,0.31689088191330345,0.8865740740740741,-1.422976501305483,2.122715404699739,0.4027777777777778,0.6365740740740741
77,0.18055555555555555,0.6118143459915611,0.27882553065601656,0.3333333333333333,0.8865740740740741,-1.4908616187989556,1.9973890339425588,0.4398148148148148,0.6388888888888888
78,0.16435185185185186,0.6118143459915611,0.25910126215913526,0.32286995515695066,0.8865740740740741,-1.5039164490861618,2.0678851174934727,0.44675925925925924,0.6388888888888888
79,0.1574074074074074,0.6118143459915611,0.2503936208034943,0.3183856502242152,0.8865740740740741,-1.4177545691906006,2.0757180156657964,0.43287037037037035,0.6319444444444444
80,0.13657407407407407,0.6118143459915611,0.22330109758166605,0.30493273542600896,0.8865740740740741,-1.422976501305483,2.112271540469974,0.4351851851851852,0.625
81,0.16666666666666666,0.6118143459915611,0.26196928635953026,0.3243647234678625,0.8865740740740741,-1.4595300261096606,2.044386422976501,0.44907407407407407,0.6365740740740741
82,0.16666666666666666,0.6118143459915611,0.26196928635953026,0.3243647234678625,0.8865740740740741,-1.6005221932114881,2.101827676240209,0.4212962962962963,0.6111111111111112
83,0.18287037037037038,0.6118143459915611,0.28157762127748487,0.33482810164424515,0.8865740740740741,-1.4490861618798956,2.0704960835509136,0.44907407407407407,0.625
84,0.18518518518518517,0.6118143459915611,0.284313725490196,0.336322869955157,0.8865740740740741,-1.4882506527415145,1.9007832898172323,0.4791666666666667,0.6597222222222222
85,0.17824074074074073,0.6118143459915611,0.27605731310808634,0.33183856502242154,0.8865740740740741,-1.5300261096605745,2.073107049608355,0.44212962962962965,0.625
86,0.1574074074074074,0.6118143459915611,0.2503936208034943,0.3183856502242152,0.8865740740740741,-1.3002610966057442,2.0992167101827675,0.42824074074074076,0.6273148148148148
87,0.18287037037037038,0.6118143459915611,0.28157762127748487,0.33482810164424515,0.8865740740740741,-1.4621409921671018,2.010443864229765,0.4675925925925926,0.6412037037037037
88,0.1574074074074074,0.6118143459915611,0.2503936208034943,0.3183856502242152,0.8865740740740741,-1.5091383812010444,2.1148825065274153,0.4537037037037037,0.6134259259259259
89,0.16898148148148148,0.6118143459915611,0.264820304974919,0.32585949177877427,0.8865740740740741,-1.3629242819843341,2.0574412532637076,0.4513888888888889,0.6273148148148148
90,0.19675925925925927,0.6118143459915611,0.29775925590384733,0.34379671150971597,0.8865740740740741,-1.3159268929503916,1.926892950391645,0.4537037037037037,0.6388888888888888
91,0.16203703703703703,0.6118143459915611,0.2562160797677647,0.3213751868460389,0.8865740740740741,-1.4882506527415145,2.0261096605744124,0.4351851851851852,0.6319444444444444
92,0.1550925925925926,0.6118143459915611,0.24745602975076095,0.31689088191330345,0.8865740740740741,-1.422976501305483,2.0704960835509136,0.44907407407407407,0.6365740740740741
93,0.1736111111111111,0.6118143459915611,0.2704719268793136,0.32884902840059793,0.8865740740740741,-1.516971279373368,2.0757180156657964,0.42592592592592593,0.6226851851851852
94,0.1388888888888889,0.6118143459915611,0.22638563622170177,0.3064275037369208,0.8865740740740741,-1.4281984334203655,2.185378590078329,0.4027777777777778,0.5925925925925926
95,0.1574074074074074,0.6118143459915611,0.2503936208034943,0.3183856502242152,0.8865740740740741,-1.587467362924282,2.0678851174934727,0.4236111111111111,0.6296296296296297
96,0.1736111111111111,0.6118143459915611,0.2704719268793136,0.32884902840059793,0.8865740740740741,-1.4725848563968669,2.031331592689295,0.44675925925925924,0.6273148148148148
97,0.1597222222222222,0.6118143459915611,0.25331358474801563,0.31988041853512705,0.8865740740740741,-1.4934725848563968,2.151436031331593,0.4236111111111111,0.6157407407407407
98,0.18981481481481483,0.6118143459915611,0.2897385286448815,0.3393124065769806,0.8865740740740741,-1.370757180156658,2.0809399477806787,0.4699074074074074,0.6203703703703703
99,0.15046296296296297,0.6118143459915611,0.2415273239797553,0.31390134529147984,0.8865740740740741,-1.5639686684073106,2.1070496083550916,0.4351851851851852,0.6041666666666666
100,0.18055555555555555,0.6118143459915611,0.27882553065601656,0.3333333333333333,0.8865740740740741,-1.6031331592689295,2.1096605744125325,0.42824074074074076,0.6203703703703703
101,0.14583333333333334,0.6118143459915611,0.2355261631279731,0.3109118086696562,0.8865740740740741,-1.4621409921671018,2.073107049608355,0.4351851851851852,0.625
102,0.14583333333333334,0.6118143459915611,0.2355261631279731,0.3109118086696562,0.8865740740740741,-1.556135770234987,2.135770234986945,0.39814814814814814,0.6064814814814815
103,0.1527777777777778,0.6118143459915611,0.24450065149076416,0.3153961136023916,0.8865740740740741,-1.4699738903394255,2.0861618798955615,0.41898148148148145,0.6319444444444444
104,0.16898148148148148,0.6118143459915611,0.264820304974919,0.32585949177877427,0.8865740740740741,-1.4699738903394255,2.039164490861619,0.43287037037037035,0.6388888888888888
105,0.17824074074074073,0.6118143459915611,0.27605731310808634,0.33183856502242154,0.8865740740740741,-1.5326370757180157,2.0966057441253265,0.41203703703703703,0.5995370370370371
106,0.1597222222222222,0.6118143459915611,0.25331358474801563,0.31988041853512705,0.8865740740740741,-1.4986945169712793,2.10443864229765,0.4351851851851852,0.6203703703703703
107,0.1712962962962963,0.6118143459915611,0.26765446880690463,0.3273542600896861,0.8865740740740741,-1.483028720626632,2.052219321148825,0.4375,0.6226851851851852
108,0.1574074074074074,0.6118143459915611,0.2503936208034943,0.3183856502242152,0.8865740740740741,-1.485639686684073,2.0704960835509136,0.4398148148148148,0.6157407407407407
109,0.19444444444444445,0.6118143459915611,0.2951010321267626,0.3423019431988042,0.8865740740740741,-1.4621409921671018,1.9530026109660574,0.46064814814814814,0.6412037037037037
110,0.14814814814814814,0.6118143459915611,0.23853588319967095,0.312406576980568,0.8865740740740741,-1.402088772845953,2.154046997389034,0.41435185185185186,0.6018518518518519
111,0.1574074074074074,0.6118143459915611,0.2503936208034943,0.3183856502242152,0.8865740740740741,-1.4778067885117494,2.1305483028720626,0.41203703703703703,0.6180555555555556
112,0.1527777777777778,0.6118143459915611,0.24450065149076416,0.3153961136023916,0.8865740740740741,-1.4516971279373367,2.052219321148825,0.4097222222222222,0.6180555555555556
113,0.19212962962962962,0.6118143459915611,0.2924275005770796,0.34080717488789236,0.8865740740740741,-1.4986945169712793,2.0261096605744124,0.4513888888888889,0.6319444444444444
114,0.1574074074074074,0.6118143459915611,0.2503936208034943,0.3183856502242152,0.8865740740740741,-1.524804177545692,2.093994778067885,0.41898148148148145,0.6273148148148148
115,0.1527777777777778,0.6118143459915611,0.24450065149076416,0.3153961136023916,0.8865740740740741,-1.3968668407310705,2.0966057441253265,0.4074074074074074,0.6134259259259259
116,0.16666666666666666,0.6118143459915611,0.26196928635953026,0.3243647234678625,0.8865740740740741,-1.4386422976501305,2.023498694516971,0.4583333333333333,0.6226851851851852
117,0.15046296296296297,0.6118143459915611,0.2415273239797553,0.31390134529147984,0.8865740740740741,-1.475195822454308,2.039164490861619,0.46064814814814814,0.6342592592592593
118,0.13425925925925927,0.6118143459915611,0.2201974183750949,0.3034379671150972,0.8865740740740741,-1.4203655352480418,2.08355091383812,0.4444444444444444,0.625
119,0.16898148148148148,0.6118143459915611,0.264820304974919,0.32585949177877427,0.8865740740740741,-1.6161879895561357,2.1383812010443863,0.4305555555555556,0.6157407407407407
120,0.16435185185185186,0.6118143459915611,0.25910126215913526,0.32286995515695066,0.8865740740740741,-1.3968668407310705,2.0757180156657964,0.44675925925925924,0.6412037037037037
121,0.16203703703703703,0.6118143459915611,0.2562160797677647,0.3213751868460389,0.8865740740740741,-1.4908616187989556,2.044386422976501,0.41898148148148145,0.6365740740740741
122,0.15046296296296297,0.6118143459915611,0.2415273239797553,0.31390134529147984,0.8865740740740741,-1.5404699738903394,2.1148825065274153,0.41203703703703703,0.6226851851851852
123,0.18518518518518517,0.6118143459915611,0.284313725490196,0.336322869955157,0.8865740740740741,-1.2950391644908616,1.9530026109660574,0.4537037037037037,0.6365740740740741
124,0.18518518518518517,0.6118143459915611,0.284313725490196,0.336322869955157,0.8865740740740741,-1.4543080939947781,2.0757180156657964,0.42592592592592593,0.625
125,0.16203703703703703,0.6118143459915611,0.2562160797677647,0.3213751868460389,0.8865740740740741,-1.3942558746736293,2.0678851174934727,0.44907407407407407,0.6180555555555556
126,0.1712962962962963,0.6118143459915611,0.26765446880690463,0.3273542600896861,0.8865740740740741,-1.514360313315927,2.06266318537859,0.4375,0.6064814814814815
127,0.18518518518518517,0.6118143459915611,0.284313725490196,0.336322869955157,0.8865740740740741,-1.4490861618798956,1.9817232375979112,0.45601851851851855,0.6435185185185185
128,0.1527777777777778,0.6118143459915611,0.24450065149076416,0.3153961136023916,0.8865740740740741,-1.4281984334203655,2.033942558746736,0.4398148148148148,0.6550925925925926
129,0.1574074074074074,0.6118143459915611,0.2503936208034943,0.3183856502242152,0.8865740740740741,-1.4960835509138382,2.195822454308094,0.4236111111111111,0.6064814814814815
130,0.16666666666666666,0.6118143459915611,0.26196928635953026,0.3243647234678625,0.8865740740740741,-1.485639686684073,2.122715404699739,0.4398148148148148,0.6296296296296297
131,0.1550925925925926,0.6118143459915611,0.24745602975076095,0.31689088191330345,0.8865740740740741,-1.5091383812010444,2.0992167101827675,0.4351851851851852,0.6203703703703703
132,0.17592592592592593,0.6118143459915611,0.27327282646431583,0.3303437967115097,0.8865740740740741,-1.3759791122715406,2.0548302872062663,0.4398148148148148,0.6435185185185185
133,0.16203703703703703,0.6118143459915611,0.2562160797677647,0.3213751868460389,0.8865740740740741,-1.6005221932114881,2.112271540469974,0.41435185185185186,0.6064814814814815
134,0.16666666666666666,0.6118143459915611,0.26196928635953026,0.3243647234678625,0.8865740740740741,-1.4543080939947781,2.0548302872062663,0.4513888888888889,0.6226851851851852
135,0.16435185185185186,0.6118143459915611,0.25910126215913526,0.32286995515695066,0.8865740740740741,-1.5013054830287207,2.1801566579634466,0.41203703703703703,0.6041666666666666
136,0.1550925925925926,0.6118143459915611,0.24745602975076095,0.31689088191330345,0.8865740740740741,-1.4151436031331592,2.1096605744125325,0.4513888888888889,0.5995370370370371
137,0.16435185185185186,0.6118143459915611,0.25910126215913526,0.32286995515695066,0.8865740740740741,-1.4647519582245432,2.0026109660574414,0.46064814814814814,0.6180555555555556
138,0.1712962962962963,0.6118143459915611,0.26765446880690463,0.3273542600896861,0.8865740740740741,-1.5796344647519582,2.0182767624020888,0.43287037037037035,0.6180555555555556
139,0.1527777777777778,0.6118143459915611,0.24450065149076416,0.3153961136023916,0.8865740740740741,-1.4281984334203655,2.028720626631854,0.4305555555555556,0.6435185185185185
140,0.14351851851851852,0.6118143459915611,0.23249799570693358,0.3094170403587444,0.8865740740740741,-1.441253263707572,2.0678851174934727,0.42592592592592593,0.6319444444444444
141,0.1550925925925926,0.6118143459915611,0.24745602975076095,0.31689088191330345,0.8865740740740741,-1.443864229765013,2.0757180156657964,0.44675925925925924,0.6296296296296297
142,0.17824074074074073,0.6118143459915611,0.27605731310808634,0.33183856502242154,0.8865740740740741,-1.2454308093994777,2.023498694516971,0.46296296296296297,0.6365740740740741
143,0.17824074074074073,0.6118143459915611,0.27605731310808634,0.33183856502242154,0.8865740740740741,-1.5691906005221932,2.101827676240209,0.41898148148148145,0.6134259259259259
144,0.16666666666666666,0.6118143459915611,0.26196928635953026,0.3243647234678625,0.8865740740740741,-1.4908616187989556,2.0966057441253265,0.4351851851851852,0.6296296296296297
145,0.14351851851851852,0.6118143459915611,0.23249799570693358,0.3094170403587444,0.8865740740740741,-1.524804177545692,2.151436031331593,0.43287037037037035,0.6226851851851852
146,0.17824074074074073,0.6118143459915611,0.27605731310808634,0.33183856502242154,0.8865740740740741,-1.3133159268929504,2.0652741514360313,0.44212962962962965,0.6319444444444444
147,0.1736111111111111,0.6118143459915611,0.2704719268793136,0.32884902840059793,0.8865740740740741,-1.4386422976501305,2.0130548302872064,0.4513888888888889,0.6203703703703703
148,0.1527777777777778,0.6118143459915611,0.24450065149076416,0.3153961136023916,0.8865740740740741,-1.4255874673629243,2.10443864229765,0.4212962962962963,0.6134259259259259
149,0.15046296296296297,0.6118143459915611,0.2415273239797553,0.31390134529147984,0.8865740740740741,-1.4595300261096606,2.049608355091384,0.4351851851851852,0.6412037037037037
150,0.16435185185185186,0.6118143459915611,0.25910126215913526,0.32286995515695066,0.8865740740740741,-1.4255874673629243,2.02088772845953,0.4375,0.6319444444444444
151,0.1574074074074074,0.6118143459915611,0.2503936208034943,0.3183856502242152,0.8865740740740741,-1.5509138381201044,2.151436031331593,0.42824074074074076,0.6018518518518519
152,0.16435185185185186,0.6118143459915611,0.25910126215913526,0.32286995515695066,0.8865740740740741,-1.441253263707572,1.9791122715404699,0.4513888888888889,0.6365740740740741
153,0.1736111111111111,0.6118143459915611,0.2704719268793136,0.32884902840059793,0.8865740740740741,-1.4699738903394255,2.023498694516971,0.44675925925925924,0.6365740740740741
154,0.1736111111111111,0.6118143459915611,0.2704719268793136,0.32884902840059793,0.8865740740740741,-1.3864229765013054,2.101827676240209,0.43287037037037035,0.6180555555555556
155,0.16203703703703703,0.6118143459915611,0.2562160797677647,0.3213751868460389,0.8865740740740741,-1.5300261096605745,2.0365535248041775,0.43287037037037035,0.6296296296296297
156,0.1736111111111111,0.6118143459915611,0.2704719268793136,0.32884902840059793,0.8865740740740741,-1.650130548302872,2.0678851174934727,0.4236111111111111,0.6388888888888888
157,0.14814814814814814,0.6118143459915611,0.23853588319967095,0.312406576980568,0.8865740740740741,-1.6057441253263707,2.1070496083550916,0.42824074074074076,0.6111111111111112
158,0.16203703703703703,0.6118143459915611,0.2562160797677647,0.3213751868460389,0.8865740740740741,-1.6031331592689295,2.161879895561358,0.4375,0.6064814814814815
159,0.16666666666666666,0.6118143459915611,0.26196928635953026,0.3243647234678625,0.8865740740740741,-1.5483028720626633,2.0809399477806787,0.4398148148148148,0.6365740740740741
160,0.16666666666666666,0.6118143459915611,0.26196928635953026,0.3243647234678625,0.8865740740740741,-1.402088772845953,2.028720626631854,0.4675925925925926,0.6365740740740741
161,0.18981481481481483,0.6118143459915611,0.2897385286448815,0.3393124065769806,0.8865740740740741,-1.3785900783289817,1.9791122715404699,0.45601851851851855,0.6388888888888888
162,0.1736111111111111,0.6118143459915611,0.2704719268793136,0.32884902840059793,0.8865740740740741,-1.4360313315926894,2.0156657963446474,0.45601851851851855,0.6342592592592593
163,0.17824074074074073,0.6118143459915611,0.27605731310808634,0.33183856502242154,0.8865740740740741,-1.4778067885117494,2.02088772845953,0.46296296296296297,0.625
164,0.14583333333333334,0.6118143459915611,0.2355261631279731,0.3109118086696562,0.8865740740740741,-1.4647519582245432,2.122715404699739,0.4351851851851852,0.6180555555555556
165,0.18055555555555555,0.6118143459915611,0.27882553065601656,0.3333333333333333,0.8865740740740741,-1.4099216710182767,2.0469973890339426,0.4305555555555556,0.6296296296296297
166,0.16435185185185186,0.6118143459915611,0.25910126215913526,0.32286995515695066,0.8865740740740741,-1.4725848563968669,2.0783289817232378,0.4444444444444444,0.6203703703703703
167,0.14351851851851852,0.6118143459915611,0.23249799570693358,0.3094170403587444,0.8865740740740741,-1.3681462140992167,2.088772845953003,0.41203703703703703,0.6203703703703703
168,0.15046296296296297,0.6118143459915611,0.2415273239797553,0.31390134529147984,0.8865740740740741,-1.4778067885117494,2.135770234986945,0.4212962962962963,0.6157407407407407
169,0.1597222222222222,0.6118143459915611,0.25331358474801563,0.31988041853512705,0.8865740740740741,-1.4386422976501305,2.0704960835509136,0.4050925925925926,0.6319444444444444
170,0.1574074074074074,0.6118143459915611,0.2503936208034943,0.3183856502242152,0.8865740740740741,-1.3420365535248042,1.9373368146214098,0.44907407407407407,0.6574074074074074
171,0.18055555555555555,0.6118143459915611,0.27882553065601656,0.3333333333333333,0.8865740740740741,-1.433420365535248,2.0809399477806787,0.41435185185185186,0.6342592592592593
172,0.17592592592592593,0.6118143459915611,0.27327282646431583,0.3303437967115097,0.8865740740740741,-1.433420365535248,2.060052219321149,0.41898148148148145,0.6018518518518519
173,0.18518518518518517,0.6118143459915611,0.284313725490196,0.336322869955157,0.8865740740740741,-1.524804177545692,2.08355091383812,0.4351851851851852,0.625
174,0.16666666666666666,0.6118143459915611,0.26196928635953026,0.3243647234678625,0.8865740740740741,-1.3812010443864229,2.0704960835509136,0.43287037037037035,0.6041666666666666
175,0.16666666666666666,0.6118143459915611,0.26196928635953026,0.3243647234678625,0.8865740740740741,-1.5221932114882506,2.0704960835509136,0.44675925925925924,0.6365740740740741
176,0.1527777777777778,0.6118143459915611,0.24450065149076416,0.3153961136023916,0.8865740740740741,-1.4986945169712793,2.0365535248041775,0.4583333333333333,0.6134259259259259
177,0.16666666666666666,0.6118143459915611,0.26196928635953026,0.3243647234678625,0.8865740740740741,-1.5430809399477807,2.1070496083550916,0.44212962962962965,0.6273148148148148
178,0.18518518518518517,0.6118143459915611,0.284313725490196,0.336322869955157,0.8865740740740741,-1.4386422976501305,1.9973890339425588,0.4513888888888889,0.6388888888888888
179,0.19907407407407407,0.6118143459915611,0.30040230300402304,0.3452914798206278,0.8865740740740741,-1.4986945169712793,2.0992167101827675,0.44212962962962965,0.6203703703703703
180,0.1736111111111111,0.6118143459915611,0.2704719268793136,0.32884902840059793,0.8865740740740741,-1.4464751958224542,2.0052219321148823,0.4699074074074074,0.625
181,0.18287037037037038,0.6118143459915611,0.28157762127748487,0.33482810164424515,0.8865740740740741,-1.597911227154047,2.052219321148825,0.4513888888888889,0.6226851851851852
182,0.16435185185185186,0.6118143459915611,0.25910126215913526,0.32286995515695066,0.8865740740740741,-1.349869451697128,2.033942558746736,0.44212962962962965,0.6226851851851852
183,0.12268518518518519,0.6118143459915611,0.20438557997898962,0.29596412556053814,0.8865740740740741,-1.4595300261096606,2.1592689295039165,0.3888888888888889,0.6087962962962963
184,0.15046296296296297,0.6118143459915611,0.2415273239797553,0.31390134529147984,0.8865740740740741,-1.433420365535248,2.1279373368146213,0.43287037037037035,0.6226851851851852
185,0.1550925925925926,0.6118143459915611,0.24745602975076095,0.31689088191330345,0.8865740740740741,-1.4647519582245432,2.060052219321149,0.41898148148148145,0.6180555555555556
186,0.1736111111111111,0.6118143459915611,0.2704719268793136,0.32884902840059793,0.8865740740740741,-1.4934725848563968,1.9791122715404699,0.4583333333333333,0.6319444444444444
187,0.18055555555555555,0.6118143459915611,0.27882553065601656,0.3333333333333333,0.8865740740740741,-1.3368146214099217,2.0052219321148823,0.4652777777777778,0.6342592592592593
188,0.16435185185185186,0.6118143459915611,0.25910126215913526,0.32286995515695066,0.8865740740740741,-1.516971279373368,2.1592689295039165,0.42592592592592593,0.5949074074074074
189,0.15046296296296297,0.6118143459915611,0.2415273239797553,0.31390134529147984,0.8865740740740741,-1.5013054830287207,2.0652741514360313,0.4398148148148148,0.6203703703703703
190,0.16435185185185186,0.6118143459915611,0.25910126215913526,0.32286995515695066,0.8865740740740741,-1.4177545691906006,2.060052219321149,0.42592592592592593,0.6273148148148148
191,0.14351851851851852,0.6118143459915611,0.23249799570693358,0.3094170403587444,0.8865740740740741,-1.5013054830287207,2.216710182767624,0.4212962962962963,0.6111111111111112
192,0.1712962962962963,0.6118143459915611,0.26765446880690463,0.3273542600896861,0.8865740740740741,-1.4960835509138382,2.0861618798955615,0.43287037037037035,0.6064814814814815
193,0.1550925925925926,0.6118143459915611,0.24745602975076095,0.31689088191330345,0.8865740740740741,-1.475195822454308,2.1279373368146213,0.41898148148148145,0.6226851851851852
194,0.1597222222222222,0.6118143459915611,0.25331358474801563,0.31988041853512705,0.8865740740740741,-1.5117493472584855,2.122715404699739,0.44212962962962965,0.6041666666666666
195,0.1574074074074074,0.6118143459915611,0.2503936208034943,0.3183856502242152,0.8865740740740741,-1.422976501305483,2.1279373368146213,0.42592592592592593,0.6111111111111112
196,0.1527777777777778,0.6118143459915611,0.24450065149076416,0.3153961136023916,0.8865740740740741,-1.7415143603133159,2.174934725848564,0.4074074074074074,0.625
197,0.16203703703703703,0.6118143459915611,0.2562160797677647,0.3213751868460389,0.8865740740740741,-1.5039164490861618,2.0417754569190603,0.4537037037037037,0.6365740740740741
198,0.1574074074074074,0.6118143459915611,0.2503936208034943,0.3183856502242152,0.8865740740740741,-1.4647519582245432,2.101827676240209,0.4236111111111111,0.6157407407407407
199,0.1736111111111111,0.6118143459915611,0.2704719268793136,0.32884902840059793,0.8865740740740741,-1.4490861618798956,2.023498694516971,0.4375,0.6365740740740741
200,0.15046296296296297,0.6118143459915611,0.2415273239797553,0.31390134529147984,0.8865740740740741,-1.443864229765013,2.1070496083550916,0.44675925925925924,0.6365740740740741
201,0.1875,0.6118143459915611,0.28703398218409765,0.33781763826606875,0.8865740740740741,-1.4804177545691906,1.9921671018276763,0.44675925925925924,0.625
202,0.1574074074074074,0.6118143459915611,0.2503936208034943,0.3183856502242152,0.8865740740740741,-1.3994778067885119,2.031331592689295,0.45601851851851855,0.6203703703703703
203,0.18055555555555555,0.6118143459915611,0.27882553065601656,0.3333333333333333,0.8865740740740741,-1.4647519582245432,2.0130548302872064,0.4513888888888889,0.6388888888888888
204,0.16435185185185186,0.6118143459915611,0.25910126215913526,0.32286995515695066,0.8865740740740741,-1.443864229765013,2.1070496083550916,0.44212962962962965,0.6157407407407407
205,0.19675925925925927,0.6118143459915611,0.29775925590384733,0.34379671150971597,0.8865740740740741,-1.2558746736292428,2.133159268929504,0.4097222222222222,0.6041666666666666
206,0.1712962962962963,0.6118143459915611,0.26765446880690463,0.3273542600896861,0.8865740740740741,-1.3733681462140992,2.06266318537859,0.4513888888888889,0.6296296296296297
207,0.1736111111111111,0.6118143459915611,0.2704719268793136,0.32884902840059793,0.8865740740740741,-1.514360313315927,2.0574412532637076,0.45601851851851855,0.6111111111111112
208,0.16898148148148148,0.6118143459915611,0.264820304974919,0.32585949177877427,0.8865740740740741,-1.4647519582245432,2.1383812010443863,0.4074074074074074,0.6180555555555556
209,0.15046296296296297,0.6118143459915611,0.2415273239797553,0.31390134529147984,0.8865740740740741,-1.4804177545691906,2.023498694516971,0.4305555555555556,0.6273148148148148
210,0.1574074074074074,0.6118143459915611,0.2503936208034943,0.3183856502242152,0.8865740740740741,-1.4046997389033942,2.02088772845953,0.47453703703703703,0.6388888888888888
211,0.16898148148148148,0.6118143459915611,0.264820304974919,0.32585949177877427,0.8865740740740741,-1.4621409921671018,2.0469973890339426,0.4513888888888889,0.6319444444444444
212,0.17824074074074073,0.6118143459915611,0.27605731310808634,0.33183856502242154,0.8865740740740741,-1.4804177545691906,2.0026109660574414,0.46296296296296297,0.6296296296296297
213,0.14814814814814814,0.6118143459915611,0.23853588319967095,0.312406576980568,0.8865740740740741,-1.5456919060052219,2.0678851174934727,0.44212962962962965,0.625
214,0.18287037037037038,0.6118143459915611,0.28157762127748487,0.33482810164424515,0.8865740740740741,-1.3890339425587468,2.08355091383812,0.46064814814814814,0.6157407407407407
215,0.13425925925925927,0.6118143459915611,0.2201974183750949,0.3034379671150972,0.8865740740740741,-1.6031331592689295,2.177545691906005,0.3888888888888889,0.6180555555555556
216,0.1712962962962963,0.6118143459915611,0.26765446880690463,0.3273542600896861,0.8865740740740741,-1.483028720626632,2.0365535248041775,0.4398148148148148,0.6273148148148148
217,0.16435185185185186,0.6118143459915611,0.25910126215913526,0.32286995515695066,0.8865740740740741,-1.4934725848563968,1.9947780678851175,0.4583333333333333,0.625
218,0.16898148148148148,0.6118143459915611,0.264820304974919,0.32585949177877427,0.8865740740740741,-1.4778067885117494,2.0261096605744124,0.4513888888888889,0.6157407407407407
219,0.1527777777777778,0.6118143459915611,0.24450065149076416,0.3153961136023916,0.8865740740740741,-1.4934725848563968,2.1409921671018277,0.44212962962962965,0.6087962962962963
220,0.16898148148148148,0.6118143459915611,0.264820304974919,0.32585949177877427,0.8865740740740741,-1.4569190600522193,2.0365535248041775,0.4351851851851852,0.6157407407407407
221,0.17824074074074073,0.6118143459915611,0.27605731310808634,0.33183856502242154,0.8865740740740741,-1.4073107049608355,2.0704960835509136,0.4375,0.6134259259259259
222,0.1527777777777778,0.6118143459915611,0.24450065149076416,0.3153961136023916,0.8865740740740741,-1.360313315926893,2.1592689295039165,0.4050925925925926,0.6111111111111112
223,0.17824074074074073,0.6118143459915611,0.27605731310808634,0.33183856502242154,0.8865740740740741,-1.483028720626632,2.06266318537859,0.4351851851851852,0.6180555555555556
224,0.16666666666666666,0.6118143459915611,0.26196928635953026,0.3243647234678625,0.8865740740740741,-1.475195822454308,2.122715404699739,0.4375,0.6203703703703703
225,0.16666666666666666,0.6118143459915611,0.26196928635953026,0.3243647234678625,0.8865740740740741,-1.3420365535248042,2.073107049608355,0.4513888888888889,0.6134259259259259
226,0.14351851851851852,0.6118143459915611,0.23249799570693358,0.3094170403587444,0.8865740740740741,-1.422976501305483,2.112271540469974,0.4444444444444444,0.6365740740740741
227,0.18055555555555555,0.6118143459915611,0.27882553065601656,0.3333333333333333,0.8865740740740741,-1.4960835509138382,1.9921671018276763,0.4675925925925926,0.6412037037037037
228,0.16898148148148148,0.6118143459915611,0.264820304974919,0.32585949177877427,0.8865740740740741,-1.402088772845953,2.0913838120104438,0.4444444444444444,0.6203703703703703
229,0.16435185185185186,0.6118143459915611,0.25910126215913526,0.32286995515695066,0.8865740740740741,-1.4647519582245432,2.028720626631854,0.46064814814814814,0.6226851851851852
230,0.1875,0.6118143459915611,0.28703398218409765,0.33781763826606875,0.8865740740740741,-1.5326370757180157,1.9765013054830287,0.47685185185185186,0.6296296296296297
231,0.1712962962962963,0.6118143459915611,0.26765446880690463,0.3273542600896861,0.8865740740740741,-1.4934725848563968,2.1148825065274153,0.41898148148148145,0.6018518518518519
232,0.1574074074074074,0.6118143459915611,0.2503936208034943,0.3183856502242152,0.8865740740740741,-1.5718015665796345,2.1305483028720626,0.4236111111111111,0.6134259259259259
233,0.16203703703703703,0.6118143459915611,0.2562160797677647,0.3213751868460389,0.8865740740740741,-1.4308093994778068,2.0678851174934727,0.4212962962962963,0.6412037037037037
234,0.16435185185185186,0.6118143459915611,0.25910126215913526,0.32286995515695066,0.8865740740740741,-1.5013054830287207,1.9973890339425588,0.4444444444444444,0.6388888888888888
235,0.14814814814814814,0.6118143459915611,0.23853588319967095,0.312406576980568,0.8865740740740741,-1.4543080939947781,2.0704960835509136,0.4166666666666667,0.6412037037037037
236,0.1736111111111111,0.6118143459915611,0.2704719268793136,0.32884902840059793,0.8865740740740741,-1.2140992167101827,1.9973890339425588,0.4236111111111111,0.6365740740740741
237,0.15046296296296297,0.6118143459915611,0.2415273239797553,0.31390134529147984,0.8865740740740741,-1.629242819843342,2.16710182767624,0.41898148148148145,0.6041666666666666
238,0.12962962962962962,0.6118143459915611,0.2139319211718832,0.3004484304932735,0.8865740740740741,-1.4621409921671018,2.177545691906005,0.4027777777777778,0.6018518518518519
239,0.15046296296296297,0.6118143459915611,0.2415273239797553,0.31390134529147984,0.8865740740740741,-1.475195822454308,2.133159268929504,0.3888888888888889,0.5995370370370371
240,0.16666666666666666,0.6118143459915611,0.26196928635953026,0.3243647234678625,0.8865740740740741,-1.5065274151436032,2.1697127937336815,0.4166666666666667,0.5972222222222222
241,0.1736111111111111,0.6118143459915611,0.2704719268793136,0.32884902840059793,0.8865740740740741,-1.4490861618798956,1.9817232375979112,0.4583333333333333,0.6273148148148148
242,0.14583333333333334,0.6118143459915611,0.2355261631279731,0.3109118086696562,0.8865740740740741,-1.5796344647519582,2.174934725848564,0.4236111111111111,0.6226851851851852
243,0.16203703703703703,0.6118143459915611,0.2562160797677647,0.3213751868460389,0.8865740740740741,-1.5117493472584855,2.122715404699739,0.4074074074074074,0.6157407407407407
244,0.1597222222222222,0.6118143459915611,0.25331358474801563,0.31988041853512705,0.8865740740740741,-1.422976501305483,2.044386422976501,0.44907407407407407,0.6388888888888888
245,0.1712962962962963,0.6118143459915611,0.26765446880690463,0.3273542600896861,0.8865740740740741,-1.5195822454308094,2.0574412532637076,0.4398148148148148,0.6296296296296297
246,0.1736111111111111,0.6118143459915611,0.2704719268793136,0.32884902840059793,0.8865740740740741,-1.4360313315926894,2.088772845953003,0.4305555555555556,0.6134259259259259
247,0.1875,0.6118143459915611,0.28703398218409765,0.33781763826606875,0.8865740740740741,-1.5117493472584855,2.023498694516971,0.4675925925925926,0.6296296296296297
248,0.18055555555555555,0.6118143459915611,0.27882553065601656,0.3333333333333333,0.8865740740740741,-1.4308093994778068,2.0365535248041775,0.43287037037037035,0.6226851851851852
249,0.17592592592592593,0.6118143459915611,0.27327282646431583,0.3303437967115097,0.8865740740740741,-1.4569190600522193,1.9947780678851175,0.4583333333333333,0.6504629629629629
250,0.1527777777777778,0.6118143459915611,0.24450065149076416,0.3153961136023916,0.8865740740740741,-1.5274151436031331,2.1488250652741514,0.4097222222222222,0.6157407407407407
251,0.1527777777777778,0.6118143459915611,0.24450065149076416,0.3153961136023916,0.8865740740740741,-1.3759791122715406,2.0966057441253265,0.4537037037037037,0.6111111111111112
252,0.14351851851851852,0.6118143459915611,0.23249799570693358,0.3094170403587444,0.8865740740740741,-1.5639686684073106,2.1279373368146213,0.43287037037037035,0.6134259259259259
253,0.13657407407407407,0.6118143459915611,0.22330109758166605,0.30493273542600896,0.8865740740740741,-1.4151436031331592,2.088772845953003,0.4444444444444444,0.6157407407407407
254,0.1574074074074074,0.6118143459915611,0.2503936208034943,0.3183856502242152,0.8865740740740741,-1.516971279373368,2.164490861618799,0.4166666666666667,0.6111111111111112
255,0.14351851851851852,0.6118143459915611,0.23249799570693358,0.3094170403587444,0.8865740740740741,-1.433420365535248,2.216710182767624,0.4212962962962963,0.6041666666666666
256,0.1574074074074074,0.6118143459915611,0.2503936208034943,0.3183856502242152,0.8865740740740741,-1.5039164490861618,2.073107049608355,0.43287037037037035,0.6134259259259259
257,0.1597222222222222,0.6118143459915611,0.25331358474801563,0.31988041853512705,0.8865740740740741,-1.3550913838120104,2.049608355091384,0.44212962962962965,0.6319444444444444
258,0.2037037037037037,0.6118143459915611,0.30564338411420905,0.3482810164424514,0.8865740740740741,-1.3785900783289817,1.9791122715404699,0.44212962962962965,0.6412037037037037
259,0.16203703703703703,0.6118143459915611,0.2562160797677647,0.3213751868460389,0.8865740740740741,-1.4569190600522193,2.073107049608355,0.41203703703703703,0.6273148148148148
260,0.1736111111111111,0.6118143459915611,0.2704719268793136,0.32884902840059793,0.8865740740740741,-1.433420365535248,1.9765013054830287,0.42824074074074076,0.6365740740740741
261,0.1736111111111111,0.6118143459915611,0.2704719268793136,0.32884902840059793,0.8865740740740741,-1.4099216710182767,2.0261096605744124,0.4351851851851852,0.6319444444444444
262,0.18518518518518517,0.6118143459915611,0.284313725490196,0.336322869955157,0.8865740740740741,-1.3681462140992167,1.9634464751958225,0.4675925925925926,0.6365740740740741
263,0.1574074074074074,0.6118143459915611,0.2503936208034943,0.3183856502242152,0.8865740740740741,-1.5691906005221932,2.154046997389034,0.4166666666666667,0.6203703703703703
264,0.19212962962962962,0.6118143459915611,0.2924275005770796,0.34080717488789236,0.8865740740740741,-1.4569190600522193,1.95822454308094,0.49537037037037035,0.6597222222222222
265,0.18055555555555555,0.6118143459915611,0.27882553065601656,0.3333333333333333,0.8865740740740741,-1.629242819843342,2.1201044386422976,0.4444444444444444,0.6087962962962963
266,0.17592592592592593,0.6118143459915611,0.27327282646431583,0.3303437967115097,0.8865740740740741,-1.4255874673629243,2.0469973890339426,0.42592592592592593,0.6134259259259259
267,0.16203703703703703,0.6118143459915611,0.2562160797677647,0.3213751868460389,0.8865740740740741,-1.3655352480417755,2.023498694516971,0.4444444444444444,0.6435185185185185
268,0.1597222222222222,0.6118143459915611,0.25331358474801563,0.31988041853512705,0.8865740740740741,-1.360313315926893,2.039164490861619,0.41898148148148145,0.6203703703703703
269,0.1597222222222222,0.6118143459915611,0.25331358474801563,0.31988041853512705,0.8865740740740741,-1.4281984334203655,2.1801566579634466,0.4166666666666667,0.6041666666666666
270,0.1736111111111111,0.6118143459915611,0.2704719268793136,0.32884902840059793,0.8865740740740741,-1.4725848563968669,2.031331592689295,0.47453703703703703,0.6412037037037037
271,0.18055555555555555,0.6118143459915611,0.27882553065601656,0.3333333333333333,0.8865740740740741,-1.402088772845953,2.0130548302872064,0.46296296296296297,0.6342592592592593
272,0.1712962962962963,0.6118143459915611,0.26765446880690463,0.3273542600896861,0.8865740740740741,-1.5744125326370757,2.1279373368146213,0.42824074074074076,0.6157407407407407
273,0.1574074074074074,0.6118143459915611,0.2503936208034943,0.3183856502242152,0.8865740740740741,-1.6135770234986946,2.1932114882506526,0.43287037037037035,0.6041666666666666
274,0.1712962962962963,0.6118143459915611,0.26765446880690463,0.3273542600896861,0.8865740740740741,-1.4569190600522193,2.031331592689295,0.47453703703703703,0.6435185185185185
275,0.1712962962962963,0.6118143459915611,0.26765446880690463,0.3273542600896861,0.8865740740740741,-1.5483028720626633,2.0548302872062663,0.4652777777777778,0.625
276,0.16203703703703703,0.6118143459915611,0.2562160797677647,0.3213751868460389,0.8865740740740741,-1.5378590078328982,2.0182767624020888,0.4398148148148148,0.6273148148148148
277,0.14814814814814814,0.6118143459915611,0.23853588319967095,0.312406576980568,0.8865740740740741,-1.5039164490861618,2.14621409921671,0.41898148148148145,0.6087962962962963
278,0.16203703703703703,0.6118143459915611,0.2562160797677647,0.3213751868460389,0.8865740740740741,-1.5456919060052219,2.0417754569190603,0.42824074074074076,0.6458333333333334
279,0.19675925925925927,0.6118143459915611,0.29775925590384733,0.34379671150971597,0.8865740740740741,-1.5221932114882506,1.9921671018276763,0.4398148148148148,0.625
280,0.16898148148148148,0.6118143459915611,0.264820304974919,0.32585949177877427,0.8865740740740741,-1.4490861618798956,2.0757180156657964,0.43287037037037035,0.6296296296296297
281,0.1527777777777778,0.6118143459915611,0.24450065149076416,0.3153961136023916,0.8865740740740741,-1.4960835509138382,2.049608355091384,0.44675925925925924,0.6342592592592593
282,0.18518518518518517,0.6118143459915611,0.284313725490196,0.336322869955157,0.8865740740740741,-1.4516971279373367,2.0783289817232378,0.4513888888888889,0.6273148148148148
283,0.18518518518518517,0.6118143459915611,0.284313725490196,0.336322869955157,0.8865740740740741,-1.3994778067885119,1.9530026109660574,0.4699074074074074,0.6550925925925926
284,0.1597222222222222,0.6118143459915611,0.25331358474801563,0.31988041853512705,0.8865740740740741,-1.3968668407310705,2.049608355091384,0.4675925925925926,0.6388888888888888
285,0.16898148148148148,0.6118143459915611,0.264820304974919,0.32585949177877427,0.8865740740740741,-1.4073107049608355,2.0548302872062663,0.4444444444444444,0.6273148148148148
286,0.14583333333333334,0.6118143459915611,0.2355261631279731,0.3109118086696562,0.8865740740740741,-1.4673629242819843,2.0052219321148823,0.4537037037037037,0.6435185185185185
287,0.14351851851851852,0.6118143459915611,0.23249799570693358,0.3094170403587444,0.8865740740740741,-1.443864229765013,2.117493472584856,0.4375,0.6180555555555556
288,0.16203703703703703,0.6118143459915611,0.2562160797677647,0.3213751868460389,0.8865740740740741,-1.5117493472584855,2.154046997389034,0.43287037037037035,0.5879629629629629
289,0.1597222222222222,0.6118143459915611,0.25331358474801563,0.31988041853512705,0.8865740740740741,-1.5013054830287207,2.0652741514360313,0.4351851851851852,0.6180555555555556
290,0.19444444444444445,0.6118143459915611,0.2951010321267626,0.3423019431988042,0.8865740740740741,-1.5613577023498695,2.031331592689295,0.4513888888888889,0.6180555555555556
291,0.1574074074074074,0.6118143459915611,0.2503936208034943,0.3183856502242152,0.8865740740740741,-1.4464751958224542,2.088772845953003,0.44675925925925924,0.6319444444444444
292,0.16435185185185186,0.6118143459915611,0.25910126215913526,0.32286995515695066,0.8865740740740741,-1.3394255874673628,2.033942558746736,0.44212962962962965,0.6296296296296297
293,0.17592592592592593,0.6118143459915611,0.27327282646431583,0.3303437967115097,0.8865740740740741,-1.4073107049608355,1.9869451697127938,0.4675925925925926,0.6458333333333334
294,0.17592592592592593,0.6118143459915611,0.27327282646431583,0.3303437967115097,0.8865740740740741,-1.4908616187989556,2.0809399477806787,0.4675925925925926,0.6226851851851852
295,0.1597222222222222,0.6118143459915611,0.25331358474801563,0.31988041853512705,0.8865740740740741,-1.4725848563968669,2.0469973890339426,0.4513888888888889,0.6296296296296297
296,0.14814814814814814,0.6118143459915611,0.23853588319967095,0.312406576980568,0.8865740740740741,-1.3942558746736293,2.073107049608355,0.4444444444444444,0.6203703703703703
297,0.16666666666666666,0.6118143459915611,0.26196928635953026,0.3243647234678625,0.8865740740740741,-1.4490861618798956,1.9660574412532636,0.4351851851851852,0.6273148148148148
298,0.2013888888888889,0.6118143459915611,0.30303030303030304,0.34678624813153963,0.8865740740740741,-1.5326370757180157,1.9869451697127938,0.4652777777777778,0.6412037037037037
299,0.1597222222222222,0.6118143459915611,0.25331358474801563,0.31988041853512705,0.8865740740740741,-1.360313315926893,2.0966057441253265,0.46064814814814814,0.6180555555555556
300,0.15046296296296297,0.6118143459915611,0.2415273239797553,0.31390134529147984,0.8865740740740741,-1.577023498694517,2.1879895561357703,0.4027777777777778,0.5995370370370371
301,0.1412037037037037,0.6118143459915611,0.22945121081235326,0.30792227204783257,0.8865740740740741,-1.4934725848563968,2.093994778067885,0.4212962962962963,0.6157407407407407
302,0.1550925925925926,0.6118143459915611,0.24745602975076095,0.31689088191330345,0.8865740740740741,-1.5221932114882506,2.1592689295039165,0.4212962962962963,0.6087962962962963
303,0.1527777777777778,0.6118143459915611,0.24450065149076416,0.3153961136023916,0.8865740740740741,-1.597911227154047,2.1096605744125325,0.41898148148148145,0.6319444444444444
304,0.18055555555555555,0.6118143459915611,0.27882553065601656,0.3333333333333333,0.8865740740740741,-1.5378590078328982,2.039164490861619,0.4537037037037037,0.6435185185185185
305,0.16666666666666666,0.6118143459915611,0.26196928635953026,0.3243647234678625,0.8865740740740741,-1.6109660574412532,2.101827676240209,0.43287037037037035,0.6087962962962963
306,0.1597222222222222,0.6118143459915611,0.25331358474801563,0.31988041853512705,0.8865740740740741,-1.4543080939947781,2.028720626631854,0.44907407407407407,0.6296296296296297
307,0.14814814814814814,0.6118143459915611,0.23853588319967095,0.312406576980568,0.8865740740740741,-1.4908616187989556,2.1070496083550916,0.4305555555555556,0.6064814814814815
308,0.18518518518518517,0.6118143459915611,0.284313725490196,0.336322869955157,0.8865740740740741,-1.5535248041775458,2.0130548302872064,0.4652777777777778,0.6342592592592593
309,0.1736111111111111,0.6118143459915611,0.2704719268793136,0.32884902840059793,0.8865740740740741,-1.524804177545692,2.088772845953003,0.42824074074074076,0.6296296296296297
310,0.1527777777777778,0.6118143459915611,0.24450065149076416,0.3153961136023916,0.8865740740740741,-1.6214099216710183,2.1383812010443863,0.4212962962962963,0.6087962962962963
311,0.1597222222222222,0.6118143459915611,0.25331358474801563,0.31988041853512705,0.8865740740740741,-1.4490861618798956,2.0966057441253265,0.4212962962962963,0.6157407407407407
312,0.18287037037037038,0.6118143459915611,0.28157762127748487,0.33482810164424515,0.8865740740740741,-1.360313315926893,1.9138381201044385,0.4583333333333333,0.6412037037037037
313,0.14351851851851852,0.6118143459915611,0.23249799570693358,0.3094170403587444,0.8865740740740741,-1.5718015665796345,2.135770234986945,0.4212962962962963,0.6111111111111112
314,0.17824074074074073,0.6118143459915611,0.27605731310808634,0.33183856502242154,0.8865740740740741,-1.402088772845953,2.0704960835509136,0.4513888888888889,0.6273148148148148
315,0.1550925925925926,0.6118143459915611,0.24745602975076095,0.31689088191330345,0.8865740740740741,-1.485639686684073,2.0704960835509136,0.44212962962962965,0.6203703703703703
316,0.1597222222222222,0.6118143459915611,0.25331358474801563,0.31988041853512705,0.8865740740740741,-1.485639686684073,2.023498694516971,0.44675925925925924,0.6412037037037037
317,0.1574074074074074,0.6118143459915611,0.2503936208034943,0.3183856502242152,0.8865740740740741,-1.4543080939947781,2.0966057441253265,0.4305555555555556,0.6180555555555556
318,0.1574074074074074,0.6118143459915611,0.2503936208034943,0.3183856502242152,0.8865740740740741,-1.485639686684073,2.0913838120104438,0.4351851851851852,0.6273148148148148
319,0.1527777777777778,0.6118143459915611,0.24450065149076416,0.3153961136023916,0.8865740740740741,-1.4699738903394255,2.0548302872062663,0.4375,0.6226851851851852
320,0.19907407407407407,0.6118143459915611,0.30040230300402304,0.3452914798206278,0.8865740740740741,-1.475195822454308,2.060052219321149,0.4444444444444444,0.6087962962962963
321,0.14814814814814814,0.6118143459915611,0.23853588319967095,0.312406576980568,0.8865740740740741,-1.514360313315927,2.177545691906005,0.41435185185185186,0.6064814814814815
322,0.16666666666666666,0.6118143459915611,0.26196928635953026,0.3243647234678625,0.8865740740740741,-1.558746736292428,2.0757180156657964,0.4351851851851852,0.6296296296296297
323,0.16203703703703703,0.6118143459915611,0.2562160797677647,0.3213751868460389,0.8865740740740741,-1.4699738903394255,2.117493472584856,0.41203703703703703,0.6365740740740741
324,0.1712962962962963,0.6118143459915611,0.26765446880690463,0.3273542600896861,0.8865740740740741,-1.5013054830287207,2.0182767624020888,0.4513888888888889,0.6319444444444444
325,0.1597222222222222,0.6118143459915611,0.25331358474801563,0.31988041853512705,0.8865740740740741,-1.3942558746736293,2.1096605744125325,0.41898148148148145,0.6180555555555556
326,0.1527777777777778,0.6118143459915611,0.24450065149076416,0.3153961136023916,0.8865740740740741,-1.5718015665796345,2.1096605744125325,0.44907407407407407,0.6087962962962963
327,0.1597222222222222,0.6118143459915611,0.25331358474801563,0.31988041853512705,0.8865740740740741,-1.443864229765013,2.0548302872062663,0.4398148148148148,0.6226851851851852
328,0.16435185185185186,0.6118143459915611,0.25910126215913526,0.32286995515695066,0.8865740740740741,-1.4046997389033942,2.06266318537859,0.4351851851851852,0.6273148148148148
329,0.1574074074074074,0.6118143459915611,0.2503936208034943,0.3183856502242152,0.8865740740740741,-1.4908616187989556,2.112271540469974,0.4398148148148148,0.6319444444444444
330,0.1574074074074074,0.6118143459915611,0.2503936208034943,0.3183856502242152,0.8865740740740741,-1.3812010443864229,2.0026109660574414,0.46064814814814814,0.6342592592592593
331,0.16203703703703703,0.6118143459915611,0.2562160797677647,0.3213751868460389,0.8865740740740741,-1.4882506527415145,1.989556135770235,0.4351851851851852,0.6481481481481481
332,0.15046296296296297,0.6118143459915611,0.2415273239797553,0.31390134529147984,0.8865740740740741,-1.587467362924282,2.1932114882506526,0.3958333333333333,0.5902777777777778
333,0.16898148148148148,0.6118143459915611,0.264820304974919,0.32585949177877427,0.8865740740740741,-1.516971279373368,2.1279373368146213,0.4351851851851852,0.6157407407407407
334,0.18518518518518517,0.6118143459915611,0.284313725490196,0.336322869955157,0.8865740740740741,-1.2819843342036554,1.9765013054830287,0.4444444444444444,0.6412037037037037
335,0.1527777777777778,0.6118143459915611,0.24450065149076416,0.3153961136023916,0.8865740740740741,-1.3681462140992167,1.9425587467362924,0.46296296296296297,0.6435185185185185
336,0.16203703703703703,0.6118143459915611,0.2562160797677647,0.3213751868460389,0.8865740740740741,-1.4960835509138382,2.101827676240209,0.41203703703703703,0.6111111111111112
337,0.17592592592592593,0.6118143459915611,0.27327282646431583,0.3303437967115097,0.8865740740740741,-1.4908616187989556,2.0966057441253265,0.44212962962962965,0.6111111111111112
338,0.16898148148148148,0.6118143459915611,0.264820304974919,0.32585949177877427,0.8865740740740741,-1.475195822454308,2.033942558746736,0.4537037037037037,0.6319444444444444
339,0.1550925925925926,0.6118143459915611,0.24745602975076095,0.31689088191330345,0.8865740740740741,-1.5274151436031331,2.1279373368146213,0.4166666666666667,0.6157407407407407
340,0.1550925925925926,0.6118143459915611,0.24745602975076095,0.31689088191330345,0.8865740740740741,-1.6109660574412532,2.1592689295039165,0.41435185185185186,0.6111111111111112
341,0.1597222222222222,0.6118143459915611,0.25331358474801563,0.31988041853512705,0.8865740740740741,-1.483028720626632,2.08355091383812,0.43287037037037035,0.6203703703703703
342,0.16898148148148148,0.6118143459915611,0.264820304974919,0.32585949177877427,0.8865740740740741,-1.5300261096605745,2.1148825065274153,0.42592592592592593,0.6111111111111112
343,0.18287037037037038,0.6118143459915611,0.28157762127748487,0.33482810164424515,0.8865740740740741,-1.4569190600522193,2.0052219321148823,0.4583333333333333,0.6319444444444444
344,0.1736111111111111,0.6118143459915611,0.2704719268793136,0.32884902840059793,0.8865740740740741,-1.5430809399477807,2.1279373368146213,0.4236111111111111,0.6157407407407407
345,0.1412037037037037,0.6118143459915611,0.22945121081235326,0.30792227204783257,0.8865740740740741,-1.4099216710182767,2.08355091383812,0.41898148148148145,0.6412037037037037
346,0.1712962962962963,0.6118143459915611,0.26765446880690463,0.3273542600896861,0.8865740740740741,-1.485639686684073,2.0704960835509136,0.4212962962962963,0.6018518518518519
347,0.17824074074074073,0.6118143459915611,0.27605731310808634,0.33183856502242154,0.8865740740740741,-1.5300261096605745,2.10443864229765,0.4212962962962963,0.6087962962962963
348,0.17824074074074073,0.6118143459915611,0.27605731310808634,0.33183856502242154,0.8865740740740741,-1.483028720626632,2.088772845953003,0.4398148148148148,0.6296296296296297
349,0.17592592592592593,0.6118143459915611,0.27327282646431583,0.3303437967115097,0.8865740740740741,-1.597911227154047,2.1253263707571803,0.4212962962962963,0.625
350,0.1527777777777778,0.6118143459915611,0.24450065149076416,0.3153961136023916,0.8865740740740741,-1.4569190600522193,2.073107049608355,0.41898148148148145,0.6203703703703703
351,0.18981481481481483,0.6118143459915611,0.2897385286448815,0.3393124065769806,0.8865740740740741,-1.3394255874673628,1.9869451697127938,0.45601851851851855,0.6273148148148148
352,0.1712962962962963,0.6118143459915611,0.26765446880690463,0.3273542600896861,0.8865740740740741,-1.485639686684073,2.060052219321149,0.4305555555555556,0.6226851851851852
353,0.1550925925925926,0.6118143459915611,0.24745602975076095,0.31689088191330345,0.8865740740740741,-1.4281984334203655,2.0704960835509136,0.43287037037037035,0.6203703703703703
354,0.17592592592592593,0.6118143459915611,0.27327282646431583,0.3303437967115097,0.8865740740740741,-1.4908616187989556,2.060052219321149,0.44212962962962965,0.6203703703703703
355,0.1574074074074074,0.6118143459915611,0.2503936208034943,0.3183856502242152,0.8865740740740741,-1.577023498694517,2.08355091383812,0.4212962962962963,0.6134259259259259
356,0.1736111111111111,0.6118143459915611,0.2704719268793136,0.32884902840059793,0.8865740740740741,-1.4360313315926894,2.1201044386422976,0.41435185185185186,0.6111111111111112
357,0.16898148148148148,0.6118143459915611,0.264820304974919,0.32585949177877427,0.8865740740740741,-1.5065274151436032,2.0078328981723237,0.44675925925925924,0.6365740740740741
358,0.16435185185185186,0.6118143459915611,0.25910126215913526,0.32286995515695066,0.8865740740740741,-1.2637075718015667,2.0156657963446474,0.4375,0.6273148148148148
359,0.21064814814814814,0.6118143459915611,0.3133943733893857,0.35276532137518685,0.8865740740740741,-1.4647519582245432,1.9712793733681462,0.45601851851851855,0.6365740740740741
360,0.14583333333333334,0.6118143459915611,0.2355261631279731,0.3109118086696562,0.8865740740740741,-1.4699738903394255,2.0548302872062663,0.43287037037037035,0.6388888888888888
361,0.16666666666666666,0.6118143459915611,0.26196928635953026,0.3243647234678625,0.8865740740740741,-1.5613577023498695,2.052219321148825,0.43287037037037035,0.6296296296296297
362,0.17592592592592593,0.6118143459915611,0.27327282646431583,0.3303437967115097,0.8865740740740741,-1.4203655352480418,2.0365535248041775,0.44675925925925924,0.6296296296296297
363,0.1574074074074074,0.6118143459915611,0.2503936208034943,0.3183856502242152,0.8865740740740741,-1.4778067885117494,2.161879895561358,0.4166666666666667,0.6064814814814815
364,0.14814814814814814,0.6118143459915611,0.23853588319967095,0.312406576980568,0.8865740740740741,-1.5953002610966058,2.0861618798955615,0.4236111111111111,0.6296296296296297
365,0.2037037037037037,0.6118143459915611,0.30564338411420905,0.3482810164424514,0.8865740740740741,-1.4569190600522193,2.073107049608355,0.4513888888888889,0.6296296296296297
366,0.16435185185185186,0.6118143459915611,0.25910126215913526,0.32286995515695066,0.8865740740740741,-1.5013054830287207,2.1383812010443863,0.4351851851851852,0.6203703703703703
367,0.18055555555555555,0.6118143459915611,0.27882553065601656,0.3333333333333333,0.8865740740740741,-1.391644908616188,2.0130548302872064,0.4398148148148148,0.6273148148148148
368,0.18055555555555555,0.6118143459915611,0.27882553065601656,0.3333333333333333,0.8865740740740741,-1.4073107049608355,2.1383812010443863,0.4351851851851852,0.6018518518518519
369,0.1412037037037037,0.6118143459915611,0.22945121081235326,0.30792227204783257,0.8865740740740741,-1.4073107049608355,2.143603133159269,0.4027777777777778,0.625
370,0.18055555555555555,0.6118143459915611,0.27882553065601656,0.3333333333333333,0.8865740740740741,-1.4490861618798956,1.9817232375979112,0.4398148148148148,0.6365740740740741
371,0.17824074074074073,0.6118143459915611,0.27605731310808634,0.33183856502242154,0.8865740740740741,-1.4595300261096606,2.060052219321149,0.44907407407407407,0.6157407407407407
372,0.17824074074074073,0.6118143459915611,0.27605731310808634,0.33183856502242154,0.8865740740740741,-1.3812010443864229,2.039164490861619,0.4583333333333333,0.6273148148148148
373,0.1550925925925926,0.6118143459915611,0.24745602975076095,0.31689088191330345,0.8865740740740741,-1.5195822454308094,2.0365535248041775,0.4398148148148148,0.6481481481481481
374,0.1875,0.6118143459915611,0.28703398218409765,0.33781763826606875,0.8865740740740741,-1.4255874673629243,2.02088772845953,0.42824074074074076,0.6296296296296297
375,0.16666666666666666,0.6118143459915611,0.26196928635953026,0.3243647234678625,0.8865740740740741,-1.4360313315926894,2.093994778067885,0.4375,0.625
376,0.17824074074074073,0.6118143459915611,0.27605731310808634,0.33183856502242154,0.8865740740740741,-1.5117493472584855,2.0704960835509136,0.44675925925925924,0.6018518518518519
377,0.1736111111111111,0.6118143459915611,0.2704719268793136,0.32884902840059793,0.8865740740740741,-1.4151436031331592,2.0261096605744124,0.46064814814814814,0.6319444444444444
378,0.1736111111111111,0.6118143459915611,0.2704719268793136,0.32884902840059793,0.8865740740740741,-1.5221932114882506,2.049608355091384,0.4351851851851852,0.6319444444444444
379,0.18287037037037038,0.6118143459915611,0.28157762127748487,0.33482810164424515,0.8865740740740741,-1.4804177545691906,2.044386422976501,0.41898148148148145,0.6203703703703703
380,0.1527777777777778,0.6118143459915611,0.24450065149076416,0.3153961136023916,0.8865740740740741,-1.5091383812010444,2.0992167101827675,0.4212962962962963,0.6134259259259259
381,0.1736111111111111,0.6118143459915611,0.2704719268793136,0.32884902840059793,0.8865740740740741,-1.475195822454308,2.044386422976501,0.4351851851851852,0.6226851851851852
382,0.15046296296296297,0.6118143459915611,0.2415273239797553,0.31390134529147984,0.8865740740740741,-1.556135770234987,2.1148825065274153,0.4375,0.6087962962962963
383,0.16666666666666666,0.6118143459915611,0.26196928635953026,0.3243647234678625,0.8865740740740741,-1.433420365535248,2.060052219321149,0.4305555555555556,0.6365740740740741
384,0.1574074074074074,0.6118143459915611,0.2503936208034943,0.3183856502242152,0.8865740740740741,-1.4621409921671018,2.10443864229765,0.4305555555555556,0.6342592592592593
385,0.1712962962962963,0.6118143459915611,0.26765446880690463,0.3273542600896861,0.8865740740740741,-1.3994778067885119,1.9425587467362924,0.44675925925925924,0.6458333333333334
386,0.17592592592592593,0.6118143459915611,0.27327282646431583,0.3303437967115097,0.8865740740740741,-1.433420365535248,2.0652741514360313,0.4398148148148148,0.6365740740740741
387,0.18981481481481483,0.6118143459915611,0.2897385286448815,0.3393124065769806,0.8865740740740741,-1.4934725848563968,2.0417754569190603,0.44907407407407407,0.6064814814814815
388,0.14351851851851852,0.6118143459915611,0.23249799570693358,0.3094170403587444,0.8865740740740741,-1.5613577023498695,2.172323759791123,0.4166666666666667,0.5833333333333334
389,0.16898148148148148,0.6118143459915611,0.264820304974919,0.32585949177877427,0.8865740740740741,-1.4099216710182767,2.1148825065274153,0.4027777777777778,0.6134259259259259
390,0.16435185185185186,0.6118143459915611,0.25910126215913526,0.32286995515695066,0.8865740740740741,-1.558746736292428,2.0809399477806787,0.4212962962962963,0.625
391,0.14583333333333334,0.6118143459915611,0.2355261631279731,0.3109118086696562,0.8865740740740741,-1.4360313315926894,2.073107049608355,0.4351851851851852,0.6226851851851852
392,0.1550925925925926,0.6118143459915611,0.24745602975076095,0.31689088191330345,0.8865740740740741,-1.4516971279373367,2.1201044386422976,0.42824074074074076,0.6342592592592593
393,0.1550925925925926,0.6118143459915611,0.24745602975076095,0.31689088191330345,0.8865740740740741,-1.6684073107049608,2.133159268929504,0.4236111111111111,0.6111111111111112
394,0.16898148148148148,0.6118143459915611,0.264820304974919,0.32585949177877427,0.8865740740740741,-1.3968668407310705,1.9765013054830287,0.4537037037037037,0.6388888888888888
395,0.16203703703703703,0.6118143459915611,0.2562160797677647,0.3213751868460389,0.8865740740740741,-1.5117493472584855,2.0913838120104438,0.4212962962962963,0.6111111111111112
396,0.15046296296296297,0.6118143459915611,0.2415273239797553,0.31390134529147984,0.8865740740740741,-1.4778067885117494,2.10443864229765,0.43287037037037035,0.6134259259259259
397,0.1736111111111111,0.6118143459915611,0.2704719268793136,0.32884902840059793,0.8865740740740741,-1.5117493472584855,2.044386422976501,0.45601851851851855,0.6180555555555556
398,0.1574074074074074,0.6118143459915611,0.2503936208034943,0.3183856502242152,0.8865740740740741,-1.4073107049608355,2.0757180156657964,0.43287037037037035,0.625
399,0.1712962962962963,0.6118143459915611,0.26765446880690463,0.3273542600896861,0.8865740740740741,-1.412532637075718,1.9921671018276763,0.46296296296296297,0.625
400,0.16203703703703703,0.6118143459915611,0.2562160797677647,0.3213751868460389,0.8865740740740741,-1.4203655352480418,2.06266318537859,0.4375,0.625
401,0.14351851851851852,0.6118143459915611,0.23249799570693358,0.3094170403587444,0.8865740740740741,-1.5535248041775458,2.0913838120104438,0.4236111111111111,0.6226851851851852
402,0.1712962962962963,0.6118143459915611,0.26765446880690463,0.3273542600896861,0.8865740740740741,-1.4046997389033942,1.989556135770235,0.4444444444444444,0.6342592592592593
403,0.1597222222222222,0.6118143459915611,0.25331358474801563,0.31988041853512705,0.8865740740740741,-1.608355091383812,2.0417754569190603,0.46064814814814814,0.6342592592592593
404,0.1574074074074074,0.6118143459915611,0.2503936208034943,0.3183856502242152,0.8865740740740741,-1.639686684073107,2.151436031331593,0.4444444444444444,0.6134259259259259
405,0.1550925925925926,0.6118143459915611,0.24745602975076095,0.31689088191330345,0.8865740740740741,-1.566579634464752,2.10443864229765,0.4351851851851852,0.6157407407407407
406,0.17824074074074073,0.6118143459915611,0.27605731310808634,0.33183856502242154,0.8865740740740741,-1.5900783289817233,2.0182767624020888,0.44675925925925924,0.6435185185185185
407,0.1527777777777778,0.6118143459915611,0.24450065149076416,0.3153961136023916,0.8865740740740741,-1.3812010443864229,2.117493472584856,0.4212962962962963,0.6203703703703703
408,0.1574074074074074,0.6118143459915611,0.2503936208034943,0.3183856502242152,0.8865740740740741,-1.4516971279373367,2.0,0.4398148148148148,0.625
409,0.1574074074074074,0.6118143459915611,0.2503936208034943,0.3183856502242152,0.8865740740740741,-1.5456919060052219,2.1201044386422976,0.4166666666666667,0.6203703703703703
410,0.1550925925925926,0.6118143459915611,0.24745602975076095,0.31689088191330345,0.8865740740740741,-1.4046997389033942,2.0156657963446474,0.4444444444444444,0.6412037037037037
411,0.16435185185185186,0.6118143459915611,0.25910126215913526,0.32286995515695066,0.8865740740740741,-1.556135770234987,2.1096605744125325,0.43287037037037035,0.6041666666666666
412,0.16898148148148148,0.6118143459915611,0.264820304974919,0.32585949177877427,0.8865740740740741,-1.556135770234987,2.2193211488250655,0.4074074074074074,0.5972222222222222
413,0.17824074074074073,0.6118143459915611,0.27605731310808634,0.33183856502242154,0.8865740740740741,-1.5535248041775458,2.023498694516971,0.44907407407407407,0.6296296296296297
414,0.16666666666666666,0.6118143459915611,0.26196928635953026,0.3243647234678625,0.8865740740740741,-1.5326370757180157,2.117493472584856,0.41435185185185186,0.6319444444444444
415,0.17592592592592593,0.6118143459915611,0.27327282646431583,0.3303437967115097,0.8865740740740741,-1.556135770234987,2.1305483028720626,0.41898148148148145,0.6203703703703703
416,0.18981481481481483,0.6118143459915611,0.2897385286448815,0.3393124065769806,0.8865740740740741,-1.4673629242819843,1.9843342036553524,0.44675925925925924,0.6226851851851852
417,0.1736111111111111,0.6118143459915611,0.2704719268793136,0.32884902840059793,0.8865740740740741,-1.4543080939947781,2.0704960835509136,0.44675925925925924,0.6388888888888888
418,0.16666666666666666,0.6118143459915611,0.26196928635953026,0.3243647234678625,0.8865740740740741,-1.3524804177545693,2.0678851174934727,0.4375,0.6342592592592593
419,0.16203703703703703,0.6118143459915611,0.2562160797677647,0.3213751868460389,0.8865740740740741,-1.5352480417754568,2.088772845953003,0.42592592592592593,0.6296296296296297
420,0.18055555555555555,0.6118143459915611,0.27882553065601656,0.3333333333333333,0.8865740740740741,-1.6449086161879896,2.0574412532637076,0.44907407407407407,0.6041666666666666
421,0.14814814814814814,0.6118143459915611,0.23853588319967095,0.312406576980568,0.8865740740740741,-1.4595300261096606,2.1697127937336815,0.42824074074074076,0.6064814814814815
422,0.16435185185185186,0.6118143459915611,0.25910126215913526,0.32286995515695066,0.8865740740740741,-1.4673629242819843,2.088772845953003,0.4398148148148148,0.6111111111111112
423,0.16435185185185186,0.6118143459915611,0.25910126215913526,0.32286995515695066,0.8865740740740741,-1.4308093994778068,2.0052219321148823,0.4375,0.6481481481481481
424,0.14814814814814814,0.6118143459915611,0.23853588319967095,0.312406576980568,0.8865740740740741,-1.4778067885117494,2.16710182767624,0.4212962962962963,0.6064814814814815
425,0.1550925925925926,0.6118143459915611,0.24745602975076095,0.31689088191330345,0.8865740740740741,-1.3759791122715406,2.0809399477806787,0.4398148148148148,0.6273148148148148
426,0.18518518518518517,0.6118143459915611,0.284313725490196,0.336322869955157,0.8865740740740741,-1.5430809399477807,1.9712793733681462,0.45601851851851855,0.6412037037037037
427,0.1574074074074074,0.6118143459915611,0.2503936208034943,0.3183856502242152,0.8865740740740741,-1.3472584856396868,2.1409921671018277,0.4305555555555556,0.6203703703703703
428,0.18055555555555555,0.6118143459915611,0.27882553065601656,0.3333333333333333,0.8865740740740741,-1.433420365535248,2.1697127937336815,0.43287037037037035,0.5856481481481481
429,0.16898148148148148,0.6118143459915611,0.264820304974919,0.32585949177877427,0.8865740740740741,-1.6527415143603132,2.101827676240209,0.4305555555555556,0.6134259259259259
430,0.16898148148148148,0.6118143459915611,0.264820304974919,0.32585949177877427,0.8865740740740741,-1.4960835509138382,2.044386422976501,0.43287037037037035,0.6203703703703703
431,0.15046296296296297,0.6118143459915611,0.2415273239797553,0.31390134529147984,0.8865740740740741,-1.4177545691906006,2.101827676240209,0.4212962962962963,0.6180555555555556
432,0.19212962962962962,0.6118143459915611,0.2924275005770796,0.34080717488789236,0.8865740740740741,-1.4882506527415145,1.9947780678851175,0.42824074074074076,0.6342592592592593
433,0.16666666666666666,0.6118143459915611,0.26196928635953026,0.3243647234678625,0.8865740740740741,-1.514360313315927,2.14621409921671,0.4097222222222222,0.5995370370370371
434,0.14583333333333334,0.6118143459915611,0.2355261631279731,0.3109118086696562,0.8865740740740741,-1.412532637075718,2.174934725848564,0.39814814814814814,0.6157407407407407
435,0.1597222222222222,0.6118143459915611,0.25331358474801563,0.31988041853512705,0.8865740740740741,-1.3890339425587468,2.073107049608355,0.4444444444444444,0.625
436,0.16203703703703703,0.6118143459915611,0.2562160797677647,0.3213751868460389,0.8865740740740741,-1.4882506527415145,2.135770234986945,0.4398148148148148,0.6087962962962963
437,0.2013888888888889,0.6118143459915611,0.30303030303030304,0.34678624813153963,0.8865740740740741,-1.3968668407310705,1.9869451697127938,0.46064814814814814,0.6365740740740741
438,0.1736111111111111,0.6118143459915611,0.2704719268793136,0.32884902840059793,0.8865740740740741,-1.5691906005221932,2.112271540469974,0.4236111111111111,0.6180555555555556
439,0.14814814814814814,0.6118143459915611,0.23853588319967095,0.312406576980568,0.8865740740740741,-1.6605744125326372,2.2140992167101827,0.3912037037037037,0.5810185185185185
440,0.16435185185185186,0.6118143459915611,0.25910126215913526,0.32286995515695066,0.8865740740740741,-1.4804177545691906,2.028720626631854,0.4513888888888889,0.6342592592592593
441,0.1574074074074074,0.6118143459915611,0.2503936208034943,0.3183856502242152,0.8865740740740741,-1.4281984334203655,2.0966057441253265,0.44212962962962965,0.6273148148148148
442,0.15046296296296297,0.6118143459915611,0.2415273239797553,0.31390134529147984,0.8865740740740741,-1.3759791122715406,2.0913838120104438,0.41898148148148145,0.625
443,0.1412037037037037,0.6118143459915611,0.22945121081235326,0.30792227204783257,0.8865740740740741,-1.514360313315927,2.08355091383812,0.4305555555555556,0.6134259259259259
444,0.19444444444444445,0.6118143459915611,0.2951010321267626,0.3423019431988042,0.8865740740740741,-1.4281984334203655,2.1070496083550916,0.42592592592592593,0.5995370370370371
445,0.15046296296296297,0.6118143459915611,0.2415273239797553,0.31390134529147984,0.8865740740740741,-1.5483028720626633,2.1488250652741514,0.44212962962962965,0.6180555555555556
446,0.19675925925925927,0.6118143459915611,0.29775925590384733,0.34379671150971597,0.8865740740740741,-1.4725848563968669,2.0783289817232378,0.46064814814814814,0.6111111111111112
447,0.1736111111111111,0.6118143459915611,0.2704719268793136,0.32884902840059793,0.8865740740740741,-1.3446475195822454,2.101827676240209,0.41898148148148145,0.6180555555555556
448,0.16666666666666666,0.6118143459915611,0.26196928635953026,0.3243647234678625,0.8865740740740741,-1.4647519582245432,2.0548302872062663,0.42824074074074076,0.6087962962962963
449,0.16898148148148148,0.6118143459915611,0.264820304974919,0.32585949177877427,0.8865740740740741,-1.3577023498694516,2.0365535248041775,0.4513888888888889,0.6412037037037037
450,0.14814814814814814,0.6118143459915611,0.23853588319967095,0.312406576980568,0.8865740740740741,-1.5300261096605745,2.088772845953003,0.4398148148148148,0.6319444444444444
451,0.18518518518518517,0.6118143459915611,0.284313725490196,0.336322869955157,0.8865740740740741,-1.5117493472584855,2.0913838120104438,0.44675925925925924,0.625
452,0.16666666666666666,0.6118143459915611,0.26196928635953026,0.3243647234678625,0.8865740740740741,-1.3942558746736293,2.06266318537859,0.4166666666666667,0.6180555555555556
453,0.1712962962962963,0.6118143459915611,0.26765446880690463,0.3273542600896861,0.8865740740740741,-1.3994778067885119,1.989556135770235,0.4583333333333333,0.6365740740740741
454,0.1736111111111111,0.6118143459915611,0.2704719268793136,0.32884902840059793,0.8865740740740741,-1.558746736292428,2.112271540469974,0.4398148148148148,0.6180555555555556
455,0.1527777777777778,0.6118143459915611,0.24450065149076416,0.3153961136023916,0.8865740740740741,-1.4543080939947781,2.039164490861619,0.43287037037037035,0.6342592592592593
456,0.1388888888888889,0.6118143459915611,0.22638563622170177,0.3064275037369208,0.8865740740740741,-1.4203655352480418,2.1096605744125325,0.4236111111111111,0.6203703703703703
457,0.17824074074074073,0.6118143459915611,0.27605731310808634,0.33183856502242154,0.8865740740740741,-1.483028720626632,2.052219321148825,0.43287037037037035,0.6041666666666666
458,0.16666666666666666,0.6118143459915611,0.26196928635953026,0.3243647234678625,0.8865740740740741,-1.4308093994778068,2.1201044386422976,0.42824074074074076,0.6180555555555556
459,0.1550925925925926,0.6118143459915611,0.24745602975076095,0.31689088191330345,0.8865740740740741,-1.3994778067885119,2.0365535248041775,0.44907407407407407,0.6435185185185185
460,0.16203703703703703,0.6118143459915611,0.2562160797677647,0.3213751868460389,0.8865740740740741,-1.4360313315926894,2.031331592689295,0.43287037037037035,0.6319444444444444
461,0.16666666666666666,0.6118143459915611,0.26196928635953026,0.3243647234678625,0.8865740740740741,-1.558746736292428,2.0652741514360313,0.4444444444444444,0.625
462,0.18055555555555555,0.6118143459915611,0.27882553065601656,0.3333333333333333,0.8865740740740741,-1.3472584856396868,2.0156657963446474,0.44675925925925924,0.6319444444444444
463,0.1736111111111111,0.6118143459915611,0.2704719268793136,0.32884902840059793,0.8865740740740741,-1.4386422976501305,1.9921671018276763,0.44907407407407407,0.6342592592592593
464,0.1712962962962963,0.6118143459915611,0.26765446880690463,0.3273542600896861,0.8865740740740741,-1.4151436031331592,2.0574412532637076,0.4375,0.6342592592592593
465,0.18981481481481483,0.6118143459915611,0.2897385286448815,0.3393124065769806,0.8865740740740741,-1.4490861618798956,1.9347258485639687,0.4675925925925926,0.6319444444444444
466,0.18287037037037038,0.6118143459915611,0.28157762127748487,0.33482810164424515,0.8865740740740741,-1.5378590078328982,2.023498694516971,0.45601851851851855,0.6319444444444444
467,0.14351851851851852,0.6118143459915611,0.23249799570693358,0.3094170403587444,0.8865740740740741,-1.5404699738903394,2.10443864229765,0.44675925925925924,0.6365740740740741
468,0.18287037037037038,0.6118143459915611,0.28157762127748487,0.33482810164424515,0.8865740740740741,-1.2584856396866841,1.9843342036553524,0.44675925925925924,0.6388888888888888
469,0.19675925925925927,0.6118143459915611,0.29775925590384733,0.34379671150971597,0.8865740740740741,-1.441253263707572,2.0574412532637076,0.44212962962962965,0.6203703703703703
470,0.16666666666666666,0.6118143459915611,0.26196928635953026,0.3243647234678625,0.8865740740740741,-1.5509138381201044,2.1409921671018277,0.41435185185185186,0.6226851851851852
471,0.16898148148148148,0.6118143459915611,0.264820304974919,0.32585949177877427,0.8865740740740741,-1.475195822454308,2.023498694516971,0.4583333333333333,0.6342592592592593
472,0.16666666666666666,0.6118143459915611,0.26196928635953026,0.3243647234678625,0.8865740740740741,-1.5039164490861618,2.06266318537859,0.44675925925925924,0.6296296296296297
473,0.1550925925925926,0.6118143459915611,0.24745602975076095,0.31689088191330345,0.8865740740740741,-1.5065274151436032,2.0913838120104438,0.42824074074074076,0.6157407407407407
474,0.16435185185185186,0.6118143459915611,0.25910126215913526,0.32286995515695066,0.8865740740740741,-1.5535248041775458,2.1279373368146213,0.41898148148148145,0.6087962962962963
475,0.18518518518518517,0.6118143459915611,0.284313725490196,0.336322869955157,0.8865740740740741,-1.4099216710182767,2.0,0.44907407407407407,0.6296296296296297
476,0.16898148148148148,0.6118143459915611,0.264820304974919,0.32585949177877427,0.8865740740740741,-1.577023498694517,2.14621409921671,0.4351851851851852,0.6064814814814815
477,0.1875,0.6118143459915611,0.28703398218409765,0.33781763826606875,0.8865740740740741,-1.3681462140992167,2.0574412532637076,0.4305555555555556,0.6064814814814815
478,0.1574074074074074,0.6118143459915611,0.2503936208034943,0.3183856502242152,0.8865740740740741,-1.516971279373368,2.1279373368146213,0.43287037037037035,0.625
479,0.1597222222222222,0.6118143459915611,0.25331358474801563,0.31988041853512705,0.8865740740740741,-1.4490861618798956,2.0861618798955615,0.4444444444444444,0.6111111111111112
480,0.15046296296296297,0.6118143459915611,0.2415273239797553,0.31390134529147984,0.8865740740740741,-1.349869451697128,2.0026109660574414,0.44907407407407407,0.625
481,0.17824074074074073,0.6118143459915611,0.27605731310808634,0.33183856502242154,0.8865740740740741,-1.5744125326370757,2.0026109660574414,0.4675925925925926,0.6342592592592593
482,0.16203703703703703,0.6118143459915611,0.2562160797677647,0.3213751868460389,0.8865740740740741,-1.5613577023498695,2.0469973890339426,0.41898148148148145,0.6342592592592593
483,0.16898148148148148,0.6118143459915611,0.264820304974919,0.32585949177877427,0.8865740740740741,-1.485639686684073,2.039164490861619,0.4583333333333333,0.6319444444444444
484,0.16203703703703703,0.6118143459915611,0.2562160797677647,0.3213751868460389,0.8865740740740741,-1.4621409921671018,2.0992167101827675,0.4351851851851852,0.6226851851851852
485,0.16203703703703703,0.6118143459915611,0.2562160797677647,0.3213751868460389,0.8865740740740741,-1.370757180156658,2.060052219321149,0.44907407407407407,0.6481481481481481
486,0.18055555555555555,0.6118143459915611,0.27882553065601656,0.3333333333333333,0.8865740740740741,-1.4386422976501305,2.0026109660574414,0.4583333333333333,0.6504629629629629
487,0.16666666666666666,0.6118143459915611,0.26196928635953026,0.3243647234678625,0.8865740740740741,-1.4464751958224542,2.0469973890339426,0.43287037037037035,0.6435185185185185
488,0.18518518518518517,0.6118143459915611,0.284313725490196,0.336322869955157,0.8865740740740741,-1.328981723237598,2.049608355091384,0.4236111111111111,0.6273148148148148
489,0.1712962962962963,0.6118143459915611,0.26765446880690463,0.3273542600896861,0.8865740740740741,-1.443864229765013,1.9921671018276763,0.44907407407407407,0.6296296296296297
490,0.13657407407407407,0.6118143459915611,0.22330109758166605,0.30493273542600896,0.8865740740740741,-1.4908616187989556,2.101827676240209,0.4236111111111111,0.6273148148148148
491,0.18518518518518517,0.6118143459915611,0.284313725490196,0.336322869955157,0.8865740740740741,-1.4621409921671018,2.0052219321148823,0.47685185185185186,0.6412037037037037
492,0.15046296296296297,0.6118143459915611,0.2415273239797553,0.31390134529147984,0.8865740740740741,-1.360313315926893,2.044386422976501,0.4305555555555556,0.625
493,0.18055555555555555,0.6118143459915611,0.27882553065601656,0.3333333333333333,0.8865740740740741,-1.3942558746736293,2.010443864229765,0.46064814814814814,0.6481481481481481
494,0.1736111111111111,0.6118143459915611,0.2704719268793136,0.32884902840059793,0.8865740740740741,-1.5117493472584855,2.0652741514360313,0.4398148148148148,0.6319444444444444
495,0.1712962962962963,0.6118143459915611,0.26765446880690463,0.3273542600896861,0.8865740740740741,-1.4308093994778068,2.088772845953003,0.4444444444444444,0.6388888888888888
496,0.1712962962962963,0.6118143459915611,0.26765446880690463,0.3273542600896861,0.8865740740740741,-1.475195822454308,2.0548302872062663,0.4305555555555556,0.6041666666666666
497,0.1736111111111111,0.6118143459915611,0.2704719268793136,0.32884902840059793,0.8865740740740741,-1.3342036553524803,2.0026109660574414,0.4652777777777778,0.6342592592592593
498,0.15046296296296297,0.6118143459915611,0.2415273239797553,0.31390134529147984,0.8865740740740741,-1.5718015665796345,2.1409921671018277,0.39814814814814814,0.6064814814814815
499,0.16435185185185186,0.6118143459915611,0.25910126215913526,0.32286995515695066,0.8865740740740741,-1.3263707571801566,2.10443864229765,0.4351851851851852,0.6087962962962963
500,0.14351851851851852,0.6118143459915611,0.23249799570693358,0.3094170403587444,0.8865740740740741,-1.5926892950391645,2.1148825065274153,0.4351851851851852,0.6273148148148148
501,0.13657407407407407,0.6118143459915611,0.22330109758166605,0.30493273542600896,0.8865740740740741,-1.4046997389033942,2.10443864229765,0.4236111111111111,0.6111111111111112
502,0.1527777777777778,0.6118143459915611,0.24450065149076416,0.3153961136023916,0.8865740740740741,-1.5195822454308094,2.1305483028720626,0.4398148148148148,0.5972222222222222
503,0.13657407407407407,0.6118143459915611,0.22330109758166605,0.30493273542600896,0.8865740740740741,-1.4621409921671018,2.0574412532637076,0.4351851851851852,0.6226851851851852
504,0.16898148148148148,0.6118143459915611,0.264820304974919,0.32585949177877427,0.8865740740740741,-1.5065274151436032,1.9556135770234986,0.4837962962962963,0.6527777777777778
505,0.16898148148148148,0.6118143459915611,0.264820304974919,0.32585949177877427,0.8865740740740741,-1.4725848563968669,2.073107049608355,0.43287037037037035,0.6296296296296297
506,0.12037037037037036,0.6118143459915611,0.2011632250146737,0.2944693572496263,0.8865740740740741,-1.4934725848563968,2.1984334203655354,0.42824074074074076,0.6041666666666666
507,0.14814814814814814,0.6118143459915611,0.23853588319967095,0.312406576980568,0.8865740740740741,-1.4281984334203655,2.044386422976501,0.4351851851851852,0.6435185185185185
508,0.16435185185185186,0.6118143459915611,0.25910126215913526,0.32286995515695066,0.8865740740740741,-1.5039164490861618,2.1148825065274153,0.4444444444444444,0.6157407407407407
509,0.1527777777777778,0.6118143459915611,0.24450065149076416,0.3153961136023916,0.8865740740740741,-1.5300261096605745,2.093994778067885,0.4305555555555556,0.6134259259259259
510,0.1736111111111111,0.6118143459915611,0.2704719268793136,0.32884902840059793,0.8865740740740741,-1.3942558746736293,2.010443864229765,0.47685185185185186,0.6365740740740741
511,0.18981481481481483,0.6118143459915611,0.2897385286448815,0.3393124065769806,0.8865740740740741,-1.485639686684073,2.033942558746736,0.4513888888888889,0.6226851851851852
512,0.1550925925925926,0.6118143459915611,0.24745602975076095,0.31689088191330345,0.8865740740740741,-1.5274151436031331,2.0913838120104438,0.4351851851851852,0.6203703703703703
513,0.1736111111111111,0.6118143459915611,0.2704719268793136,0.32884902840059793,0.8865740740740741,-1.3994778067885119,2.0469973890339426,0.4444444444444444,0.625
514,0.16898148148148148,0.6118143459915611,0.264820304974919,0.32585949177877427,0.8865740740740741,-1.4464751958224542,2.16710182767624,0.4236111111111111,0.6018518518518519
515,0.16666666666666666,0.6118143459915611,0.26196928635953026,0.3243647234678625,0.8865740740740741,-1.4725848563968669,2.08355091383812,0.4236111111111111,0.6226851851851852
516,0.1736111111111111,0.6118143459915611,0.2704719268793136,0.32884902840059793,0.8865740740740741,-1.4151436031331592,2.010443864229765,0.44907407407407407,0.6412037037037037
517,0.13194444444444445,0.6118143459915611,0.21707441988732618,0.30194319880418535,0.8865740740740741,-1.5691906005221932,2.117493472584856,0.4305555555555556,0.6319444444444444
518,0.18287037037037038,0.6118143459915611,0.28157762127748487,0.33482810164424515,0.8865740740740741,-1.4647519582245432,1.9817232375979112,0.4537037037037037,0.6296296296296297
519,0.17592592592592593,0.6118143459915611,0.27327282646431583,0.3303437967115097,0.8865740740740741,-1.4386422976501305,2.044386422976501,0.44675925925925924,0.6203703703703703
520,0.16666666666666666,0.6118143459915611,0.26196928635953026,0.3243647234678625,0.8865740740740741,-1.5352480417754568,2.1148825065274153,0.44212962962962965,0.6203703703703703
521,0.1597222222222222,0.6118143459915611,0.25331358474801563,0.31988041853512705,0.8865740740740741,-1.4804177545691906,2.0966057441253265,0.4166666666666667,0.6180555555555556
522,0.1574074074074074,0.6118143459915611,0.2503936208034943,0.3183856502242152,0.8865740740740741,-1.597911227154047,2.088772845953003,0.4097222222222222,0.6203703703703703
523,0.17592592592592593,0.6118143459915611,0.27327282646431583,0.3303437967115097,0.8865740740740741,-1.514360313315927,2.1096605744125325,0.42824074074074076,0.6226851851851852
524,0.1574074074074074,0.6118143459915611,0.2503936208034943,0.3183856502242152,0.8865740740740741,-1.556135770234987,2.177545691906005,0.42592592592592593,0.6064814814814815
525,0.1875,0.6118143459915611,0.28703398218409765,0.33781763826606875,0.8865740740740741,-1.360313315926893,1.9660574412532636,0.46064814814814814,0.6481481481481481
526,0.1875,0.6118143459915611,0.28703398218409765,0.33781763826606875,0.8865740740740741,-1.558746736292428,2.0966057441253265,0.4305555555555556,0.6087962962962963
527,0.1736111111111111,0.6118143459915611,0.2704719268793136,0.32884902840059793,0.8865740740740741,-1.391644908616188,1.9660574412532636,0.46064814814814814,0.6273148148148148
528,0.1574074074074074,0.6118143459915611,0.2503936208034943,0.3183856502242152,0.8865740740740741,-1.3994778067885119,2.0417754569190603,0.43287037037037035,0.625
529,0.17592592592592593,0.6118143459915611,0.27327282646431583,0.3303437967115097,0.8865740740740741,-1.5953002610966058,2.023498694516971,0.44907407407407407,0.6481481481481481
530,0.1550925925925926,0.6118143459915611,0.24745602975076095,0.31689088191330345,0.8865740740740741,-1.4569190600522193,2.0365535248041775,0.44675925925925924,0.6296296296296297
531,0.14814814814814814,0.6118143459915611,0.23853588319967095,0.312406576980568,0.8865740740740741,-1.6031331592689295,2.172323759791123,0.41898148148148145,0.6018518518518519
532,0.1550925925925926,0.6118143459915611,0.24745602975076095,0.31689088191330345,0.8865740740740741,-1.475195822454308,2.1070496083550916,0.4398148148148148,0.625
533,0.1736111111111111,0.6118143459915611,0.2704719268793136,0.32884902840059793,0.8865740740740741,-1.441253263707572,2.052219321148825,0.44675925925925924,0.6342592592592593
534,0.1597222222222222,0.6118143459915611,0.25331358474801563,0.31988041853512705,0.8865740740740741,-1.276762402088773,1.9869451697127938,0.4375,0.6342592592592593
535,0.14583333333333334,0.6118143459915611,0.2355261631279731,0.3109118086696562,0.8865740740740741,-1.5900783289817233,2.122715404699739,0.4444444444444444,0.6134259259259259
536,0.17592592592592593,0.6118143459915611,0.27327282646431583,0.3303437967115097,0.8865740740740741,-1.4986945169712793,2.0678851174934727,0.4305555555555556,0.6273148148148148
537,0.1875,0.6118143459915611,0.28703398218409765,0.33781763826606875,0.8865740740740741,-1.3446475195822454,2.0026109660574414,0.4583333333333333,0.6319444444444444
538,0.17824074074074073,0.6118143459915611,0.27605731310808634,0.33183856502242154,0.8865740740740741,-1.4203655352480418,2.0261096605744124,0.42824074074074076,0.6365740740740741
539,0.14814814814814814,0.6118143459915611,0.23853588319967095,0.312406576980568,0.8865740740740741,-1.5091383812010444,2.1096605744125325,0.4305555555555556,0.6226851851851852
540,0.18055555555555555,0.6118143459915611,0.27882553065601656,0.3333333333333333,0.8865740740740741,-1.4934725848563968,2.177545691906005,0.4027777777777778,0.5995370370370371
541,0.16666666666666666,0.6118143459915611,0.26196928635953026,0.3243647234678625,0.8865740740740741,-1.524804177545692,2.1253263707571803,0.44907407407407407,0.6203703703703703
542,0.14814814814814814,0.6118143459915611,0.23853588319967095,0.312406576980568,0.8865740740740741,-1.4569190600522193,2.10443864229765,0.42592592592592593,0.6342592592592593
543,0.1412037037037037,0.6118143459915611,0.22945121081235326,0.30792227204783257,0.8865740740740741,-1.3681462140992167,2.1096605744125325,0.42592592592592593,0.6134259259259259
544,0.18287037037037038,0.6118143459915611,0.28157762127748487,0.33482810164424515,0.8865740740740741,-1.5535248041775458,2.0652741514360313,0.4398148148148148,0.6180555555555556
545,0.1875,0.6118143459915611,0.28703398218409765,0.33781763826606875,0.8865740740740741,-1.3420365535248042,2.0,0.44907407407407407,0.6273148148148148
546,0.1574074074074074,0.6118143459915611,0.2503936208034943,0.3183856502242152,0.8865740740740741,-1.443864229765013,2.0704960835509136,0.44212962962962965,0.6273148148148148
547,0.18981481481481483,0.6118143459915611,0.2897385286448815,0.3393124065769806,0.8865740740740741,-1.5744125326370757,1.9817232375979112,0.45601851851851855,0.6435185185185185
548,0.1412037037037037,0.6118143459915611,0.22945121081235326,0.30792227204783257,0.8865740740740741,-1.4073107049608355,2.0809399477806787,0.4513888888888889,0.6319444444444444
549,0.16435185185185186,0.6118143459915611,0.25910126215913526,0.32286995515695066,0.8865740740740741,-1.4386422976501305,2.023498694516971,0.44675925925925924,0.6412037037037037
550,0.1388888888888889,0.6118143459915611,0.22638563622170177,0.3064275037369208,0.8865740740740741,-1.5926892950391645,2.0783289817232378,0.42824074074074076,0.6342592592592593
551,0.16898148148148148,0.6118143459915611,0.264820304974919,0.32585949177877427,0.8865740740740741,-1.4543080939947781,2.0809399477806787,0.42592592592592593,0.6365740740740741
552,0.16898148148148148,0.6118143459915611,0.264820304974919,0.32585949177877427,0.8865740740740741,-1.5039164490861618,2.1253263707571803,0.41203703703703703,0.6157407407407407
553,0.16203703703703703,0.6118143459915611,0.2562160797677647,0.3213751868460389,0.8865740740740741,-1.6187989556135771,2.1148825065274153,0.41898148148148145,0.625
554,0.1388888888888889,0.6118143459915611,0.22638563622170177,0.3064275037369208,0.8865740740740741,-1.485639686684073,2.154046997389034,0.4074074074074074,0.6226851851851852
555,0.18055555555555555,0.6118143459915611,0.27882553065601656,0.3333333333333333,0.8865740740740741,-1.3133159268929504,2.033942558746736,0.4583333333333333,0.6342592592592593
556,0.1550925925925926,0.6118143459915611,0.24745602975076095,0.31689088191330345,0.8865740740740741,-1.5796344647519582,2.0704960835509136,0.4537037037037037,0.6319444444444444
557,0.18981481481481483,0.6118143459915611,0.2897385286448815,0.3393124065769806,0.8865740740740741,-1.5221932114882506,2.1279373368146213,0.4444444444444444,0.6226851851851852
558,0.14814814814814814,0.6118143459915611,0.23853588319967095,0.312406576980568,0.8865740740740741,-1.556135770234987,2.156657963446475,0.4027777777777778,0.6018518518518519
559,0.16203703703703703,0.6118143459915611,0.2562160797677647,0.3213751868460389,0.8865740740740741,-1.4804177545691906,2.060052219321149,0.43287037037037035,0.6365740740740741
560,0.1550925925925926,0.6118143459915611,0.24745602975076095,0.31689088191330345,0.8865740740740741,-1.556135770234987,2.031331592689295,0.43287037037037035,0.6435185185185185
561,0.1736111111111111,0.6118143459915611,0.2704719268793136,0.32884902840059793,0.8865740740740741,-1.4647519582245432,2.0861618798955615,0.42592592592592593,0.6226851851851852
562,0.1736111111111111,0.6118143459915611,0.2704719268793136,0.32884902840059793,0.8865740740740741,-1.4621409921671018,2.0783289817232378,0.44907407407407407,0.6157407407407407
563,0.16203703703703703,0.6118143459915611,0.2562160797677647,0.3213751868460389,0.8865740740740741,-1.3968668407310705,2.0861618798955615,0.41898148148148145,0.6157407407407407
564,0.1597222222222222,0.6118143459915611,0.25331358474801563,0.31988041853512705,0.8865740740740741,-1.4647519582245432,2.0966057441253265,0.4305555555555556,0.6087962962962963
565,0.16666666666666666,0.6118143459915611,0.26196928635953026,0.3243647234678625,0.8865740740740741,-1.5013054830287207,1.9973890339425588,0.43287037037037035,0.6319444444444444
566,0.1597222222222222,0.6118143459915611,0.25331358474801563,0.31988041853512705,0.8865740740740741,-1.443864229765013,1.9973890339425588,0.46296296296296297,0.6342592592592593
567,0.17592592592592593,0.6118143459915611,0.27327282646431583,0.3303437967115097,0.8865740740740741,-1.3994778067885119,2.0261096605744124,0.45601851851851855,0.6342592592592593
568,0.18055555555555555,0.6118143459915611,0.27882553065601656,0.3333333333333333,0.8865740740740741,-1.4699738903394255,2.028720626631854,0.45601851851851855,0.6273148148148148
569,0.14814814814814814,0.6118143459915611,0.23853588319967095,0.312406576980568,0.8865740740740741,-1.5117493472584855,2.1488250652741514,0.4212962962962963,0.6273148148148148
570,0.13425925925925927,0.6118143459915611,0.2201974183750949,0.3034379671150972,0.8865740740740741,-1.5378590078328982,2.060052219321149,0.4305555555555556,0.625
571,0.1388888888888889,0.6118143459915611,0.22638563622170177,0.3064275037369208,0.8865740740740741,-1.5535248041775458,2.0757180156657964,0.4351851851851852,0.6550925925925926
572,0.14583333333333334,0.6118143459915611,0.2355261631279731,0.3109118086696562,0.8865740740740741,-1.483028720626632,2.0417754569190603,0.4351851851851852,0.6342592592592593
573,0.17824074074074073,0.6118143459915611,0.27605731310808634,0.33183856502242154,0.8865740740740741,-1.4281984334203655,1.9869451697127938,0.44907407407407407,0.6412037037037037
574,0.1597222222222222,0.6118143459915611,0.25331358474801563,0.31988041853512705,0.8865740740740741,-1.4046997389033942,2.151436031331593,0.42824074074074076,0.6157407407407407
575,0.1736111111111111,0.6118143459915611,0.2704719268793136,0.32884902840059793,0.8865740740740741,-1.5483028720626633,2.060052219321149,0.4236111111111111,0.6296296296296297
576,0.1712962962962963,0.6118143459915611,0.26765446880690463,0.3273542600896861,0.8865740740740741,-1.3785900783289817,2.0417754569190603,0.4305555555555556,0.6226851851851852
577,0.18055555555555555,0.6118143459915611,0.27882553065601656,0.3333333333333333,0.8865740740740741,-1.5013054830287207,2.0757180156657964,0.43287037037037035,0.625
578,0.16435185185185186,0.6118143459915611,0.25910126215913526,0.32286995515695066,0.8865740740740741,-1.4647519582245432,2.060052219321149,0.4351851851851852,0.6388888888888888
579,0.17592592592592593,0.6118143459915611,0.27327282646431583,0.3303437967115097,0.8865740740740741,-1.4882506527415145,2.10443864229765,0.44212962962962965,0.5995370370370371
580,0.1736111111111111,0.6118143459915611,0.2704719268793136,0.32884902840059793,0.8865740740740741,-1.349869451697128,2.0757180156657964,0.42824074074074076,0.6157407407407407
581,0.16898148148148148,0.6118143459915611,0.264820304974919,0.32585949177877427,0.8865740740740741,-1.3681462140992167,1.9530026109660574,0.4675925925925926,0.6597222222222222
582,0.1527777777777778,0.6118143459915611,0.24450065149076416,0.3153961136023916,0.8865740740740741,-1.587467362924282,2.1148825065274153,0.42824074074074076,0.6273148148148148
583,0.16203703703703703,0.6118143459915611,0.2562160797677647,0.3213751868460389,0.8865740740740741,-1.5221932114882506,2.133159268929504,0.4351851851851852,0.6087962962962963
584,0.14351851851851852,0.6118143459915611,0.23249799570693358,0.3094170403587444,0.8865740740740741,-1.5900783289817233,2.112271540469974,0.43287037037037035,0.6111111111111112
585,0.17592592592592593,0.6118143459915611,0.27327282646431583,0.3303437967115097,0.8865740740740741,-1.4281984334203655,2.117493472584856,0.4305555555555556,0.6180555555555556
586,0.1412037037037037,0.6118143459915611,0.22945121081235326,0.30792227204783257,0.8865740740740741,-1.402088772845953,2.133159268929504,0.42592592592592593,0.6087962962962963
587,0.16898148148148148,0.6118143459915611,0.264820304974919,0.32585949177877427,0.8865740740740741,-1.5509138381201044,2.010443864229765,0.4398148148148148,0.6319444444444444
588,0.13657407407407407,0.6118143459915611,0.22330109758166605,0.30493273542600896,0.8865740740740741,-1.4099216710182767,2.1096605744125325,0.44907407407407407,0.6296296296296297
589,0.14583333333333334,0.6118143459915611,0.2355261631279731,0.3109118086696562,0.8865740740740741,-1.5483028720626633,2.1592689295039165,0.41203703703703703,0.6273148148148148
590,0.1412037037037037,0.6118143459915611,0.22945121081235326,0.30792227204783257,0.8865740740740741,-1.4569190600522193,2.088772845953003,0.41435185185185186,0.6180555555555556
591,0.16898148148148148,0.6118143459915611,0.264820304974919,0.32585949177877427,0.8865740740740741,-1.3785900783289817,2.0156657963446474,0.45601851851851855,0.6342592592592593
592,0.1712962962962963,0.6118143459915611,0.26765446880690463,0.3273542600896861,0.8865740740740741,-1.5274151436031331,2.164490861618799,0.4212962962962963,0.6087962962962963
593,0.19444444444444445,0.6118143459915611,0.2951010321267626,0.3423019431988042,0.8865740740740741,-1.4308093994778068,2.0469973890339426,0.4513888888888889,0.6064814814814815
594,0.1736111111111111,0.6118143459915611,0.2704719268793136,0.32884902840059793,0.8865740740740741,-1.4778067885117494,2.0678851174934727,0.42824074074074076,0.6157407407407407
595,0.1527777777777778,0.6118143459915611,0.24450065149076416,0.3153961136023916,0.8865740740740741,-1.443864229765013,2.0652741514360313,0.4513888888888889,0.6296296296296297
596,0.17592592592592593,0.6118143459915611,0.27327282646431583,0.3303437967115097,0.8865740740740741,-1.6318537859007833,2.122715404699739,0.4375,0.5949074074074074
597,0.1527777777777778,0.6118143459915611,0.24450065149076416,0.3153961136023916,0.8865740740740741,-1.5065274151436032,2.0704960835509136,0.41898148148148145,0.6458333333333334
598,0.1574074074074074,0.6118143459915611,0.2503936208034943,0.3183856502242152,0.8865740740740741,-1.5796344647519582,2.143603133159269,0.41435185185185186,0.5972222222222222
599,0.14351851851851852,0.6118143459915611,0.23249799570693358,0.3094170403587444,0.8865740740740741,-1.443864229765013,2.1697127937336815,0.4236111111111111,0.6111111111111112
600,0.17592592592592593,0.6118143459915611,0.27327282646431583,0.3303437967115097,0.8865740740740741,-1.3994778067885119,2.06266318537859,0.44212962962962965,0.6319444444444444
601,0.16435185185185186,0.6118143459915611,0.25910126215913526,0.32286995515695066,0.8865740740740741,-1.4673629242819843,2.073107049608355,0.4351851851851852,0.6296296296296297
602,0.1712962962962963,0.6118143459915611,0.26765446880690463,0.3273542600896861,0.8865740740740741,-1.2845953002610966,2.0052219321148823,0.4444444444444444,0.6527777777777778
603,0.1574074074074074,0.6118143459915611,0.2503936208034943,0.3183856502242152,0.8865740740740741,-1.3446475195822454,2.0913838120104438,0.4351851851851852,0.625
604,0.12962962962962962,0.6118143459915611,0.2139319211718832,0.3004484304932735,0.8865740740740741,-1.422976501305483,2.1801566579634466,0.4305555555555556,0.6111111111111112
605,0.1712962962962963,0.6118143459915611,0.26765446880690463,0.3273542600896861,0.8865740740740741,-1.516971279373368,2.0652741514360313,0.44212962962962965,0.6296296296296297
606,0.1712962962962963,0.6118143459915611,0.26765446880690463,0.3273542600896861,0.8865740740740741,-1.412532637075718,2.039164490861619,0.44907407407407407,0.6412037037037037
607,0.14583333333333334,0.6118143459915611,0.2355261631279731,0.3109118086696562,0.8865740740740741,-1.485639686684073,2.1488250652741514,0.4537037037037037,0.6134259259259259
608,0.18055555555555555,0.6118143459915611,0.27882553065601656,0.3333333333333333,0.8865740740740741,-1.4778067885117494,2.010443864229765,0.45601851851851855,0.6226851851851852
609,0.17592592592592593,0.6118143459915611,0.27327282646431583,0.3303437967115097,0.8865740740740741,-1.3550913838120104,2.0130548302872064,0.47453703703703703,0.6481481481481481
610,0.1597222222222222,0.6118143459915611,0.25331358474801563,0.31988041853512705,0.8865740740740741,-1.5274151436031331,2.101827676240209,0.41898148148148145,0.6203703703703703
611,0.1574074074074074,0.6118143459915611,0.2503936208034943,0.3183856502242152,0.8865740740740741,-1.5848563968668408,2.0913838120104438,0.44212962962962965,0.6388888888888888
612,0.1527777777777778,0.6118143459915611,0.24450065149076416,0.3153961136023916,0.8865740740740741,-1.566579634464752,2.08355091383812,0.4513888888888889,0.6342592592592593
613,0.1597222222222222,0.6118143459915611,0.25331358474801563,0.31988041853512705,0.8865740740740741,-1.4490861618798956,2.0130548302872064,0.4351851851851852,0.6481481481481481
614,0.16435185185185186,0.6118143459915611,0.25910126215913526,0.32286995515695066,0.8865740740740741,-1.556135770234987,2.1253263707571803,0.42824074074074076,0.6203703703703703
615,0.1736111111111111,0.6118143459915611,0.2704719268793136,0.32884902840059793,0.8865740740740741,-1.4934725848563968,2.0469973890339426,0.4375,0.6273148148148148
616,0.17824074074074073,0.6118143459915611,0.27605731310808634,0.33183856502242154,0.8865740740740741,-1.391644908616188,2.033942558746736,0.44675925925925924,0.6342592592592593
617,0.16666666666666666,0.6118143459915611,0.26196928635953026,0.3243647234678625,0.8865740740740741,-1.4569190600522193,2.0783289817232378,0.41203703703703703,0.6111111111111112
618,0.1712962962962963,0.6118143459915611,0.26765446880690463,0.3273542600896861,0.8865740740740741,-1.4151436031331592,2.161879895561358,0.41435185185185186,0.6157407407407407
619,0.16435185185185186,0.6118143459915611,0.25910126215913526,0.32286995515695066,0.8865740740740741,-1.3446475195822454,2.0704960835509136,0.4398148148148148,0.6342592592592593
620,0.1597222222222222,0.6118143459915611,0.25331358474801563,0.31988041853512705,0.8865740740740741,-1.3733681462140992,2.088772845953003,0.42824074074074076,0.6087962962962963
621,0.18287037037037038,0.6118143459915611,0.28157762127748487,0.33482810164424515,0.8865740740740741,-1.5117493472584855,2.101827676240209,0.46064814814814814,0.6157407407407407
622,0.17592592592592593,0.6118143459915611,0.27327282646431583,0.3303437967115097,0.8865740740740741,-1.3759791122715406,2.0966057441253265,0.4537037037037037,0.6111111111111112
623,0.13194444444444445,0.6118143459915611,0.21707441988732618,0.30194319880418535,0.8865740740740741,-1.349869451697128,2.117493472584856,0.41435185185185186,0.6296296296296297
624,0.1597222222222222,0.6118143459915611,0.25331358474801563,0.31988041853512705,0.8865740740740741,-1.443864229765013,2.0861618798955615,0.4444444444444444,0.625
625,0.1712962962962963,0.6118143459915611,0.26765446880690463,0.3273542600896861,0.8865740740740741,-1.4151436031331592,2.093994778067885,0.4305555555555556,0.6296296296296297
626,0.1736111111111111,0.6118143459915611,0.2704719268793136,0.32884902840059793,0.8865740740740741,-1.4986945169712793,2.135770234986945,0.4351851851851852,0.6087962962962963
627,0.1597222222222222,0.6118143459915611,0.25331358474801563,0.31988041853512705,0.8865740740740741,-1.4699738903394255,2.0548302872062663,0.41898148148148145,0.6203703703703703
628,0.16203703703703703,0.6118143459915611,0.2562160797677647,0.3213751868460389,0.8865740740740741,-1.516971279373368,2.133159268929504,0.4166666666666667,0.6296296296296297
629,0.16435185185185186,0.6118143459915611,0.25910126215913526,0.32286995515695066,0.8865740740740741,-1.4882506527415145,2.08355091383812,0.4212962962962963,0.6203703703703703
630,0.2013888888888889,0.6118143459915611,0.30303030303030304,0.34678624813153963,0.8865740740740741,-1.4308093994778068,2.0261096605744124,0.46064814814814814,0.6273148148148148
631,0.18518518518518517,0.6118143459915611,0.284313725490196,0.336322869955157,0.8865740740740741,-1.4516971279373367,1.9634464751958225,0.46064814814814814,0.6504629629629629
632,0.1736111111111111,0.6118143459915611,0.2704719268793136,0.32884902840059793,0.8865740740740741,-1.3577023498694516,2.0052219321148823,0.4375,0.6296296296296297
633,0.16435185185185186,0.6118143459915611,0.25910126215913526,0.32286995515695066,0.8865740740740741,-1.3237597911227155,2.0182767624020888,0.42824074074074076,0.6388888888888888
634,0.2013888888888889,0.6118143459915611,0.30303030303030304,0.34678624813153963,0.8865740740740741,-1.360313315926893,1.9869451697127938,0.4444444444444444,0.6319444444444444
635,0.1527777777777778,0.6118143459915611,0.24450065149076416,0.3153961136023916,0.8865740740740741,-1.3838120104438643,2.0261096605744124,0.4305555555555556,0.6527777777777778
636,0.1527777777777778,0.6118143459915611,0.24450065149076416,0.3153961136023916,0.8865740740740741,-1.3812010443864229,2.1279373368146213,0.42592592592592593,0.6064814814814815
637,0.19675925925925927,0.6118143459915611,0.29775925590384733,0.34379671150971597,0.8865740740740741,-1.4386422976501305,2.033942558746736,0.4513888888888889,0.6273148148148148
638,0.16898148148148148,0.6118143459915611,0.264820304974919,0.32585949177877427,0.8865740740740741,-1.4908616187989556,2.033942558746736,0.45601851851851855,0.6319444444444444
639,0.14583333333333334,0.6118143459915611,0.2355261631279731,0.3109118086696562,0.8865740740740741,-1.4569190600522193,2.1409921671018277,0.41435185185185186,0.6018518518518519
640,0.16203703703703703,0.6118143459915611,0.2562160797677647,0.3213751868460389,0.8865740740740741,-1.4699738903394255,2.0704960835509136,0.4351851851851852,0.6412037037037037
641,0.15046296296296297,0.6118143459915611,0.2415273239797553,0.31390134529147984,0.8865740740740741,-1.5274151436031331,2.164490861618799,0.41898148148148145,0.6157407407407407
642,0.16898148148148148,0.6118143459915611,0.264820304974919,0.32585949177877427,0.8865740740740741,-1.3812010443864229,2.044386422976501,0.4166666666666667,0.6365740740740741
643,0.16898148148148148,0.6118143459915611,0.264820304974919,0.32585949177877427,0.8865740740740741,-1.3812010443864229,2.0548302872062663,0.44212962962962965,0.625
644,0.1550925925925926,0.6118143459915611,0.24745602975076095,0.31689088191330345,0.8865740740740741,-1.483028720626632,2.177545691906005,0.4097222222222222,0.6087962962962963
645,0.15046296296296297,0.6118143459915611,0.2415273239797553,0.31390134529147984,0.8865740740740741,-1.5117493472584855,2.060052219321149,0.4212962962962963,0.6064814814814815
646,0.16203703703703703,0.6118143459915611,0.2562160797677647,0.3213751868460389,0.8865740740740741,-1.4073107049608355,2.049608355091384,0.4537037037037037,0.6319444444444444
647,0.1597222222222222,0.6118143459915611,0.25331358474801563,0.31988041853512705,0.8865740740740741,-1.4934725848563968,2.052219321148825,0.4375,0.6203703703703703
648,0.13425925925925927,0.6118143459915611,0.2201974183750949,0.3034379671150972,0.8865740740740741,-1.4360313315926894,2.10443864229765,0.43287037037037035,0.6342592592592593
649,0.1527777777777778,0.6118143459915611,0.24450065149076416,0.3153961136023916,0.8865740740740741,-1.6161879895561357,2.2114882506527413,0.4166666666666667,0.5879629629629629
650,0.15046296296296297,0.6118143459915611,0.2415273239797553,0.31390134529147984,0.8865740740740741,-1.6005221932114881,2.0652741514360313,0.4375,0.6296296296296297
651,0.16898148148148148,0.6118143459915611,0.264820304974919,0.32585949177877427,0.8865740740740741,-1.483028720626632,2.073107049608355,0.4166666666666667,0.6018518518518519
652,0.16898148148148148,0.6118143459915611,0.264820304974919,0.32585949177877427,0.8865740740740741,-1.5326370757180157,2.117493472584856,0.4236111111111111,0.6087962962962963
653,0.1597222222222222,0.6118143459915611,0.25331358474801563,0.31988041853512705,0.8865740740740741,-1.5691906005221932,2.117493472584856,0.41435185185185186,0.5925925925925926
654,0.16666666666666666,0.6118143459915611,0.26196928635953026,0.3243647234678625,0.8865740740740741,-1.3994778067885119,2.0417754569190603,0.4398148148148148,0.6412037037037037
655,0.1550925925925926,0.6118143459915611,0.24745602975076095,0.31689088191330345,0.8865740740740741,-1.4360313315926894,2.14621409921671,0.4097222222222222,0.6111111111111112
656,0.1736111111111111,0.6118143459915611,0.2704719268793136,0.32884902840059793,0.8865740740740741,-1.433420365535248,2.117493472584856,0.4236111111111111,0.6041666666666666
657,0.16898148148148148,0.6118143459915611,0.264820304974919,0.32585949177877427,0.8865740740740741,-1.4569190600522193,2.0417754569190603,0.44907407407407407,0.6111111111111112
658,0.16898148148148148,0.6118143459915611,0.264820304974919,0.32585949177877427,0.8865740740740741,-1.6449086161879896,2.1148825065274153,0.42592592592592593,0.6180555555555556
659,0.17824074074074073,0.6118143459915611,0.27605731310808634,0.33183856502242154,0.8865740740740741,-1.4073107049608355,2.060052219321149,0.4675925925925926,0.6412037037037037
660,0.16203703703703703,0.6118143459915611,0.2562160797677647,0.3213751868460389,0.8865740740740741,-1.5430809399477807,2.112271540469974,0.4398148148148148,0.6157407407407407
661,0.14351851851851852,0.6118143459915611,0.23249799570693358,0.3094170403587444,0.8865740740740741,-1.3785900783289817,2.156657963446475,0.41435185185185186,0.6087962962962963
662,0.17824074074074073,0.6118143459915611,0.27605731310808634,0.33183856502242154,0.8865740740740741,-1.483028720626632,1.95822454308094,0.4675925925925926,0.6365740740740741
663,0.14814814814814814,0.6118143459915611,0.23853588319967095,0.312406576980568,0.8865740740740741,-1.422976501305483,2.122715404699739,0.42824074074074076,0.6087962962962963
664,0.19444444444444445,0.6118143459915611,0.2951010321267626,0.3423019431988042,0.8865740740740741,-1.3942558746736293,2.02088772845953,0.4375,0.6203703703703703
665,0.1574074074074074,0.6118143459915611,0.2503936208034943,0.3183856502242152,0.8865740740740741,-1.4986945169712793,2.16710182767624,0.4212962962962963,0.5972222222222222
666,0.13194444444444445,0.6118143459915611,0.21707441988732618,0.30194319880418535,0.8865740740740741,-1.514360313315927,2.135770234986945,0.41898148148148145,0.6226851851851852
667,0.18287037037037038,0.6118143459915611,0.28157762127748487,0.33482810164424515,0.8865740740740741,-1.5639686684073106,1.9765013054830287,0.46064814814814814,0.6203703703703703
668,0.1527777777777778,0.6118143459915611,0.24450065149076416,0.3153961136023916,0.8865740740740741,-1.422976501305483,2.0913838120104438,0.4375,0.6134259259259259
669,0.1875,0.6118143459915611,0.28703398218409765,0.33781763826606875,0.8865740740740741,-1.3733681462140992,2.0365535248041775,0.4537037037037037,0.6180555555555556
670,0.14583333333333334,0.6118143459915611,0.2355261631279731,0.3109118086696562,0.8865740740740741,-1.6684073107049608,2.227154046997389,0.41435185185185186,0.5949074074074074
671,0.1597222222222222,0.6118143459915611,0.25331358474801563,0.31988041853512705,0.8865740740740741,-1.516971279373368,2.0130548302872064,0.4444444444444444,0.6226851851851852
672,0.1550925925925926,0.6118143459915611,0.24745602975076095,0.31689088191330345,0.8865740740740741,-1.5300261096605745,2.1305483028720626,0.41898148148148145,0.6296296296296297
673,0.17824074074074073,0.6118143459915611,0.27605731310808634,0.33183856502242154,0.8865740740740741,-1.4386422976501305,2.039164490861619,0.4351851851851852,0.6111111111111112
674,0.14583333333333334,0.6118143459915611,0.2355261631279731,0.3109118086696562,0.8865740740740741,-1.5300261096605745,2.073107049608355,0.4166666666666667,0.6273148148148148
675,0.13657407407407407,0.6118143459915611,0.22330109758166605,0.30493273542600896,0.8865740740740741,-1.587467362924282,2.1984334203655354,0.4212962962962963,0.6064814814814815
676,0.15046296296296297,0.6118143459915611,0.2415273239797553,0.31390134529147984,0.8865740740740741,-1.475195822454308,2.133159268929504,0.4212962962962963,0.6064814814814815
677,0.17824074074074073,0.6118143459915611,0.27605731310808634,0.33183856502242154,0.8865740740740741,-1.4699738903394255,1.9556135770234986,0.4652777777777778,0.6481481481481481
678,0.16898148148148148,0.6118143459915611,0.264820304974919,0.32585949177877427,0.8865740740740741,-1.4046997389033942,2.06266318537859,0.4444444444444444,0.6041666666666666
679,0.19212962962962962,0.6118143459915611,0.2924275005770796,0.34080717488789236,0.8865740740740741,-1.3315926892950392,1.9791122715404699,0.4537037037037037,0.6319444444444444
680,0.16898148148148148,0.6118143459915611,0.264820304974919,0.32585949177877427,0.8865740740740741,-1.4647519582245432,2.117493472584856,0.4236111111111111,0.6157407407407407
681,0.1574074074074074,0.6118143459915611,0.2503936208034943,0.3183856502242152,0.8865740740740741,-1.5065274151436032,2.1906005221932117,0.39351851851851855,0.5925925925925926
682,0.14814814814814814,0.6118143459915611,0.23853588319967095,0.312406576980568,0.8865740740740741,-1.4464751958224542,2.10443864229765,0.4305555555555556,0.6226851851851852
683,0.16898148148148148,0.6118143459915611,0.264820304974919,0.32585949177877427,0.8865740740740741,-1.5039164490861618,2.093994778067885,0.4212962962962963,0.6087962962962963
684,0.17824074074074073,0.6118143459915611,0.27605731310808634,0.33183856502242154,0.8865740740740741,-1.4882506527415145,2.06266318537859,0.4375,0.6180555555555556
685,0.1736111111111111,0.6118143459915611,0.2704719268793136,0.32884902840059793,0.8865740740740741,-1.5221932114882506,2.049608355091384,0.42824074074074076,0.6319444444444444
686,0.14583333333333334,0.6118143459915611,0.2355261631279731,0.3109118086696562,0.8865740740740741,-1.5535248041775458,2.174934725848564,0.4583333333333333,0.5995370370370371
687,0.18055555555555555,0.6118143459915611,0.27882553065601656,0.3333333333333333,0.8865740740740741,-1.5274151436031331,2.049608355091384,0.4398148148148148,0.6157407407407407
688,0.18518518518518517,0.6118143459915611,0.284313725490196,0.336322869955157,0.8865740740740741,-1.577023498694517,2.052219321148825,0.42592592592592593,0.6296296296296297
689,0.14814814814814814,0.6118143459915611,0.23853588319967095,0.312406576980568,0.8865740740740741,-1.4986945169712793,2.1879895561357703,0.42824074074074076,0.6018518518518519
690,0.1712962962962963,0.6118143459915611,0.26765446880690463,0.3273542600896861,0.8865740740740741,-1.5195822454308094,2.151436031331593,0.41898148148148145,0.6064814814814815
691,0.16435185185185186,0.6118143459915611,0.25910126215913526,0.32286995515695066,0.8865740740740741,-1.5639686684073106,2.0966057441253265,0.4236111111111111,0.6226851851851852
692,0.14351851851851852,0.6118143459915611,0.23249799570693358,0.3094170403587444,0.8865740740740741,-1.318537859007833,2.033942558746736,0.44675925925925924,0.6319444444444444
693,0.1736111111111111,0.6118143459915611,0.2704719268793136,0.32884902840059793,0.8865740740740741,-1.4986945169712793,2.0574412532637076,0.4375,0.6296296296296297
694,0.15046296296296297,0.6118143459915611,0.2415273239797553,0.31390134529147984,0.8865740740740741,-1.4073107049608355,2.1801566579634466,0.41435185185185186,0.6134259259259259
695,0.16666666666666666,0.6118143459915611,0.26196928635953026,0.3243647234678625,0.8865740740740741,-1.441253263707572,2.0365535248041775,0.4398148148148148,0.6226851851851852
696,0.14814814814814814,0.6118143459915611,0.23853588319967095,0.312406576980568,0.8865740740740741,-1.3733681462140992,2.093994778067885,0.4351851851851852,0.6388888888888888
697,0.1550925925925926,0.6118143459915611,0.24745602975076095,0.31689088191330345,0.8865740740740741,-1.485639686684073,2.122715404699739,0.41435185185185186,0.5972222222222222
698,0.16666666666666666,0.6118143459915611,0.26196928635953026,0.3243647234678625,0.8865740740740741,-1.4281984334203655,2.122715404699739,0.4375,0.6342592592592593
699,0.16203703703703703,0.6118143459915611,0.2562160797677647,0.3213751868460389,0.8865740740740741,-1.566579634464752,2.156657963446475,0.4166666666666667,0.6041666666666666
700,0.17824074074074073,0.6118143459915611,0.27605731310808634,0.33183856502242154,0.8865740740740741,-1.524804177545692,2.0469973890339426,0.47453703703703703,0.6180555555555556
701,0.13657407407407407,0.6118143459915611,0.22330109758166605,0.30493273542600896,0.8865740740740741,-1.3838120104438643,2.08355091383812,0.42824074074074076,0.6180555555555556
702,0.1527777777777778,0.6118143459915611,0.24450065149076416,0.3153961136023916,0.8865740740740741,-1.475195822454308,2.049608355091384,0.4398148148148148,0.6273148148148148
703,0.14814814814814814,0.6118143459915611,0.23853588319967095,0.312406576980568,0.8865740740740741,-1.5274151436031331,2.0757180156657964,0.4351851851851852,0.6180555555555556
704,0.1550925925925926,0.6118143459915611,0.24745602975076095,0.31689088191330345,0.8865740740740741,-1.3759791122715406,2.0913838120104438,0.42592592592592593,0.6180555555555556
705,0.18981481481481483,0.6118143459915611,0.2897385286448815,0.3393124065769806,0.8865740740740741,-1.4255874673629243,2.0156657963446474,0.45601851851851855,0.6157407407407407
706,0.15046296296296297,0.6118143459915611,0.2415273239797553,0.31390134529147984,0.8865740740740741,-1.4934725848563968,2.177545691906005,0.4166666666666667,0.5949074074074074
707,0.16898148148148148,0.6118143459915611,0.264820304974919,0.32585949177877427,0.8865740740740741,-1.4490861618798956,2.0704960835509136,0.42824074074074076,0.6180555555555556
708,0.1527777777777778,0.6118143459915611,0.24450065149076416,0.3153961136023916,0.8865740740740741,-1.4308093994778068,2.1201044386422976,0.4305555555555556,0.6134259259259259
709,0.16666666666666666,0.6118143459915611,0.26196928635953026,0.3243647234678625,0.8865740740740741,-1.4569190600522193,2.14621409921671,0.4166666666666667,0.6111111111111112
710,0.16435185185185186,0.6118143459915611,0.25910126215913526,0.32286995515695066,0.8865740740740741,-1.4490861618798956,2.0704960835509136,0.4398148148148148,0.6319444444444444
711,0.15046296296296297,0.6118143459915611,0.2415273239797553,0.31390134529147984,0.8865740740740741,-1.422976501305483,2.0861618798955615,0.4513888888888889,0.6388888888888888
712,0.16666666666666666,0.6118143459915611,0.26196928635953026,0.3243647234678625,0.8865740740740741,-1.475195822454308,2.1383812010443863,0.42824074074074076,0.625
713,0.18055555555555555,0.6118143459915611,0.27882553065601656,0.3333333333333333,0.8865740740740741,-1.514360313315927,2.0156657963446474,0.4375,0.625
714,0.18055555555555555,0.6118143459915611,0.27882553065601656,0.3333333333333333,0.8865740740740741,-1.4882506527415145,2.06266318537859,0.42592592592592593,0.6157407407407407
715,0.16898148148148148,0.6118143459915611,0.264820304974919,0.32585949177877427,0.8865740740740741,-1.4490861618798956,2.028720626631854,0.43287037037037035,0.6365740740740741
716,0.1597222222222222,0.6118143459915611,0.25331358474801563,0.31988041853512705,0.8865740740740741,-1.402088772845953,2.0966057441253265,0.4652777777777778,0.6273148148148148
717,0.1597222222222222,0.6118143459915611,0.25331358474801563,0.31988041853512705,0.8865740740740741,-1.3629242819843341,2.0052219321148823,0.4398148148148148,0.6458333333333334
718,0.16435185185185186,0.6118143459915611,0.25910126215913526,0.32286995515695066,0.8865740740740741,-1.5221932114882506,2.122715404699739,0.41435185185185186,0.6134259259259259
719,0.16898148148148148,0.6118143459915611,0.264820304974919,0.32585949177877427,0.8865740740740741,-1.4490861618798956,1.9973890339425588,0.44212962962962965,0.6504629629629629
720,0.16203703703703703,0.6118143459915611,0.2562160797677647,0.3213751868460389,0.8865740740740741,-1.5300261096605745,2.10443864229765,0.4375,0.5972222222222222
721,0.1527777777777778,0.6118143459915611,0.24450065149076416,0.3153961136023916,0.8865740740740741,-1.5195822454308094,2.161879895561358,0.4212962962962963,0.6134259259259259
722,0.1527777777777778,0.6118143459915611,0.24450065149076416,0.3153961136023916,0.8865740740740741,-1.441253263707572,2.1305483028720626,0.4166666666666667,0.6273148148148148
723,0.1550925925925926,0.6118143459915611,0.24745602975076095,0.31689088191330345,0.8865740740740741,-1.412532637075718,2.112271540469974,0.41898148148148145,0.6319444444444444
724,0.13657407407407407,0.6118143459915611,0.22330109758166605,0.30493273542600896,0.8865740740740741,-1.3028720626631853,2.0861618798955615,0.4236111111111111,0.625
725,0.16435185185185186,0.6118143459915611,0.25910126215913526,0.32286995515695066,0.8865740740740741,-1.4464751958224542,2.0417754569190603,0.4398148148148148,0.6064814814814815
726,0.19212962962962962,0.6118143459915611,0.2924275005770796,0.34080717488789236,0.8865740740740741,-1.4595300261096606,2.023498694516971,0.4375,0.6203703703703703
727,0.1736111111111111,0.6118143459915611,0.2704719268793136,0.32884902840059793,0.8865740740740741,-1.391644908616188,1.9921671018276763,0.43287037037037035,0.6620370370370371
728,0.1712962962962963,0.6118143459915611,0.26765446880690463,0.3273542600896861,0.8865740740740741,-1.3968668407310705,1.9347258485639687,0.4791666666666667,0.6435185185185185
729,0.15046296296296297,0.6118143459915611,0.2415273239797553,0.31390134529147984,0.8865740740740741,-1.3864229765013054,2.028720626631854,0.4236111111111111,0.6504629629629629
730,0.1527777777777778,0.6118143459915611,0.24450065149076416,0.3153961136023916,0.8865740740740741,-1.4986945169712793,2.093994778067885,0.41203703703703703,0.6111111111111112
731,0.14351851851851852,0.6118143459915611,0.23249799570693358,0.3094170403587444,0.8865740740740741,-1.5483028720626633,2.0757180156657964,0.4351851851851852,0.6319444444444444
732,0.18287037037037038,0.6118143459915611,0.28157762127748487,0.33482810164424515,0.8865740740740741,-1.5195822454308094,2.06266318537859,0.42592592592592593,0.6203703703703703
733,0.19675925925925927,0.6118143459915611,0.29775925590384733,0.34379671150971597,0.8865740740740741,-1.485639686684073,2.0130548302872064,0.4583333333333333,0.6296296296296297
734,0.1527777777777778,0.6118143459915611,0.24450065149076416,0.3153961136023916,0.8865740740740741,-1.4595300261096606,2.0757180156657964,0.4398148148148148,0.6134259259259259
735,0.18055555555555555,0.6118143459915611,0.27882553065601656,0.3333333333333333,0.8865740740740741,-1.5091383812010444,2.031331592689295,0.45601851851851855,0.6435185185185185
736,0.16435185185185186,0.6118143459915611,0.25910126215913526,0.32286995515695066,0.8865740740740741,-1.412532637075718,2.117493472584856,0.41203703703703703,0.6180555555555556
737,0.14814814814814814,0.6118143459915611,0.23853588319967095,0.312406576980568,0.8865740740740741,-1.6344647519582245,2.16710182767624,0.4351851851851852,0.6134259259259259
738,0.1412037037037037,0.6118143459915611,0.22945121081235326,0.30792227204783257,0.8865740740740741,-1.5326370757180157,2.1070496083550916,0.4351851851851852,0.6087962962962963
739,0.17824074074074073,0.6118143459915611,0.27605731310808634,0.33183856502242154,0.8865740740740741,-1.7075718015665797,2.1096605744125325,0.43287037037037035,0.6111111111111112
740,0.1597222222222222,0.6118143459915611,0.25331358474801563,0.31988041853512705,0.8865740740740741,-1.422976501305483,2.143603133159269,0.4212962962962963,0.6087962962962963
741,0.13194444444444445,0.6118143459915611,0.21707441988732618,0.30194319880418535,0.8865740740740741,-1.4308093994778068,2.2140992167101827,0.4050925925925926,0.6064814814814815
742,0.14583333333333334,0.6118143459915611,0.2355261631279731,0.3109118086696562,0.8865740740740741,-1.318537859007833,2.112271540469974,0.4398148148148148,0.6342592592592593
743,0.15046296296296297,0.6118143459915611,0.2415273239797553,0.31390134529147984,0.8865740740740741,-1.4725848563968669,2.1253263707571803,0.4236111111111111,0.6203703703703703
744,0.17824074074074073,0.6118143459915611,0.27605731310808634,0.33183856502242154,0.8865740740740741,-1.3890339425587468,2.0052219321148823,0.4398148148148148,0.6203703703703703
745,0.1550925925925926,0.6118143459915611,0.24745602975076095,0.31689088191330345,0.8865740740740741,-1.3733681462140992,2.1253263707571803,0.4236111111111111,0.5995370370370371
746,0.16898148148148148,0.6118143459915611,0.264820304974919,0.32585949177877427,0.8865740740740741,-1.5221932114882506,2.0757180156657964,0.4537037037037037,0.6087962962962963
747,0.1597222222222222,0.6118143459915611,0.25331358474801563,0.31988041853512705,0.8865740740740741,-1.4073107049608355,2.1070496083550916,0.44212962962962965,0.6157407407407407
748,0.1574074074074074,0.6118143459915611,0.2503936208034943,0.3183856502242152,0.8865740740740741,-1.4073107049608355,2.0704960835509136,0.4375,0.6157407407407407
749,0.16898148148148148,0.6118143459915611,0.264820304974919,0.32585949177877427,0.8865740740740741,-1.3968668407310705,2.028720626631854,0.44675925925925924,0.6550925925925926
750,0.13657407407407407,0.6118143459915611,0.22330109758166605,0.30493273542600896,0.8865740740740741,-1.5300261096605745,2.1827676240208875,0.4166666666666667,0.6041666666666666
751,0.16898148148148148,0.6118143459915611,0.264820304974919,0.32585949177877427,0.8865740740740741,-1.4725848563968669,1.9843342036553524,0.44907407407407407,0.6342592592592593
752,0.1574074074074074,0.6118143459915611,0.2503936208034943,0.3183856502242152,0.8865740740740741,-1.3733681462140992,2.06266318537859,0.4513888888888889,0.6342592592592593
753,0.15046296296296297,0.6118143459915611,0.2415273239797553,0.31390134529147984,0.8865740740740741,-1.577023498694517,2.1096605744125325,0.42592592592592593,0.6180555555555556
754,0.17824074074074073,0.6118143459915611,0.27605731310808634,0.33183856502242154,0.8865740740740741,-1.370757180156658,1.9556135770234986,0.4583333333333333,0.6365740740740741
755,0.15046296296296297,0.6118143459915611,0.2415273239797553,0.31390134529147984,0.8865740740740741,-1.4934725848563968,2.156657963446475,0.4050925925925926,0.6157407407407407
756,0.16203703703703703,0.6118143459915611,0.2562160797677647,0.3213751868460389,0.8865740740740741,-1.4595300261096606,2.122715404699739,0.41435185185185186,0.6064814814814815
757,0.18055555555555555,0.6118143459915611,0.27882553065601656,0.3333333333333333,0.8865740740740741,-1.3550913838120104,2.0130548302872064,0.46064814814814814,0.6319444444444444
758,0.16435185185185186,0.6118143459915611,0.25910126215913526,0.32286995515695066,0.8865740740740741,-1.4464751958224542,2.02088772845953,0.4398148148148148,0.625
759,0.15046296296296297,0.6118143459915611,0.2415273239797553,0.31390134529147984,0.8865740740740741,-1.402088772845953,2.101827676240209,0.4305555555555556,0.6111111111111112
760,0.14814814814814814,0.6118143459915611,0.23853588319967095,0.312406576980568,0.8865740740740741,-1.5926892950391645,2.14621409921671,0.4305555555555556,0.625
761,0.18287037037037038,0.6118143459915611,0.28157762127748487,0.33482810164424515,0.8865740740740741,-1.4960835509138382,2.033942558746736,0.4513888888888889,0.6458333333333334
762,0.14583333333333334,0.6118143459915611,0.2355261631279731,0.3109118086696562,0.8865740740740741,-1.5953002610966058,2.1279373368146213,0.4398148148148148,0.6157407407407407
763,0.1527777777777778,0.6118143459915611,0.24450065149076416,0.3153961136023916,0.8865740740740741,-1.5221932114882506,2.044386422976501,0.4375,0.6342592592592593
764,0.16435185185185186,0.6118143459915611,0.25910126215913526,0.32286995515695066,0.8865740740740741,-1.5013054830287207,2.112271540469974,0.4212962962962963,0.6018518518518519
765,0.16435185185185186,0.6118143459915611,0.25910126215913526,0.32286995515695066,0.8865740740740741,-1.485639686684073,2.0757180156657964,0.4305555555555556,0.6226851851851852
766,0.14814814814814814,0.6118143459915611,0.23853588319967095,0.312406576980568,0.8865740740740741,-1.5900783289817233,2.195822454308094,0.4074074074074074,0.6018518518518519
767,0.1412037037037037,0.6118143459915611,0.22945121081235326,0.30792227204783257,0.8865740740740741,-1.441253263707572,2.0574412532637076,0.45601851851851855,0.625
768,0.13425925925925927,0.6118143459915611,0.2201974183750949,0.3034379671150972,0.8865740740740741,-1.5013054830287207,2.1592689295039165,0.4305555555555556,0.6087962962962963
769,0.1712962962962963,0.6118143459915611,0.26765446880690463,0.3273542600896861,0.8865740740740741,-1.4464751958224542,2.10443864229765,0.44212962962962965,0.6226851851851852
770,0.17824074074074073,0.6118143459915611,0.27605731310808634,0.33183856502242154,0.8865740740740741,-1.3629242819843341,1.9791122715404699,0.46296296296296297,0.6435185185185185
771,0.1527777777777778,0.6118143459915611,0.24450065149076416,0.3153961136023916,0.8865740740740741,-1.4360313315926894,2.08355091383812,0.42592592592592593,0.625
772,0.17592592592592593,0.6118143459915611,0.27327282646431583,0.3303437967115097,0.8865740740740741,-1.4725848563968669,2.052219321148825,0.44212962962962965,0.6226851851851852
773,0.16666666666666666,0.6118143459915611,0.26196928635953026,0.3243647234678625,0.8865740740740741,-1.3968668407310705,2.0809399477806787,0.4351851851851852,0.6041666666666666
774,0.1712962962962963,0.6118143459915611,0.26765446880690463,0.3273542600896861,0.8865740740740741,-1.587467362924282,2.1096605744125325,0.44212962962962965,0.6064814814814815
775,0.17592592592592593,0.6118143459915611,0.27327282646431583,0.3303437967115097,0.8865740740740741,-1.5483028720626633,2.1070496083550916,0.4351851851851852,0.6203703703703703
776,0.1550925925925926,0.6118143459915611,0.24745602975076095,0.31689088191330345,0.8865740740740741,-1.4046997389033942,2.052219321148825,0.4212962962962963,0.6157407407407407
777,0.16666666666666666,0.6118143459915611,0.26196928635953026,0.3243647234678625,0.8865740740740741,-1.3759791122715406,2.0809399477806787,0.4513888888888889,0.6087962962962963
778,0.1574074074074074,0.6118143459915611,0.2503936208034943,0.3183856502242152,0.8865740740740741,-1.4882506527415145,2.0,0.45601851851851855,0.6481481481481481
779,0.15046296296296297,0.6118143459915611,0.2415273239797553,0.31390134529147984,0.8865740740740741,-1.514360313315927,2.0365535248041775,0.44212962962962965,0.6296296296296297
780,0.17592592592592593,0.6118143459915611,0.27327282646431583,0.3303437967115097,0.8865740740740741,-1.5691906005221932,2.0913838120104438,0.42592592592592593,0.6157407407407407
781,0.13425925925925927,0.6118143459915611,0.2201974183750949,0.3034379671150972,0.8865740740740741,-1.5535248041775458,2.164490861618799,0.4351851851851852,0.6018518518518519
782,0.1574074074074074,0.6118143459915611,0.2503936208034943,0.3183856502242152,0.8865740740740741,-1.608355091383812,2.2610966057441253,0.4097222222222222,0.5856481481481481
783,0.1574074074074074,0.6118143459915611,0.2503936208034943,0.3183856502242152,0.8865740740740741,-1.4308093994778068,2.0469973890339426,0.4444444444444444,0.625
784,0.16435185185185186,0.6118143459915611,0.25910126215913526,0.32286995515695066,0.8865740740740741,-1.370757180156658,2.0026109660574414,0.4375,0.6365740740740741
785,0.1550925925925926,0.6118143459915611,0.24745602975076095,0.31689088191330345,0.8865740740740741,-1.5404699738903394,2.1409921671018277,0.42592592592592593,0.6087962962962963
786,0.18287037037037038,0.6118143459915611,0.28157762127748487,0.33482810164424515,0.8865740740740741,-1.4464751958224542,1.9843342036553524,0.44212962962962965,0.6319444444444444
787,0.13194444444444445,0.6118143459915611,0.21707441988732618,0.30194319880418535,0.8865740740740741,-1.4516971279373367,2.16710182767624,0.3958333333333333,0.6087962962962963
788,0.19212962962962962,0.6118143459915611,0.2924275005770796,0.34080717488789236,0.8865740740740741,-1.402088772845953,1.9712793733681462,0.44675925925925924,0.6342592592592593
789,0.1412037037037037,0.6118143459915611,0.22945121081235326,0.30792227204783257,0.8865740740740741,-1.4647519582245432,2.0809399477806787,0.4097222222222222,0.6319444444444444
790,0.17592592592592593,0.6118143459915611,0.27327282646431583,0.3303437967115097,0.8865740740740741,-1.321148825065274,2.02088772845953,0.4444444444444444,0.6388888888888888
791,0.1712962962962963,0.6118143459915611,0.26765446880690463,0.3273542600896861,0.8865740740740741,-1.5953002610966058,2.117493472584856,0.4351851851851852,0.6203703703703703
792,0.16666666666666666,0.6118143459915611,0.26196928635953026,0.3243647234678625,0.8865740740740741,-1.4490861618798956,2.060052219321149,0.4166666666666667,0.6203703703703703
793,0.1412037037037037,0.6118143459915611,0.22945121081235326,0.30792227204783257,0.8865740740740741,-1.4778067885117494,2.0783289817232378,0.44212962962962965,0.6296296296296297
794,0.16435185185185186,0.6118143459915611,0.25910126215913526,0.32286995515695066,0.8865740740740741,-1.5691906005221932,2.185378590078329,0.41203703703703703,0.6041666666666666
795,0.18287037037037038,0.6118143459915611,0.28157762127748487,0.33482810164424515,0.8865740740740741,-1.4177545691906006,2.122715404699739,0.4398148148148148,0.6226851851851852
796,0.14814814814814814,0.6118143459915611,0.23853588319967095,0.312406576980568,0.8865740740740741,-1.524804177545692,2.1201044386422976,0.42824074074074076,0.625
797,0.15046296296296297,0.6118143459915611,0.2415273239797553,0.31390134529147984,0.8865740740740741,-1.4569190600522193,2.1148825065274153,0.4513888888888889,0.6273148148148148
798,0.16203703703703703,0.6118143459915611,0.2562160797677647,0.3213751868460389,0.8865740740740741,-1.4725848563968669,2.1148825065274153,0.4351851851851852,0.6134259259259259
799,0.14351851851851852,0.6118143459915611,0.23249799570693358,0.3094170403587444,0.8865740740740741,-1.566579634464752,2.0574412532637076,0.44675925925925924,0.6365740740740741
800,0.16898148148148148,0.6118143459915611,0.264820304974919,0.32585949177877427,0.8865740740740741,-1.3759791122715406,2.0548302872062663,0.4375,0.6296296296296297
801,0.18981481481481483,0.6118143459915611,0.2897385286448815,0.3393124065769806,0.8865740740740741,-1.3054830287206267,1.9791122715404699,0.44212962962962965,0.6435185185185185
802,0.18981481481481483,0.6118143459915611,0.2897385286448815,0.3393124065769806,0.8865740740740741,-1.3785900783289817,2.0417754569190603,0.4166666666666667,0.6319444444444444
803,0.16666666666666666,0.6118143459915611,0.26196928635953026,0.3243647234678625,0.8865740740740741,-1.4725848563968669,2.06266318537859,0.4375,0.6342592592592593
804,0.16666666666666666,0.6118143459915611,0.26196928635953026,0.3243647234678625,0.8865740740740741,-1.422976501305483,2.0078328981723237,0.47453703703703703,0.6504629629629629
805,0.1597222222222222,0.6118143459915611,0.25331358474801563,0.31988041853512705,0.8865740740740741,-1.3785900783289817,2.0574412532637076,0.4375,0.6458333333333334
806,0.1736111111111111,0.6118143459915611,0.2704719268793136,0.32884902840059793,0.8865740740740741,-1.5091383812010444,2.093994778067885,0.41898148148148145,0.6180555555555556
807,0.1597222222222222,0.6118143459915611,0.25331358474801563,0.31988041853512705,0.8865740740740741,-1.5221932114882506,2.0182767624020888,0.4351851851851852,0.6481481481481481
808,0.17824074074074073,0.6118143459915611,0.27605731310808634,0.33183856502242154,0.8865740740740741,-1.4073107049608355,2.0078328981723237,0.44212962962962965,0.6412037037037037
809,0.1574074074074074,0.6118143459915611,0.2503936208034943,0.3183856502242152,0.8865740740740741,-1.4308093994778068,2.1148825065274153,0.4351851851851852,0.6157407407407407
810,0.19212962962962962,0.6118143459915611,0.2924275005770796,0.34080717488789236,0.8865740740740741,-1.4725848563968669,2.0365535248041775,0.4444444444444444,0.6111111111111112
811,0.18055555555555555,0.6118143459915611,0.27882553065601656,0.3333333333333333,0.8865740740740741,-1.5352480417754568,2.093994778067885,0.4166666666666667,0.6342592592592593
812,0.1574074074074074,0.6118143459915611,0.2503936208034943,0.3183856502242152,0.8865740740740741,-1.3681462140992167,2.0992167101827675,0.43287037037037035,0.6157407407407407
813,0.1736111111111111,0.6118143459915611,0.2704719268793136,0.32884902840059793,0.8865740740740741,-1.4386422976501305,2.1383812010443863,0.43287037037037035,0.6203703703703703
814,0.1597222222222222,0.6118143459915611,0.25331358474801563,0.31988041853512705,0.8865740740740741,-1.4621409921671018,2.14621409921671,0.4166666666666667,0.6157407407407407
815,0.16203703703703703,0.6118143459915611,0.2562160797677647,0.3213751868460389,0.8865740740740741,-1.2454308093994777,2.060052219321149,0.4513888888888889,0.6226851851851852
816,0.15046296296296297,0.6118143459915611,0.2415273239797553,0.31390134529147984,0.8865740740740741,-1.5352480417754568,2.0992167101827675,0.44212962962962965,0.6296296296296297
817,0.18055555555555555,0.6118143459915611,0.27882553065601656,0.3333333333333333,0.8865740740740741,-1.5326370757180157,2.049608355091384,0.4444444444444444,0.6319444444444444
818,0.17824074074074073,0.6118143459915611,0.27605731310808634,0.33183856502242154,0.8865740740740741,-1.485639686684073,2.033942558746736,0.4583333333333333,0.6180555555555556
819,0.16666666666666666,0.6118143459915611,0.26196928635953026,0.3243647234678625,0.8865740740740741,-1.4934725848563968,2.0678851174934727,0.43287037037037035,0.6203703703703703
820,0.16435185185185186,0.6118143459915611,0.25910126215913526,0.32286995515695066,0.8865740740740741,-1.4386422976501305,2.0182767624020888,0.4652777777777778,0.6388888888888888
821,0.15046296296296297,0.6118143459915611,0.2415273239797553,0.31390134529147984,0.8865740740740741,-1.5221932114882506,2.117493472584856,0.4236111111111111,0.6226851851851852
822,0.1388888888888889,0.6118143459915611,0.22638563622170177,0.3064275037369208,0.8865740740740741,-1.4908616187989556,2.154046997389034,0.41203703703703703,0.6226851851851852
823,0.18287037037037038,0.6118143459915611,0.28157762127748487,0.33482810164424515,0.8865740740740741,-1.4934725848563968,2.06266318537859,0.4444444444444444,0.6134259259259259
824,0.1550925925925926,0.6118143459915611,0.24745602975076095,0.31689088191330345,0.8865740740740741,-1.433420365535248,2.028720626631854,0.45601851851851855,0.6365740740740741
825,0.14351851851851852,0.6118143459915611,0.23249799570693358,0.3094170403587444,0.8865740740740741,-1.5221932114882506,2.0704960835509136,0.4375,0.6180555555555556
826,0.1550925925925926,0.6118143459915611,0.24745602975076095,0.31689088191330345,0.8865740740740741,-1.4386422976501305,2.1070496083550916,0.4305555555555556,0.6296296296296297
827,0.1550925925925926,0.6118143459915611,0.24745602975076095,0.31689088191330345,0.8865740740740741,-1.516971279373368,2.0809399477806787,0.4375,0.6087962962962963
828,0.18518518518518517,0.6118143459915611,0.284313725490196,0.336322869955157,0.8865740740740741,-1.5456919060052219,2.02088772845953,0.44675925925925924,0.6319444444444444
829,0.1597222222222222,0.6118143459915611,0.25331358474801563,0.31988041853512705,0.8865740740740741,-1.5326370757180157,2.164490861618799,0.42824074074074076,0.5949074074074074
830,0.1597222222222222,0.6118143459915611,0.25331358474801563,0.31988041853512705,0.8865740740740741,-1.4099216710182767,2.08355091383812,0.4305555555555556,0.6087962962962963
831,0.1412037037037037,0.6118143459915611,0.22945121081235326,0.30792227204783257,0.8865740740740741,-1.4360313315926894,2.14621409921671,0.4166666666666667,0.6134259259259259
832,0.1550925925925926,0.6118143459915611,0.24745602975076095,0.31689088191330345,0.8865740740740741,-1.5221932114882506,2.1070496083550916,0.4375,0.6296296296296297
833,0.1388888888888889,0.6118143459915611,0.22638563622170177,0.3064275037369208,0.8865740740740741,-1.5091383812010444,2.1253263707571803,0.41898148148148145,0.6203703703703703
834,0.16203703703703703,0.6118143459915611,0.2562160797677647,0.3213751868460389,0.8865740740740741,-1.5013054830287207,1.9817232375979112,0.44675925925925924,0.6412037037037037
835,0.14814814814814814,0.6118143459915611,0.23853588319967095,0.312406576980568,0.8865740740740741,-1.5848563968668408,2.112271540469974,0.4375,0.6157407407407407
836,0.1550925925925926,0.6118143459915611,0.24745602975076095,0.31689088191330345,0.8865740740740741,-1.4464751958224542,2.156657963446475,0.41203703703703703,0.625
837,0.1527777777777778,0.6118143459915611,0.24450065149076416,0.3153961136023916,0.8865740740740741,-1.4934725848563968,2.245430809399478,0.41435185185185186,0.5925925925925926
838,0.17592592592592593,0.6118143459915611,0.27327282646431583,0.3303437967115097,0.8865740740740741,-1.4778067885117494,2.088772845953003,0.4166666666666667,0.6203703703703703
839,0.13194444444444445,0.6118143459915611,0.21707441988732618,0.30194319880418535,0.8865740740740741,-1.556135770234987,2.1305483028720626,0.4027777777777778,0.6041666666666666
840,0.1736111111111111,0.6118143459915611,0.2704719268793136,0.32884902840059793,0.8865740740740741,-1.279373368146214,1.968668407310705,0.44675925925925924,0.6435185185185185
841,0.18518518518518517,0.6118143459915611,0.284313725490196,0.336322869955157,0.8865740740740741,-1.6031331592689295,2.10443864229765,0.4583333333333333,0.6111111111111112
842,0.18981481481481483,0.6118143459915611,0.2897385286448815,0.3393124065769806,0.8865740740740741,-1.433420365535248,1.9973890339425588,0.46064814814814814,0.6365740740740741
843,0.14814814814814814,0.6118143459915611,0.23853588319967095,0.312406576980568,0.8865740740740741,-1.4203655352480418,2.06266318537859,0.41898148148148145,0.6273148148148148
844,0.1875,0.6118143459915611,0.28703398218409765,0.33781763826606875,0.8865740740740741,-1.422976501305483,2.0809399477806787,0.4398148148148148,0.6226851851851852
845,0.13657407407407407,0.6118143459915611,0.22330109758166605,0.30493273542600896,0.8865740740740741,-1.5065274151436032,2.1070496083550916,0.42592592592592593,0.6111111111111112
846,0.16203703703703703,0.6118143459915611,0.2562160797677647,0.3213751868460389,0.8865740740740741,-1.4986945169712793,2.135770234986945,0.4166666666666667,0.6134259259259259
847,0.1550925925925926,0.6118143459915611,0.24745602975076095,0.31689088191330345,0.8865740740740741,-1.4804177545691906,2.0704960835509136,0.43287037037037035,0.6319444444444444
848,0.1597222222222222,0.6118143459915611,0.25331358474801563,0.31988041853512705,0.8865740740740741,-1.483028720626632,2.06266318537859,0.44675925925925924,0.6134259259259259
849,0.16203703703703703,0.6118143459915611,0.2562160797677647,0.3213751868460389,0.8865740740740741,-1.4281984334203655,2.1070496083550916,0.4305555555555556,0.6157407407407407
850,0.16435185185185186,0.6118143459915611,0.25910126215913526,0.32286995515695066,0.8865740740740741,-1.4699738903394255,2.1488250652741514,0.4212962962962963,0.5902777777777778
851,0.1550925925925926,0.6118143459915611,0.24745602975076095,0.31689088191330345,0.8865740740740741,-1.6475195822454307,2.044386422976501,0.4305555555555556,0.6458333333333334
852,0.1550925925925926,0.6118143459915611,0.24745602975076095,0.31689088191330345,0.8865740740740741,-1.5744125326370757,2.039164490861619,0.44907407407407407,0.6319444444444444
853,0.14814814814814814,0.6118143459915611,0.23853588319967095,0.312406576980568,0.8865740740740741,-1.3968668407310705,2.0913838120104438,0.4236111111111111,0.6296296296296297
854,0.1597222222222222,0.6118143459915611,0.25331358474801563,0.31988041853512705,0.8865740740740741,-1.4073107049608355,2.039164490861619,0.4351851851851852,0.6435185185185185
855,0.18287037037037038,0.6118143459915611,0.28157762127748487,0.33482810164424515,0.8865740740740741,-1.3394255874673628,2.033942558746736,0.4398148148148148,0.6180555555555556
856,0.1712962962962963,0.6118143459915611,0.26765446880690463,0.3273542600896861,0.8865740740740741,-1.422976501305483,2.0757180156657964,0.44212962962962965,0.6180555555555556
857,0.1875,0.6118143459915611,0.28703398218409765,0.33781763826606875,0.8865740740740741,-1.2898172323759791,1.926892950391645,0.47453703703703703,0.6527777777777778
858,0.17824074074074073,0.6118143459915611,0.27605731310808634,0.33183856502242154,0.8865740740740741,-1.4464751958224542,2.02088772845953,0.47453703703703703,0.6319444444444444
859,0.13194444444444445,0.6118143459915611,0.21707441988732618,0.30194319880418535,0.8865740740740741,-1.4804177545691906,2.133159268929504,0.4351851851851852,0.6319444444444444
860,0.1736111111111111,0.6118143459915611,0.2704719268793136,0.32884902840059793,0.8865740740740741,-1.443864229765013,2.0913838120104438,0.4375,0.6111111111111112
861,0.14814814814814814,0.6118143459915611,0.23853588319967095,0.312406576980568,0.8865740740740741,-1.5221932114882506,2.117493472584856,0.41435185185185186,0.625
862,0.1736111111111111,0.6118143459915611,0.2704719268793136,0.32884902840059793,0.8865740740740741,-1.483028720626632,2.052219321148825,0.4513888888888889,0.6296296296296297
863,0.1550925925925926,0.6118143459915611,0.24745602975076095,0.31689088191330345,0.8865740740740741,-1.4986945169712793,2.08355091383812,0.42824074074074076,0.6203703703703703
864,0.18518518518518517,0.6118143459915611,0.284313725490196,0.336322869955157,0.8865740740740741,-1.3942558746736293,1.947780678851175,0.44907407407407407,0.6319444444444444
865,0.14814814814814814,0.6118143459915611,0.23853588319967095,0.312406576980568,0.8865740740740741,-1.4073107049608355,2.028720626631854,0.4583333333333333,0.625
866,0.14351851851851852,0.6118143459915611,0.23249799570693358,0.3094170403587444,0.8865740740740741,-1.5300261096605745,2.073107049608355,0.44212962962962965,0.6412037037037037
867,0.1388888888888889,0.6118143459915611,0.22638563622170177,0.3064275037369208,0.8865740740740741,-1.4516971279373367,2.172323759791123,0.41898148148148145,0.6064814814814815
868,0.1388888888888889,0.6118143459915611,0.22638563622170177,0.3064275037369208,0.8865740740740741,-1.4908616187989556,2.0913838120104438,0.41435185185185186,0.6273148148148148
869,0.1574074074074074,0.6118143459915611,0.2503936208034943,0.3183856502242152,0.8865740740740741,-1.5509138381201044,2.1879895561357703,0.4305555555555556,0.6064814814814815
870,0.1574074074074074,0.6118143459915611,0.2503936208034943,0.3183856502242152,0.8865740740740741,-1.4308093994778068,2.0417754569190603,0.42592592592592593,0.6527777777777778
871,0.1875,0.6118143459915611,0.28703398218409765,0.33781763826606875,0.8865740740740741,-1.4621409921671018,1.989556135770235,0.48842592592592593,0.6296296296296297
872,0.18287037037037038,0.6118143459915611,0.28157762127748487,0.33482810164424515,0.8865740740740741,-1.279373368146214,1.9216710182767625,0.4699074074074074,0.6435185185185185
873,0.1574074074074074,0.6118143459915611,0.2503936208034943,0.3183856502242152,0.8865740740740741,-1.5065274151436032,2.0861618798955615,0.41435185185185186,0.6342592592592593
874,0.1712962962962963,0.6118143459915611,0.26765446880690463,0.3273542600896861,0.8865740740740741,-1.4934725848563968,2.0469973890339426,0.44212962962962965,0.6180555555555556
875,0.1550925925925926,0.6118143459915611,0.24745602975076095,0.31689088191330345,0.8865740740740741,-1.5013054830287207,2.033942558746736,0.44212962962962965,0.625
876,0.125,0.6118143459915611,0.20758768790264853,0.2974588938714499,0.8865740740740741,-1.556135770234987,2.2036553524804177,0.3888888888888889,0.6111111111111112
877,0.1712962962962963,0.6118143459915611,0.26765446880690463,0.3273542600896861,0.8865740740740741,-1.5195822454308094,2.0783289817232378,0.4351851851851852,0.6087962962962963
878,0.14583333333333334,0.6118143459915611,0.2355261631279731,0.3109118086696562,0.8865740740740741,-1.5117493472584855,2.185378590078329,0.41435185185185186,0.6157407407407407
879,0.17824074074074073,0.6118143459915611,0.27605731310808634,0.33183856502242154,0.8865740740740741,-1.3733681462140992,1.947780678851175,0.44675925925925924,0.6643518518518519
880,0.1527777777777778,0.6118143459915611,0.24450065149076416,0.3153961136023916,0.8865740740740741,-1.3759791122715406,2.044386422976501,0.4537037037037037,0.6342592592592593
881,0.18287037037037038,0.6118143459915611,0.28157762127748487,0.33482810164424515,0.8865740740740741,-1.6057441253263707,2.1070496083550916,0.4166666666666667,0.6180555555555556
882,0.1574074074074074,0.6118143459915611,0.2503936208034943,0.3183856502242152,0.8865740740740741,-1.514360313315927,2.177545691906005,0.4097222222222222,0.6041666666666666
883,0.16666666666666666,0.6118143459915611,0.26196928635953026,0.3243647234678625,0.8865740740740741,-1.3890339425587468,2.06266318537859,0.44212962962962965,0.6226851851851852
884,0.18518518518518517,0.6118143459915611,0.284313725490196,0.336322869955157,0.8865740740740741,-1.6344647519582245,2.156657963446475,0.4444444444444444,0.6157407407407407
885,0.1597222222222222,0.6118143459915611,0.25331358474801563,0.31988041853512705,0.8865740740740741,-1.5221932114882506,2.1070496083550916,0.43287037037037035,0.6226851851851852
886,0.16435185185185186,0.6118143459915611,0.25910126215913526,0.32286995515695066,0.8865740740740741,-1.5091383812010444,2.1253263707571803,0.4444444444444444,0.6203703703703703
887,0.16203703703703703,0.6118143459915611,0.2562160797677647,0.3213751868460389,0.8865740740740741,-1.4281984334203655,2.122715404699739,0.42592592592592593,0.6180555555555556
888,0.1550925925925926,0.6118143459915611,0.24745602975076095,0.31689088191330345,0.8865740740740741,-1.4595300261096606,2.044386422976501,0.44907407407407407,0.6273148148148148
889,0.1597222222222222,0.6118143459915611,0.25331358474801563,0.31988041853512705,0.8865740740740741,-1.5221932114882506,2.0966057441253265,0.42824074074074076,0.6226851851851852
890,0.16435185185185186,0.6118143459915611,0.25910126215913526,0.32286995515695066,0.8865740740740741,-1.5404699738903394,2.0574412532637076,0.44675925925925924,0.6388888888888888
891,0.18981481481481483,0.6118143459915611,0.2897385286448815,0.3393124065769806,0.8865740740740741,-1.5013054830287207,2.0548302872062663,0.4652777777777778,0.6226851851851852
892,0.1597222222222222,0.6118143459915611,0.25331358474801563,0.31988041853512705,0.8865740740740741,-1.5300261096605745,2.06266318537859,0.45601851851851855,0.6504629629629629
893,0.13657407407407407,0.6118143459915611,0.22330109758166605,0.30493273542600896,0.8865740740740741,-1.514360313315927,2.1253263707571803,0.44212962962962965,0.625
894,0.1527777777777778,0.6118143459915611,0.24450065149076416,0.3153961136023916,0.8865740740740741,-1.4360313315926894,2.073107049608355,0.4583333333333333,0.5995370370370371
895,0.16203703703703703,0.6118143459915611,0.2562160797677647,0.3213751868460389,0.8865740740740741,-1.4778067885117494,2.010443864229765,0.4398148148148148,0.6342592592592593
896,0.16203703703703703,0.6118143459915611,0.2562160797677647,0.3213751868460389,0.8865740740740741,-1.4934725848563968,2.0417754569190603,0.4212962962962963,0.6203703703703703
897,0.16666666666666666,0.6118143459915611,0.26196928635953026,0.3243647234678625,0.8865740740740741,-1.4255874673629243,2.08355091383812,0.4212962962962963,0.6226851851851852
898,0.1712962962962963,0.6118143459915611,0.26765446880690463,0.3273542600896861,0.8865740740740741,-1.5117493472584855,2.1279373368146213,0.41435185185185186,0.6111111111111112
899,0.14583333333333334,0.6118143459915611,0.2355261631279731,0.3109118086696562,0.8865740740740741,-1.433420365535248,2.101827676240209,0.4398148148148148,0.6226851851851852
900,0.19212962962962962,0.6118143459915611,0.2924275005770796,0.34080717488789236,0.8865740740740741,-1.4386422976501305,2.028720626631854,0.4375,0.6226851851851852
901,0.16666666666666666,0.6118143459915611,0.26196928635953026,0.3243647234678625,0.8865740740740741,-1.5274151436031331,2.0704960835509136,0.41898148148148145,0.6134259259259259
902,0.18518518518518517,0.6118143459915611,0.284313725490196,0.336322869955157,0.8865740740740741,-1.5221932114882506,2.0026109660574414,0.47453703703703703,0.6388888888888888
903,0.18055555555555555,0.6118143459915611,0.27882553065601656,0.3333333333333333,0.8865740740740741,-1.4647519582245432,2.060052219321149,0.4375,0.625
904,0.1527777777777778,0.6118143459915611,0.24450065149076416,0.3153961136023916,0.8865740740740741,-1.608355091383812,2.2088772845953004,0.41435185185185186,0.5995370370370371
905,0.1736111111111111,0.6118143459915611,0.2704719268793136,0.32884902840059793,0.8865740740740741,-1.3733681462140992,1.989556135770235,0.4722222222222222,0.6342592592592593
906,0.18981481481481483,0.6118143459915611,0.2897385286448815,0.3393124065769806,0.8865740740740741,-1.4725848563968669,2.031331592689295,0.4351851851851852,0.6180555555555556
907,0.16435185185185186,0.6118143459915611,0.25910126215913526,0.32286995515695066,0.8865740740740741,-1.6318537859007833,2.2010443864229763,0.42592592592592593,0.6087962962962963
908,0.19212962962962962,0.6118143459915611,0.2924275005770796,0.34080717488789236,0.8865740740740741,-1.5065274151436032,2.033942558746736,0.4375,0.6134259259259259
909,0.16666666666666666,0.6118143459915611,0.26196928635953026,0.3243647234678625,0.8865740740740741,-1.3994778067885119,2.073107049608355,0.4513888888888889,0.6319444444444444
910,0.1574074074074074,0.6118143459915611,0.2503936208034943,0.3183856502242152,0.8865740740740741,-1.4177545691906006,2.0809399477806787,0.41898148148148145,0.6273148148148148
911,0.14814814814814814,0.6118143459915611,0.23853588319967095,0.312406576980568,0.8865740740740741,-1.3968668407310705,2.033942558746736,0.4305555555555556,0.6273148148148148
912,0.17592592592592593,0.6118143459915611,0.27327282646431583,0.3303437967115097,0.8865740740740741,-1.4595300261096606,1.9765013054830287,0.4444444444444444,0.6296296296296297
913,0.18287037037037038,0.6118143459915611,0.28157762127748487,0.33482810164424515,0.8865740740740741,-1.3994778067885119,2.0574412532637076,0.45601851851851855,0.6319444444444444
914,0.1412037037037037,0.6118143459915611,0.22945121081235326,0.30792227204783257,0.8865740740740741,-1.4908616187989556,2.1592689295039165,0.4236111111111111,0.6111111111111112
915,0.20601851851851852,0.6118143459915611,0.3082416729365961,0.34977578475336324,0.8865740740740741,-1.3002610966057442,1.9634464751958225,0.46296296296296297,0.6481481481481481
916,0.1736111111111111,0.6118143459915611,0.2704719268793136,0.32884902840059793,0.8865740740740741,-1.4960835509138382,2.0757180156657964,0.44907407407407407,0.6273148148148148
917,0.18287037037037038,0.6118143459915611,0.28157762127748487,0.33482810164424515,0.8865740740740741,-1.5691906005221932,2.039164490861619,0.4537037037037037,0.6226851851851852
918,0.14814814814814814,0.6118143459915611,0.23853588319967095,0.312406576980568,0.8865740740740741,-1.485639686684073,2.0861618798955615,0.45601851851851855,0.6319444444444444
919,0.125,0.6118143459915611,0.20758768790264853,0.2974588938714499,0.8865740740740741,-1.4099216710182767,2.135770234986945,0.4375,0.6180555555555556
920,0.19907407407407407,0.6118143459915611,0.30040230300402304,0.3452914798206278,0.8865740740740741,-1.3864229765013054,1.9556135770234986,0.44907407407407407,0.6435185185185185
921,0.1875,0.6118143459915611,0.28703398218409765,0.33781763826606875,0.8865740740740741,-1.5953002610966058,2.033942558746736,0.4537037037037037,0.6458333333333334
922,0.18287037037037038,0.6118143459915611,0.28157762127748487,0.33482810164424515,0.8865740740740741,-1.4203655352480418,2.0,0.4699074074074074,0.6342592592592593
923,0.17824074074074073,0.6118143459915611,0.27605731310808634,0.33183856502242154,0.8865740740740741,-1.4908616187989556,2.033942558746736,0.44212962962962965,0.6180555555555556
924,0.125,0.6118143459915611,0.20758768790264853,0.2974588938714499,0.8865740740740741,-1.4986945169712793,2.1253263707571803,0.40046296296296297,0.6226851851851852
925,0.1527777777777778,0.6118143459915611,0.24450065149076416,0.3153961136023916,0.8865740740740741,-1.4490861618798956,2.133159268929504,0.4212962962962963,0.6180555555555556
926,0.15046296296296297,0.6118143459915611,0.2415273239797553,0.31390134529147984,0.8865740740740741,-1.4595300261096606,2.0966057441253265,0.4236111111111111,0.6319444444444444
927,0.16435185185185186,0.6118143459915611,0.25910126215913526,0.32286995515695066,0.8865740740740741,-1.524804177545692,2.0783289817232378,0.44212962962962965,0.6296296296296297
928,0.1712962962962963,0.6118143459915611,0.26765446880690463,0.3273542600896861,0.8865740740740741,-1.3577023498694516,2.0469973890339426,0.43287037037037035,0.6180555555555556
929,0.15046296296296297,0.6118143459915611,0.2415273239797553,0.31390134529147984,0.8865740740740741,-1.4386422976501305,2.1070496083550916,0.41435185185185186,0.6296296296296297
930,0.14351851851851852,0.6118143459915611,0.23249799570693358,0.3094170403587444,0.8865740740740741,-1.524804177545692,2.1409921671018277,0.39814814814814814,0.6041666666666666
931,0.14583333333333334,0.6118143459915611,0.2355261631279731,0.3109118086696562,0.8865740740740741,-1.4099216710182767,2.10443864229765,0.4513888888888889,0.6018518518518519
932,0.16435185185185186,0.6118143459915611,0.25910126215913526,0.32286995515695066,0.8865740740740741,-1.433420365535248,1.9817232375979112,0.4652777777777778,0.6435185185185185
933,0.17592592592592593,0.6118143459915611,0.27327282646431583,0.3303437967115097,0.8865740740740741,-1.4804177545691906,2.033942558746736,0.4351851851851852,0.6134259259259259
934,0.1574074074074074,0.6118143459915611,0.2503936208034943,0.3183856502242152,0.8865740740740741,-1.4882506527415145,2.156657963446475,0.4212962962962963,0.6111111111111112
935,0.15046296296296297,0.6118143459915611,0.2415273239797553,0.31390134529147984,0.8865740740740741,-1.3159268929503916,2.0261096605744124,0.4652777777777778,0.6388888888888888
936,0.14583333333333334,0.6118143459915611,0.2355261631279731,0.3109118086696562,0.8865740740740741,-1.566579634464752,2.135770234986945,0.42592592592592593,0.6180555555555556
937,0.14351851851851852,0.6118143459915611,0.23249799570693358,0.3094170403587444,0.8865740740740741,-1.4255874673629243,2.0678851174934727,0.42824074074074076,0.6203703703703703
938,0.1574074074074074,0.6118143459915611,0.2503936208034943,0.3183856502242152,0.8865740740740741,-1.4647519582245432,2.101827676240209,0.41898148148148145,0.6180555555555556
939,0.15046296296296297,0.6118143459915611,0.2415273239797553,0.31390134529147984,0.8865740740740741,-1.5848563968668408,2.117493472584856,0.4537037037037037,0.625
940,0.17592592592592593,0.6118143459915611,0.27327282646431583,0.3303437967115097,0.8865740740740741,-1.5091383812010444,2.08355091383812,0.44675925925925924,0.6064814814814815
941,0.1712962962962963,0.6118143459915611,0.26765446880690463,0.3273542600896861,0.8865740740740741,-1.4725848563968669,1.9843342036553524,0.4537037037037037,0.6365740740740741
942,0.18055555555555555,0.6118143459915611,0.27882553065601656,0.3333333333333333,0.8865740740740741,-1.370757180156658,2.0026109660574414,0.4675925925925926,0.6574074074074074
943,0.1736111111111111,0.6118143459915611,0.2704719268793136,0.32884902840059793,0.8865740740740741,-1.5013054830287207,1.9765013054830287,0.44907407407407407,0.6365740740740741
944,0.1574074074074074,0.6118143459915611,0.2503936208034943,0.3183856502242152,0.8865740740740741,-1.4464751958224542,2.052219321148825,0.42824074074074076,0.6134259259259259
945,0.1412037037037037,0.6118143459915611,0.22945121081235326,0.30792227204783257,0.8865740740740741,-1.4595300261096606,2.112271540469974,0.4305555555555556,0.6273148148148148
946,0.1550925925925926,0.6118143459915611,0.24745602975076095,0.31689088191330345,0.8865740740740741,-1.3994778067885119,2.0417754569190603,0.44212962962962965,0.6226851851851852
947,0.16898148148148148,0.6118143459915611,0.264820304974919,0.32585949177877427,0.8865740740740741,-1.4255874673629243,2.10443864229765,0.4398148148148148,0.6203703703703703
948,0.13425925925925927,0.6118143459915611,0.2201974183750949,0.3034379671150972,0.8865740740740741,-1.4778067885117494,2.031331592689295,0.4375,0.6435185185185185
949,0.17592592592592593,0.6118143459915611,0.27327282646431583,0.3303437967115097,0.8865740740740741,-1.5796344647519582,2.0652741514360313,0.44212962962962965,0.6273148148148148
950,0.1597222222222222,0.6118143459915611,0.25331358474801563,0.31988041853512705,0.8865740740740741,-1.3968668407310705,2.101827676240209,0.43287037037037035,0.5949074074074074
951,0.18055555555555555,0.6118143459915611,0.27882553065601656,0.3333333333333333,0.8865740740740741,-1.5639686684073106,2.0861618798955615,0.44907407407407407,0.6226851851851852
952,0.17592592592592593,0.6118143459915611,0.27327282646431583,0.3303437967115097,0.8865740740740741,-1.4308093994778068,2.06266318537859,0.44675925925925924,0.6111111111111112
953,0.18055555555555555,0.6118143459915611,0.27882553065601656,0.3333333333333333,0.8865740740740741,-1.524804177545692,2.0365535248041775,0.4398148148148148,0.6296296296296297
954,0.17592592592592593,0.6118143459915611,0.27327282646431583,0.3303437967115097,0.8865740740740741,-1.433420365535248,1.9608355091383811,0.44675925925925924,0.6597222222222222
955,0.2013888888888889,0.6118143459915611,0.30303030303030304,0.34678624813153963,0.8865740740740741,-1.443864229765013,2.0182767624020888,0.4444444444444444,0.6388888888888888
956,0.13657407407407407,0.6118143459915611,0.22330109758166605,0.30493273542600896,0.8865740740740741,-1.587467362924282,2.093994778067885,0.4375,0.6412037037037037
957,0.16435185185185186,0.6118143459915611,0.25910126215913526,0.32286995515695066,0.8865740740740741,-1.5926892950391645,2.1305483028720626,0.4050925925925926,0.6087962962962963
958,0.16435185185185186,0.6118143459915611,0.25910126215913526,0.32286995515695066,0.8865740740740741,-1.483028720626632,2.0261096605744124,0.4583333333333333,0.6574074074074074
959,0.18518518518518517,0.6118143459915611,0.284313725490196,0.336322869955157,0.8865740740740741,-1.2741514360313315,2.10443864229765,0.43287037037037035,0.5995370370370371
960,0.16203703703703703,0.6118143459915611,0.2562160797677647,0.3213751868460389,0.8865740740740741,-1.4569190600522193,2.0261096605744124,0.44212962962962965,0.6087962962962963
961,0.1574074074074074,0.6118143459915611,0.2503936208034943,0.3183856502242152,0.8865740740740741,-1.360313315926893,2.0966057441253265,0.42824074074074076,0.625
962,0.16898148148148148,0.6118143459915611,0.264820304974919,0.32585949177877427,0.8865740740740741,-1.441253263707572,2.0574412532637076,0.4398148148148148,0.6296296296296297
963,0.16898148148148148,0.6118143459915611,0.264820304974919,0.32585949177877427,0.8865740740740741,-1.4177545691906006,2.060052219321149,0.4236111111111111,0.6273148148148148
964,0.1712962962962963,0.6118143459915611,0.26765446880690463,0.3273542600896861,0.8865740740740741,-1.5195822454308094,2.088772845953003,0.41898148148148145,0.6134259259259259
965,0.17592592592592593,0.6118143459915611,0.27327282646431583,0.3303437967115097,0.8865740740740741,-1.6109660574412532,2.1070496083550916,0.42592592592592593,0.6157407407407407
966,0.17592592592592593,0.6118143459915611,0.27327282646431583,0.3303437967115097,0.8865740740740741,-1.5509138381201044,2.0052219321148823,0.4791666666666667,0.6388888888888888
967,0.19212962962962962,0.6118143459915611,0.2924275005770796,0.34080717488789236,0.8865740740740741,-1.4882506527415145,2.0574412532637076,0.4444444444444444,0.6180555555555556
968,0.1875,0.6118143459915611,0.28703398218409765,0.33781763826606875,0.8865740740740741,-1.3864229765013054,1.9921671018276763,0.46064814814814814,0.6273148148148148
969,0.14814814814814814,0.6118143459915611,0.23853588319967095,0.312406576980568,0.8865740740740741,-1.597911227154047,2.1148825065274153,0.44212962962962965,0.6180555555555556
970,0.17592592592592593,0.6118143459915611,0.27327282646431583,0.3303437967115097,0.8865740740740741,-1.4046997389033942,1.9843342036553524,0.4398148148148148,0.6342592592592593
971,0.16666666666666666,0.6118143459915611,0.26196928635953026,0.3243647234678625,0.8865740740740741,-1.4621409921671018,2.0469973890339426,0.4398148148148148,0.625
972,0.17592592592592593,0.6118143459915611,0.27327282646431583,0.3303437967115097,0.8865740740740741,-1.4203655352480418,1.947780678851175,0.4675925925925926,0.6435185185185185
973,0.1550925925925926,0.6118143459915611,0.24745602975076095,0.31689088191330345,0.8865740740740741,-1.360313315926893,2.133159268929504,0.4166666666666667,0.6134259259259259
974,0.1875,0.6118143459915611,0.28703398218409765,0.33781763826606875,0.8865740740740741,-1.5091383812010444,2.0052219321148823,0.4699074074074074,0.6180555555555556
975,0.1388888888888889,0.6118143459915611,0.22638563622170177,0.3064275037369208,0.8865740740740741,-1.5013054830287207,2.1279373368146213,0.44907407407407407,0.6180555555555556
976,0.1875,0.6118143459915611,0.28703398218409765,0.33781763826606875,0.8865740740740741,-1.5039164490861618,2.0417754569190603,0.46064814814814814,0.6342592592592593
977,0.1574074074074074,0.6118143459915611,0.2503936208034943,0.3183856502242152,0.8865740740740741,-1.5430809399477807,2.0861618798955615,0.40046296296296297,0.6203703703703703
978,0.17592592592592593,0.6118143459915611,0.27327282646431583,0.3303437967115097,0.8865740740740741,-1.4046997389033942,2.0783289817232378,0.44212962962962965,0.6157407407407407
979,0.1736111111111111,0.6118143459915611,0.2704719268793136,0.32884902840059793,0.8865740740740741,-1.5274151436031331,2.0913838120104438,0.4166666666666667,0.6226851851851852
980,0.16666666666666666,0.6118143459915611,0.26196928635953026,0.3243647234678625,0.8865740740740741,-1.3785900783289817,1.968668407310705,0.44675925925925924,0.6435185185185185
981,0.2013888888888889,0.6118143459915611,0.30303030303030304,0.34678624813153963,0.8865740740740741,-1.4516971279373367,1.9791122715404699,0.4305555555555556,0.625
982,0.15046296296296297,0.6118143459915611,0.2415273239797553,0.31390134529147984,0.8865740740740741,-1.4778067885117494,2.1201044386422976,0.39351851851851855,0.6180555555555556
983,0.13425925925925927,0.6118143459915611,0.2201974183750949,0.3034379671150972,0.8865740740740741,-1.5274151436031331,2.1697127937336815,0.41435185185185186,0.6064814814814815
984,0.18287037037037038,0.6118143459915611,0.28157762127748487,0.33482810164424515,0.8865740740740741,-1.4986945169712793,2.088772845953003,0.4305555555555556,0.6111111111111112
985,0.16435185185185186,0.6118143459915611,0.25910126215913526,0.32286995515695066,0.8865740740740741,-1.4360313315926894,1.9530026109660574,0.4675925925925926,0.6435185185185185
986,0.14583333333333334,0.6118143459915611,0.2355261631279731,0.3109118086696562,0.8865740740740741,-1.4543080939947781,2.185378590078329,0.4097222222222222,0.6018518518518519
987,0.1736111111111111,0.6118143459915611,0.2704719268793136,0.32884902840059793,0.8865740740740741,-1.5300261096605745,2.0992167101827675,0.42592592592592593,0.6157407407407407
988,0.1597222222222222,0.6118143459915611,0.25331358474801563,0.31988041853512705,0.8865740740740741,-1.4725848563968669,2.031331592689295,0.4537037037037037,0.6481481481481481
989,0.1712962962962963,0.6118143459915611,0.26765446880690463,0.3273542600896861,0.8865740740740741,-1.5483028720626633,2.0809399477806787,0.44212962962962965,0.6134259259259259
990,0.16898148148148148,0.6118143459915611,0.264820304974919,0.32585949177877427,0.8865740740740741,-1.5718015665796345,2.156657963446475,0.4236111111111111,0.6157407407407407
991,0.1574074074074074,0.6118143459915611,0.2503936208034943,0.3183856502242152,0.8865740740740741,-1.483028720626632,2.0469973890339426,0.43287037037037035,0.6342592592592593
992,0.1736111111111111,0.6118143459915611,0.2704719268793136,0.32884902840059793,0.8865740740740741,-1.3446475195822454,2.0757180156657964,0.41898148148148145,0.6157407407407407
993,0.1412037037037037,0.6118143459915611,0.22945121081235326,0.30792227204783257,0.8865740740740741,-1.349869451697128,2.174934725848564,0.3958333333333333,0.6087962962962963
994,0.16203703703703703,0.6118143459915611,0.2562160797677647,0.3213751868460389,0.8865740740740741,-1.597911227154047,2.0992167101827675,0.4236111111111111,0.6180555555555556
995,0.13194444444444445,0.6118143459915611,0.21707441988732618,0.30194319880418535,0.8865740740740741,-1.5691906005221932,2.1488250652741514,0.4074074074074074,0.6064814814814815
996,0.16666666666666666,0.6118143459915611,0.26196928635953026,0.3243647234678625,0.8865740740740741,-1.4464751958224542,2.0156657963446474,0.4375,0.6388888888888888
997,0.1550925925925926,0.6118143459915611,0.24745602975076095,0.31689088191330345,0.8865740740740741,-1.3446475195822454,2.0966057441253265,0.44212962962962965,0.6064814814814815
998,0.1527777777777778,0.6118143459915611,0.24450065149076416,0.3153961136023916,0.8865740740740741,-1.5535248041775458,2.1697127937336815,0.4212962962962963,0.6273148148148148
999,0.16898148148148148,0.6118143459915611,0.264820304974919,0.32585949177877427,0.8865740740740741,-1.3942558746736293,2.0,0.4537037037037037,0.6296296296296297
1000,0.1527777777777778,0.6118143459915611,0.24450065149076416,0.3153961136023916,0.8865740740740741,-1.4308093994778068,2.010443864229765,0.4444444444444444,0.6435185185185185
1001,0.1736111111111111,0.6118143459915611,0.2704719268793136,0.32884902840059793,0.8865740740740741,-1.4516971279373367,2.08355091383812,0.4398148148148148,0.6134259259259259
1002,0.1712962962962963,0.6118143459915611,0.26765446880690463,0.3273542600896861,0.8865740740740741,-1.6057441253263707,2.1279373368146213,0.4398148148148148,0.6134259259259259
1003,0.1574074074074074,0.6118143459915611,0.2503936208034943,0.3183856502242152,0.8865740740740741,-1.4647519582245432,2.133159268929504,0.41435185185185186,0.6226851851851852
1004,0.16666666666666666,0.6118143459915611,0.26196928635953026,0.3243647234678625,0.8865740740740741,-1.4177545691906006,2.0182767624020888,0.4305555555555556,0.6412037037037037
1005,0.14583333333333334,0.6118143459915611,0.2355261631279731,0.3109118086696562,0.8865740740740741,-1.4595300261096606,2.2010443864229763,0.40046296296296297,0.5879629629629629
1006,0.14583333333333334,0.6118143459915611,0.2355261631279731,0.3109118086696562,0.8865740740740741,-1.4543080939947781,2.185378590078329,0.42824074074074076,0.5949074074074074
1007,0.15046296296296297,0.6118143459915611,0.2415273239797553,0.31390134529147984,0.8865740740740741,-1.5117493472584855,2.0966057441253265,0.4351851851851852,0.6111111111111112
1008,0.1550925925925926,0.6118143459915611,0.24745602975076095,0.31689088191330345,0.8865740740740741,-1.629242819843342,2.1305483028720626,0.42824074074074076,0.6087962962962963
1009,0.1736111111111111,0.6118143459915611,0.2704719268793136,0.32884902840059793,0.8865740740740741,-1.422976501305483,2.0966057441253265,0.4351851851851852,0.625
1010,0.1574074074074074,0.6118143459915611,0.2503936208034943,0.3183856502242152,0.8865740740740741,-1.4621409921671018,2.1148825065274153,0.4050925925925926,0.6226851851851852
1011,0.14351851851851852,0.6118143459915611,0.23249799570693358,0.3094170403587444,0.8865740740740741,-1.5013054830287207,2.174934725848564,0.4375,0.6064814814814815
1012,0.15046296296296297,0.6118143459915611,0.2415273239797553,0.31390134529147984,0.8865740740740741,-1.6057441253263707,2.101827676240209,0.4236111111111111,0.6342592592592593
1013,0.1527777777777778,0.6118143459915611,0.24450065149076416,0.3153961136023916,0.8865740740740741,-1.4725848563968669,1.9791122715404699,0.44907407407407407,0.6342592592592593
1014,0.14351851851851852,0.6118143459915611,0.23249799570693358,0.3094170403587444,0.8865740740740741,-1.4046997389033942,2.0783289817232378,0.4444444444444444,0.6226851851851852
1015,0.1712962962962963,0.6118143459915611,0.26765446880690463,0.3273542600896861,0.8865740740740741,-1.4177545691906006,1.9347258485639687,0.4444444444444444,0.6435185185185185
1016,0.21064814814814814,0.6118143459915611,0.3133943733893857,0.35276532137518685,0.8865740740740741,-1.3759791122715406,1.9973890339425588,0.47453703703703703,0.6319444444444444
1017,0.1597222222222222,0.6118143459915611,0.25331358474801563,0.31988041853512705,0.8865740740740741,-1.4516971279373367,2.052219321148825,0.45601851851851855,0.6064814814814815
1018,0.17592592592592593,0.6118143459915611,0.27327282646431583,0.3303437967115097,0.8865740740740741,-1.3733681462140992,2.0678851174934727,0.4652777777777778,0.625
1019,0.17824074074074073,0.6118143459915611,0.27605731310808634,0.33183856502242154,0.8865740740740741,-1.441253263707572,2.0678851174934727,0.43287037037037035,0.625
1020,0.14814814814814814,0.6118143459915611,0.23853588319967095,0.312406576980568,0.8865740740740741,-1.3133159268929504,1.9347258485639687,0.46064814814814814,0.6620370370370371
1021,0.1527777777777778,0.6118143459915611,0.24450065149076416,0.3153961136023916,0.8865740740740741,-1.3733681462140992,2.073107049608355,0.4305555555555556,0.6342592592592593
1022,0.1736111111111111,0.6118143459915611,0.2704719268793136,0.32884902840059793,0.8865740740740741,-1.3733681462140992,1.989556135770235,0.44212962962962965,0.6203703703703703
1023,0.1736111111111111,0.6118143459915611,0.2704719268793136,0.32884902840059793,0.8865740740740741,-1.4464751958224542,2.0678851174934727,0.45601851851851855,0.6134259259259259
1024,0.14814814814814814,0.6118143459915611,0.23853588319967095,0.312406576980568,0.8865740740740741,-1.443864229765013,2.0704960835509136,0.42824074074074076,0.625
1025,0.16898148148148148,0.6118143459915611,0.264820304974919,0.32585949177877427,0.8865740740740741,-1.4360313315926894,1.989556135770235,0.46296296296296297,0.6435185185185185
1026,0.1597222222222222,0.6118143459915611,0.25331358474801563,0.31988041853512705,0.8865740740740741,-1.4151436031331592,2.088772845953003,0.4212962962962963,0.6157407407407407
1027,0.16666666666666666,0.6118143459915611,0.26196928635953026,0.3243647234678625,0.8865740740740741,-1.360313315926893,2.028720626631854,0.4236111111111111,0.6412037037037037
1028,0.16898148148148148,0.6118143459915611,0.264820304974919,0.32585949177877427,0.8865740740740741,-1.5117493472584855,2.133159268929504,0.42824074074074076,0.5925925925925926
1029,0.16898148148148148,0.6118143459915611,0.264820304974919,0.32585949177877427,0.8865740740740741,-1.3655352480417755,2.0026109660574414,0.4398148148148148,0.6319444444444444
1030,0.16203703703703703,0.6118143459915611,0.2562160797677647,0.3213751868460389,0.8865740740740741,-1.3681462140992167,2.031331592689295,0.4212962962962963,0.6319444444444444
1031,0.13657407407407407,0.6118143459915611,0.22330109758166605,0.30493273542600896,0.8865740740740741,-1.587467362924282,2.1932114882506526,0.4212962962962963,0.6087962962962963
1032,0.1574074074074074,0.6118143459915611,0.2503936208034943,0.3183856502242152,0.8865740740740741,-1.4281984334203655,2.122715404699739,0.4305555555555556,0.6319444444444444
1033,0.17592592592592593,0.6118143459915611,0.27327282646431583,0.3303437967115097,0.8865740740740741,-1.4386422976501305,2.028720626631854,0.4583333333333333,0.6319444444444444
1034,0.1550925925925926,0.6118143459915611,0.24745602975076095,0.31689088191330345,0.8865740740740741,-1.4699738903394255,2.101827676240209,0.41898148148148145,0.6064814814814815
1035,0.1712962962962963,0.6118143459915611,0.26765446880690463,0.3273542600896861,0.8865740740740741,-1.4255874673629243,2.08355091383812,0.4236111111111111,0.6111111111111112
1036,0.1527777777777778,0.6118143459915611,0.24450065149076416,0.3153961136023916,0.8865740740740741,-1.4464751958224542,2.02088772845953,0.4305555555555556,0.6388888888888888
1037,0.1527777777777778,0.6118143459915611,0.24450065149076416,0.3153961136023916,0.8865740740740741,-1.5274151436031331,2.1383812010443863,0.4236111111111111,0.6018518518518519
1038,0.1550925925925926,0.6118143459915611,0.24745602975076095,0.31689088191330345,0.8865740740740741,-1.5378590078328982,2.143603133159269,0.4375,0.6296296296296297
1039,0.18981481481481483,0.6118143459915611,0.2897385286448815,0.3393124065769806,0.8865740740740741,-1.4490861618798956,1.9556135770234986,0.45601851851851855,0.6435185185185185
1040,0.14814814814814814,0.6118143459915611,0.23853588319967095,0.312406576980568,0.8865740740740741,-1.4778067885117494,2.073107049608355,0.4351851851851852,0.6087962962962963
1041,0.13194444444444445,0.6118143459915611,0.21707441988732618,0.30194319880418535,0.8865740740740741,-1.483028720626632,2.1201044386422976,0.4074074074074074,0.625
1042,0.15046296296296297,0.6118143459915611,0.2415273239797553,0.31390134529147984,0.8865740740740741,-1.4151436031331592,2.1253263707571803,0.42824074074074076,0.6203703703703703
1043,0.1550925925925926,0.6118143459915611,0.24745602975076095,0.31689088191330345,0.8865740740740741,-1.4151436031331592,2.0992167101827675,0.4444444444444444,0.6157407407407407
1044,0.16666666666666666,0.6118143459915611,0.26196928635953026,0.3243647234678625,0.8865740740740741,-1.349869451697128,2.0182767624020888,0.4537037037037037,0.6273148148148148
1045,0.1712962962962963,0.6118143459915611,0.26765446880690463,0.3273542600896861,0.8865740740740741,-1.402088772845953,1.9817232375979112,0.4351851851851852,0.6365740740740741
1046,0.1736111111111111,0.6118143459915611,0.2704719268793136,0.32884902840059793,0.8865740740740741,-1.4569190600522193,2.0365535248041775,0.44907407407407407,0.6342592592592593
1047,0.1712962962962963,0.6118143459915611,0.26765446880690463,0.3273542600896861,0.8865740740740741,-1.3681462140992167,2.0052219321148823,0.4444444444444444,0.6319444444444444
1048,0.1412037037037037,0.6118143459915611,0.22945121081235326,0.30792227204783257,0.8865740740740741,-1.321148825065274,2.151436031331593,0.4027777777777778,0.6041666666666666
1049,0.14814814814814814,0.6118143459915611,0.23853588319967095,0.312406576980568,0.8865740740740741,-1.5195822454308094,2.0469973890339426,0.44675925925925924,0.6296296296296297
1050,0.1527777777777778,0.6118143459915611,0.24450065149076416,0.3153961136023916,0.8865740740740741,-1.443864229765013,2.1070496083550916,0.4375,0.6273148148148148
1051,0.14351851851851852,0.6118143459915611,0.23249799570693358,0.3094170403587444,0.8865740740740741,-1.608355091383812,2.1409921671018277,0.44212962962962965,0.6134259259259259
1052,0.18518518518518517,0.6118143459915611,0.284313725490196,0.336322869955157,0.8865740740740741,-1.4595300261096606,1.9503916449086163,0.4583333333333333,0.6527777777777778
1053,0.14583333333333334,0.6118143459915611,0.2355261631279731,0.3109118086696562,0.8865740740740741,-1.5065274151436032,2.049608355091384,0.4351851851851852,0.6273148148148148
1054,0.14814814814814814,0.6118143459915611,0.23853588319967095,0.312406576980568,0.8865740740740741,-1.3864229765013054,2.028720626631854,0.44675925925925924,0.6435185185185185
1055,0.1712962962962963,0.6118143459915611,0.26765446880690463,0.3273542600896861,0.8865740740740741,-1.4986945169712793,2.073107049608355,0.4444444444444444,0.6296296296296297
1056,0.15046296296296297,0.6118143459915611,0.2415273239797553,0.31390134529147984,0.8865740740740741,-1.4151436031331592,2.0678851174934727,0.4398148148148148,0.6273148148148148
1057,0.18518518518518517,0.6118143459915611,0.284313725490196,0.336322869955157,0.8865740740740741,-1.433420365535248,2.0078328981723237,0.45601851851851855,0.6388888888888888
1058,0.15046296296296297,0.6118143459915611,0.2415273239797553,0.31390134529147984,0.8865740740740741,-1.4882506527415145,2.135770234986945,0.42824074074074076,0.5995370370370371
1059,0.16435185185185186,0.6118143459915611,0.25910126215913526,0.32286995515695066,0.8865740740740741,-1.3629242819843341,2.16710182767624,0.39814814814814814,0.6087962962962963
1060,0.1550925925925926,0.6118143459915611,0.24745602975076095,0.31689088191330345,0.8865740740740741,-1.4569190600522193,2.1148825065274153,0.45601851851851855,0.6111111111111112
1061,0.1597222222222222,0.6118143459915611,0.25331358474801563,0.31988041853512705,0.8865740740740741,-1.441253263707572,2.031331592689295,0.44212962962962965,0.6319444444444444
1062,0.1875,0.6118143459915611,0.28703398218409765,0.33781763826606875,0.8865740740740741,-1.4281984334203655,2.0548302872062663,0.4351851851851852,0.6180555555555556
1063,0.16203703703703703,0.6118143459915611,0.2562160797677647,0.3213751868460389,0.8865740740740741,-1.516971279373368,2.112271540469974,0.4236111111111111,0.6111111111111112
1064,0.17824074074074073,0.6118143459915611,0.27605731310808634,0.33183856502242154,0.8865740740740741,-1.4255874673629243,2.0,0.4537037037037037,0.6574074074074074
1065,0.1712962962962963,0.6118143459915611,0.26765446880690463,0.3273542600896861,0.8865740740740741,-1.4778067885117494,1.9843342036553524,0.4398148148148148,0.6458333333333334
1066,0.17824074074074073,0.6118143459915611,0.27605731310808634,0.33183856502242154,0.8865740740740741,-1.3524804177545693,2.052219321148825,0.44675925925925924,0.6203703703703703
1067,0.1550925925925926,0.6118143459915611,0.24745602975076095,0.31689088191330345,0.8865740740740741,-1.5352480417754568,2.151436031331593,0.4166666666666667,0.6134259259259259
1068,0.1597222222222222,0.6118143459915611,0.25331358474801563,0.31988041853512705,0.8865740740740741,-1.4621409921671018,2.156657963446475,0.4398148148148148,0.6134259259259259
1069,0.1712962962962963,0.6118143459915611,0.26765446880690463,0.3273542600896861,0.8865740740740741,-1.5404699738903394,2.1201044386422976,0.42824074074074076,0.6180555555555556
1070,0.1574074074074074,0.6118143459915611,0.2503936208034943,0.3183856502242152,0.8865740740740741,-1.3968668407310705,2.028720626631854,0.4513888888888889,0.6458333333333334
1071,0.13194444444444445,0.6118143459915611,0.21707441988732618,0.30194319880418535,0.8865740740740741,-1.6997389033942558,2.216710182767624,0.4097222222222222,0.6203703703703703
1072,0.16203703703703703,0.6118143459915611,0.2562160797677647,0.3213751868460389,0.8865740740740741,-1.5796344647519582,2.1070496083550916,0.41435185185185186,0.6157407407407407
1073,0.1527777777777778,0.6118143459915611,0.24450065149076416,0.3153961136023916,0.8865740740740741,-1.3420365535248042,2.073107049608355,0.42592592592592593,0.625
1074,0.16898148148148148,0.6118143459915611,0.264820304974919,0.32585949177877427,0.8865740740740741,-1.3733681462140992,2.088772845953003,0.4375,0.6064814814814815
1075,0.1875,0.6118143459915611,0.28703398218409765,0.33781763826606875,0.8865740740740741,-1.4647519582245432,2.112271540469974,0.4375,0.6134259259259259
1076,0.1712962962962963,0.6118143459915611,0.26765446880690463,0.3273542600896861,0.8865740740740741,-1.5274151436031331,2.164490861618799,0.4212962962962963,0.6041666666666666
1077,0.16898148148148148,0.6118143459915611,0.264820304974919,0.32585949177877427,0.8865740740740741,-1.276762402088773,2.0652741514360313,0.42592592592592593,0.6226851851851852
1078,0.1550925925925926,0.6118143459915611,0.24745602975076095,0.31689088191330345,0.8865740740740741,-1.5091383812010444,2.1201044386422976,0.44212962962962965,0.6064814814814815
1079,0.16203703703703703,0.6118143459915611,0.2562160797677647,0.3213751868460389,0.8865740740740741,-1.3785900783289817,2.0574412532637076,0.44212962962962965,0.6296296296296297
1080,0.15046296296296297,0.6118143459915611,0.2415273239797553,0.31390134529147984,0.8865740740740741,-1.3577023498694516,2.1148825065274153,0.4398148148148148,0.6157407407407407
1081,0.1550925925925926,0.6118143459915611,0.24745602975076095,0.31689088191330345,0.8865740740740741,-1.443864229765013,2.0757180156657964,0.4513888888888889,0.6226851851851852
1082,0.16203703703703703,0.6118143459915611,0.2562160797677647,0.3213751868460389,0.8865740740740741,-1.402088772845953,2.0861618798955615,0.4212962962962963,0.6273148148148148
1083,0.1550925925925926,0.6118143459915611,0.24745602975076095,0.31689088191330345,0.8865740740740741,-1.5378590078328982,2.0913838120104438,0.42592592592592593,0.6273148148148148
1084,0.16203703703703703,0.6118143459915611,0.2562160797677647,0.3213751868460389,0.8865740740740741,-1.4673629242819843,2.088772845953003,0.43287037037037035,0.6041666666666666
1085,0.16435185185185186,0.6118143459915611,0.25910126215913526,0.32286995515695066,0.8865740740740741,-1.556135770234987,2.0783289817232378,0.43287037037037035,0.6203703703703703
1086,0.18518518518518517,0.6118143459915611,0.284313725490196,0.336322869955157,0.8865740740740741,-1.4908616187989556,2.122715404699739,0.4375,0.6041666666666666
1087,0.1388888888888889,0.6118143459915611,0.22638563622170177,0.3064275037369208,0.8865740740740741,-1.485639686684073,2.1801566579634466,0.4097222222222222,0.6018518518518519
1088,0.1412037037037037,0.6118143459915611,0.22945121081235326,0.30792227204783257,0.8865740740740741,-1.4255874673629243,1.9791122715404699,0.4513888888888889,0.6666666666666666
1089,0.15046296296296297,0.6118143459915611,0.2415273239797553,0.31390134529147984,0.8865740740740741,-1.3890339425587468,2.0574412532637076,0.43287037037037035,0.6203703703703703
1090,0.1875,0.6118143459915611,0.28703398218409765,0.33781763826606875,0.8865740740740741,-1.3237597911227155,1.9921671018276763,0.4513888888888889,0.6458333333333334
1091,0.19907407407407407,0.6118143459915611,0.30040230300402304,0.3452914798206278,0.8865740740740741,-1.5718015665796345,2.0052219321148823,0.4699074074074074,0.6203703703703703
1092,0.19212962962962962,0.6118143459915611,0.2924275005770796,0.34080717488789236,0.8865740740740741,-1.485639686684073,2.0652741514360313,0.42824074074074076,0.6157407407407407
1093,0.15046296296296297,0.6118143459915611,0.2415273239797553,0.31390134529147984,0.8865740740740741,-1.4699738903394255,2.1279373368146213,0.4212962962962963,0.625
1094,0.14814814814814814,0.6118143459915611,0.23853588319967095,0.312406576980568,0.8865740740740741,-1.524804177545692,2.16710182767624,0.4212962962962963,0.6064814814814815
1095,0.14814814814814814,0.6118143459915611,0.23853588319967095,0.312406576980568,0.8865740740740741,-1.524804177545692,2.093994778067885,0.42592592592592593,0.6273148148148148
1096,0.17592592592592593,0.6118143459915611,0.27327282646431583,0.3303437967115097,0.8865740740740741,-1.4960835509138382,2.0182767624020888,0.44675925925925924,0.6504629629629629
1097,0.1597222222222222,0.6118143459915611,0.25331358474801563,0.31988041853512705,0.8865740740740741,-1.5326370757180157,2.0652741514360313,0.4513888888888889,0.6435185185185185
1098,0.1550925925925926,0.6118143459915611,0.24745602975076095,0.31689088191330345,0.8865740740740741,-1.5483028720626633,2.0548302872062663,0.4583333333333333,0.6296296296296297
1099,0.1875,0.6118143459915611,0.28703398218409765,0.33781763826606875,0.8865740740740741,-1.3785900783289817,1.9530026109660574,0.4444444444444444,0.6527777777777778
1100,0.16435185185185186,0.6118143459915611,0.25910126215913526,0.32286995515695066,0.8865740740740741,-1.516971279373368,2.133159268929504,0.4351851851851852,0.6157407407407407
1101,0.1597222222222222,0.6118143459915611,0.25331358474801563,0.31988041853512705,0.8865740740740741,-1.4569190600522193,2.093994778067885,0.4375,0.625
1102,0.14351851851851852,0.6118143459915611,0.23249799570693358,0.3094170403587444,0.8865740740740741,-1.3864229765013054,2.0757180156657964,0.4375,0.625
1103,0.16203703703703703,0.6118143459915611,0.2562160797677647,0.3213751868460389,0.8865740740740741,-1.6031331592689295,2.1879895561357703,0.4166666666666667,0.5995370370370371
1104,0.12962962962962962,0.6118143459915611,0.2139319211718832,0.3004484304932735,0.8865740740740741,-1.5613577023498695,2.1984334203655354,0.41898148148148145,0.5925925925925926
1105,0.1527777777777778,0.6118143459915611,0.24450065149076416,0.3153961136023916,0.8865740740740741,-1.5117493472584855,2.133159268929504,0.43287037037037035,0.6180555555555556
1106,0.1712962962962963,0.6118143459915611,0.26765446880690463,0.3273542600896861,0.8865740740740741,-1.4908616187989556,2.0026109660574414,0.4652777777777778,0.6412037037037037
1107,0.1712962962962963,0.6118143459915611,0.26765446880690463,0.3273542600896861,0.8865740740740741,-1.4725848563968669,2.0156657963446474,0.4398148148148148,0.6388888888888888
1108,0.1527777777777778,0.6118143459915611,0.24450065149076416,0.3153961136023916,0.8865740740740741,-1.577023498694517,2.1827676240208875,0.42592592592592593,0.6180555555555556
1109,0.16435185185185186,0.6118143459915611,0.25910126215913526,0.32286995515695066,0.8865740740740741,-1.6344647519582245,2.151436031331593,0.41435185185185186,0.6157407407407407
1110,0.14814814814814814,0.6118143459915611,0.23853588319967095,0.312406576980568,0.8865740740740741,-1.5691906005221932,2.117493472584856,0.4305555555555556,0.625
1111,0.16898148148148148,0.6118143459915611,0.264820304974919,0.32585949177877427,0.8865740740740741,-1.516971279373368,2.0913838120104438,0.4398148148148148,0.6458333333333334
1112,0.12037037037037036,0.6118143459915611,0.2011632250146737,0.2944693572496263,0.8865740740740741,-1.3577023498694516,2.14621409921671,0.4236111111111111,0.6018518518518519
1113,0.15046296296296297,0.6118143459915611,0.2415273239797553,0.31390134529147984,0.8865740740740741,-1.3524804177545693,2.0992167101827675,0.4212962962962963,0.6319444444444444
1114,0.18287037037037038,0.6118143459915611,0.28157762127748487,0.33482810164424515,0.8865740740740741,-1.4203655352480418,2.031331592689295,0.44907407407407407,0.625
1115,0.1527777777777778,0.6118143459915611,0.24450065149076416,0.3153961136023916,0.8865740740740741,-1.5039164490861618,2.1201044386422976,0.42592592592592593,0.6180555555555556
1116,0.15046296296296297,0.6118143459915611,0.2415273239797553,0.31390134529147984,0.8865740740740741,-1.5848563968668408,2.133159268929504,0.41435185185185186,0.6134259259259259
1117,0.1712962962962963,0.6118143459915611,0.26765446880690463,0.3273542600896861,0.8865740740740741,-1.4804177545691906,2.0548302872062663,0.42824074074074076,0.5995370370370371
1118,0.14814814814814814,0.6118143459915611,0.23853588319967095,0.312406576980568,0.8865740740740741,-1.360313315926893,2.060052219321149,0.44907407407407407,0.6388888888888888
1119,0.14351851851851852,0.6118143459915611,0.23249799570693358,0.3094170403587444,0.8865740740740741,-1.4543080939947781,2.117493472584856,0.4398148148148148,0.6296296296296297
1120,0.1527777777777778,0.6118143459915611,0.24450065149076416,0.3153961136023916,0.8865740740740741,-1.5509138381201044,2.093994778067885,0.42592592592592593,0.6111111111111112
1121,0.1550925925925926,0.6118143459915611,0.24745602975076095,0.31689088191330345,0.8865740740740741,-1.4255874673629243,2.0574412532637076,0.44907407407407407,0.625
1122,0.18981481481481483,0.6118143459915611,0.2897385286448815,0.3393124065769806,0.8865740740740741,-1.671018276762402,2.10443864229765,0.4513888888888889,0.6273148148148148
1123,0.16203703703703703,0.6118143459915611,0.2562160797677647,0.3213751868460389,0.8865740740740741,-1.3942558746736293,1.968668407310705,0.4444444444444444,0.6527777777777778
1124,0.16435185185185186,0.6118143459915611,0.25910126215913526,0.32286995515695066,0.8865740740740741,-1.4647519582245432,2.049608355091384,0.44675925925925924,0.6203703703703703
1125,0.1712962962962963,0.6118143459915611,0.26765446880690463,0.3273542600896861,0.8865740740740741,-1.4543080939947781,2.060052219321149,0.4236111111111111,0.6041666666666666
1126,0.16898148148148148,0.6118143459915611,0.264820304974919,0.32585949177877427,0.8865740740740741,-1.475195822454308,2.0704960835509136,0.4537037037037037,0.6273148148148148
1127,0.1712962962962963,0.6118143459915611,0.26765446880690463,0.3273542600896861,0.8865740740740741,-1.5039164490861618,2.0678851174934727,0.44212962962962965,0.6203703703703703
1128,0.1574074074074074,0.6118143459915611,0.2503936208034943,0.3183856502242152,0.8865740740740741,-1.4464751958224542,2.0574412532637076,0.4375,0.6296296296296297
1129,0.1527777777777778,0.6118143459915611,0.24450065149076416,0.3153961136023916,0.8865740740740741,-1.433420365535248,2.0966057441253265,0.43287037037037035,0.6296296296296297
1130,0.1574074074074074,0.6118143459915611,0.2503936208034943,0.3183856502242152,0.8865740740740741,-1.4151436031331592,2.073107049608355,0.4305555555555556,0.625
1131,0.17824074074074073,0.6118143459915611,0.27605731310808634,0.33183856502242154,0.8865740740740741,-1.4960835509138382,2.133159268929504,0.44907407407407407,0.5856481481481481
1132,0.16898148148148148,0.6118143459915611,0.264820304974919,0.32585949177877427,0.8865740740740741,-1.5326370757180157,2.133159268929504,0.41898148148148145,0.6087962962962963
1133,0.16203703703703703,0.6118143459915611,0.2562160797677647,0.3213751868460389,0.8865740740740741,-1.4073107049608355,2.1070496083550916,0.42592592592592593,0.5972222222222222
1134,0.1527777777777778,0.6118143459915611,0.24450065149076416,0.3153961136023916,0.8865740740740741,-1.3577023498694516,2.0574412532637076,0.4305555555555556,0.6226851851851852
1135,0.18518518518518517,0.6118143459915611,0.284313725490196,0.336322869955157,0.8865740740740741,-1.3838120104438643,2.052219321148825,0.44907407407407407,0.6296296296296297
1136,0.17824074074074073,0.6118143459915611,0.27605731310808634,0.33183856502242154,0.8865740740740741,-1.3394255874673628,2.039164490861619,0.4236111111111111,0.6111111111111112
1137,0.1875,0.6118143459915611,0.28703398218409765,0.33781763826606875,0.8865740740740741,-1.5274151436031331,2.049608355091384,0.4513888888888889,0.6319444444444444
1138,0.1574074074074074,0.6118143459915611,0.2503936208034943,0.3183856502242152,0.8865740740740741,-1.5352480417754568,2.093994778067885,0.4050925925925926,0.6087962962962963
1139,0.19675925925925927,0.6118143459915611,0.29775925590384733,0.34379671150971597,0.8865740740740741,-1.4308093994778068,1.9791122715404699,0.44675925925925924,0.6481481481481481
1140,0.1574074074074074,0.6118143459915611,0.2503936208034943,0.3183856502242152,0.8865740740740741,-1.422976501305483,2.0809399477806787,0.43287037037037035,0.6273148148148148
1141,0.1875,0.6118143459915611,0.28703398218409765,0.33781763826606875,0.8865740740740741,-1.5326370757180157,2.0966057441253265,0.44675925925925924,0.6226851851851852
1142,0.19675925925925927,0.6118143459915611,0.29775925590384733,0.34379671150971597,0.8865740740740741,-1.4543080939947781,2.0026109660574414,0.44907407407407407,0.6273148148148148
1143,0.17592592592592593,0.6118143459915611,0.27327282646431583,0.3303437967115097,0.8865740740740741,-1.412532637075718,2.0548302872062663,0.4212962962962963,0.6388888888888888
1144,0.17824074074074073,0.6118143459915611,0.27605731310808634,0.33183856502242154,0.8865740740740741,-1.475195822454308,2.0548302872062663,0.4537037037037037,0.6365740740740741
1145,0.12268518518518519,0.6118143459915611,0.20438557997898962,0.29596412556053814,0.8865740740740741,-1.5926892950391645,2.224543080939948,0.39814814814814814,0.6064814814814815
1146,0.1550925925925926,0.6118143459915611,0.24745602975076095,0.31689088191330345,0.8865740740740741,-1.5300261096605745,2.177545691906005,0.40046296296296297,0.5833333333333334
1147,0.1412037037037037,0.6118143459915611,0.22945121081235326,0.30792227204783257,0.8865740740740741,-1.4386422976501305,2.039164490861619,0.4513888888888889,0.6319444444444444
1148,0.16666666666666666,0.6118143459915611,0.26196928635953026,0.3243647234678625,0.8865740740740741,-1.6553524804177546,2.1096605744125325,0.42824074074074076,0.6203703703703703
1149,0.1712962962962963,0.6118143459915611,0.26765446880690463,0.3273542600896861,0.8865740740740741,-1.318537859007833,2.028720626631854,0.4652777777777778,0.6458333333333334
1150,0.1574074074074074,0.6118143459915611,0.2503936208034943,0.3183856502242152,0.8865740740740741,-1.5744125326370757,2.195822454308094,0.39814814814814814,0.6087962962962963
1151,0.1597222222222222,0.6118143459915611,0.25331358474801563,0.31988041853512705,0.8865740740740741,-1.5300261096605745,2.052219321148825,0.4444444444444444,0.6365740740740741
1152,0.16435185185185186,0.6118143459915611,0.25910126215913526,0.32286995515695066,0.8865740740740741,-1.443864229765013,2.1070496083550916,0.4351851851851852,0.6087962962962963
1153,0.1527777777777778,0.6118143459915611,0.24450065149076416,0.3153961136023916,0.8865740740740741,-1.2428198433420365,2.06266318537859,0.4583333333333333,0.6180555555555556
1154,0.16435185185185186,0.6118143459915611,0.25910126215913526,0.32286995515695066,0.8865740740740741,-1.5430809399477807,2.0704960835509136,0.4305555555555556,0.6365740740740741
1155,0.18518518518518517,0.6118143459915611,0.284313725490196,0.336322869955157,0.8865740740740741,-1.4986945169712793,2.0469973890339426,0.4583333333333333,0.6226851851851852
1156,0.17592592592592593,0.6118143459915611,0.27327282646431583,0.3303437967115097,0.8865740740740741,-1.475195822454308,2.0757180156657964,0.4236111111111111,0.6273148148148148
1157,0.16898148148148148,0.6118143459915611,0.264820304974919,0.32585949177877427,0.8865740740740741,-1.443864229765013,2.1279373368146213,0.4166666666666667,0.6064814814814815
1158,0.14814814814814814,0.6118143459915611,0.23853588319967095,0.312406576980568,0.8865740740740741,-1.5639686684073106,2.185378590078329,0.4074074074074074,0.5995370370370371
1159,0.16898148148148148,0.6118143459915611,0.264820304974919,0.32585949177877427,0.8865740740740741,-1.349869451697128,2.028720626631854,0.42592592592592593,0.6180555555555556
1160,0.16666666666666666,0.6118143459915611,0.26196928635953026,0.3243647234678625,0.8865740740740741,-1.4804177545691906,2.0966057441253265,0.43287037037037035,0.6157407407407407
1161,0.1597222222222222,0.6118143459915611,0.25331358474801563,0.31988041853512705,0.8865740740740741,-1.4882506527415145,2.0052219321148823,0.4583333333333333,0.6574074074074074
1162,0.1736111111111111,0.6118143459915611,0.2704719268793136,0.32884902840059793,0.8865740740740741,-1.5326370757180157,2.0809399477806787,0.4305555555555556,0.6157407407407407
1163,0.15046296296296297,0.6118143459915611,0.2415273239797553,0.31390134529147984,0.8865740740740741,-1.5926892950391645,2.156657963446475,0.41898148148148145,0.625
1164,0.1388888888888889,0.6118143459915611,0.22638563622170177,0.3064275037369208,0.8865740740740741,-1.5065274151436032,2.164490861618799,0.41898148148148145,0.6226851851851852
1165,0.1527777777777778,0.6118143459915611,0.24450065149076416,0.3153961136023916,0.8865740740740741,-1.5221932114882506,2.028720626631854,0.43287037037037035,0.625
1166,0.16435185185185186,0.6118143459915611,0.25910126215913526,0.32286995515695066,0.8865740740740741,-1.4308093994778068,2.10443864229765,0.4398148148148148,0.6180555555555556
1167,0.19212962962962962,0.6118143459915611,0.2924275005770796,0.34080717488789236,0.8865740740740741,-1.4725848563968669,1.9843342036553524,0.44675925925925924,0.625
1168,0.17824074074074073,0.6118143459915611,0.27605731310808634,0.33183856502242154,0.8865740740740741,-1.5456919060052219,2.0469973890339426,0.44675925925925924,0.6296296296296297
1169,0.19444444444444445,0.6118143459915611,0.2951010321267626,0.3423019431988042,0.8865740740740741,-1.4308093994778068,1.9843342036553524,0.44907407407407407,0.6388888888888888
1170,0.17824074074074073,0.6118143459915611,0.27605731310808634,0.33183856502242154,0.8865740740740741,-1.5013054830287207,2.0182767624020888,0.43287037037037035,0.6388888888888888
1171,0.1712962962962963,0.6118143459915611,0.26765446880690463,0.3273542600896861,0.8865740740740741,-1.4281984334203655,2.154046997389034,0.41435185185185186,0.6111111111111112
1172,0.16898148148148148,0.6118143459915611,0.264820304974919,0.32585949177877427,0.8865740740740741,-1.360313315926893,2.060052219321149,0.42824074074074076,0.6319444444444444
1173,0.18055555555555555,0.6118143459915611,0.27882553065601656,0.3333333333333333,0.8865740740740741,-1.4569190600522193,2.093994778067885,0.43287037037037035,0.6134259259259259
1174,0.16435185185185186,0.6118143459915611,0.25910126215913526,0.32286995515695066,0.8865740740740741,-1.5039164490861618,2.1305483028720626,0.4305555555555556,0.6087962962962963
1175,0.1412037037037037,0.6118143459915611,0.22945121081235326,0.30792227204783257,0.8865740740740741,-1.4804177545691906,2.044386422976501,0.4583333333333333,0.6435185185185185
1176,0.16435185185185186,0.6118143459915611,0.25910126215913526,0.32286995515695066,0.8865740740740741,-1.4908616187989556,2.039164490861619,0.4513888888888889,0.6388888888888888
1177,0.16203703703703703,0.6118143459915611,0.2562160797677647,0.3213751868460389,0.8865740740740741,-1.4308093994778068,2.0365535248041775,0.42592592592592593,0.6134259259259259
1178,0.14583333333333334,0.6118143459915611,0.2355261631279731,0.3109118086696562,0.8865740740740741,-1.3681462140992167,2.052219321148825,0.4652777777777778,0.6319444444444444
1179,0.15046296296296297,0.6118143459915611,0.2415273239797553,0.31390134529147984,0.8865740740740741,-1.5274151436031331,2.122715404699739,0.43287037037037035,0.6157407407407407
1180,0.18055555555555555,0.6118143459915611,0.27882553065601656,0.3333333333333333,0.8865740740740741,-1.443864229765013,2.039164490861619,0.4444444444444444,0.6064814814814815
1181,0.1597222222222222,0.6118143459915611,0.25331358474801563,0.31988041853512705,0.8865740740740741,-1.5300261096605745,2.1148825065274153,0.3958333333333333,0.6157407407407407
1182,0.1550925925925926,0.6118143459915611,0.24745602975076095,0.31689088191330345,0.8865740740740741,-1.4177545691906006,1.9973890339425588,0.4583333333333333,0.6527777777777778
1183,0.16203703703703703,0.6118143459915611,0.2562160797677647,0.3213751868460389,0.8865740740740741,-1.4151436031331592,2.0417754569190603,0.4444444444444444,0.6203703703703703
1184,0.1736111111111111,0.6118143459915611,0.2704719268793136,0.32884902840059793,0.8865740740740741,-1.556135770234987,2.0678851174934727,0.44907407407407407,0.6041666666666666
1185,0.19444444444444445,0.6118143459915611,0.2951010321267626,0.3423019431988042,0.8865740740740741,-1.4569190600522193,1.989556135770235,0.48148148148148145,0.625
1186,0.16898148148148148,0.6118143459915611,0.264820304974919,0.32585949177877427,0.8865740740740741,-1.4882506527415145,2.0678851174934727,0.4305555555555556,0.6342592592592593
1187,0.1388888888888889,0.6118143459915611,0.22638563622170177,0.3064275037369208,0.8865740740740741,-1.5744125326370757,2.0809399477806787,0.43287037037037035,0.6180555555555556
1188,0.18518518518518517,0.6118143459915611,0.284313725490196,0.336322869955157,0.8865740740740741,-1.4516971279373367,1.968668407310705,0.46296296296296297,0.6365740740740741
1189,0.18981481481481483,0.6118143459915611,0.2897385286448815,0.3393124065769806,0.8865740740740741,-1.4934725848563968,2.073107049608355,0.4166666666666667,0.6064814814814815
1190,0.1712962962962963,0.6118143459915611,0.26765446880690463,0.3273542600896861,0.8865740740740741,-1.4960835509138382,2.028720626631854,0.4675925925925926,0.6226851851851852
1191,0.18287037037037038,0.6118143459915611,0.28157762127748487,0.33482810164424515,0.8865740740740741,-1.3733681462140992,1.8903394255874673,0.47453703703703703,0.6504629629629629
1192,0.18055555555555555,0.6118143459915611,0.27882553065601656,0.3333333333333333,0.8865740740740741,-1.3315926892950392,1.9738903394255876,0.4652777777777778,0.6412037037037037
1193,0.16666666666666666,0.6118143459915611,0.26196928635953026,0.3243647234678625,0.8865740740740741,-1.4647519582245432,2.0913838120104438,0.42592592592592593,0.6296296296296297
1194,0.17592592592592593,0.6118143459915611,0.27327282646431583,0.3303437967115097,0.8865740740740741,-1.412532637075718,2.0704960835509136,0.4305555555555556,0.6157407407407407
1195,0.1550925925925926,0.6118143459915611,0.24745602975076095,0.31689088191330345,0.8865740740740741,-1.4908616187989556,1.9921671018276763,0.4652777777777778,0.6342592592592593
1196,0.1597222222222222,0.6118143459915611,0.25331358474801563,0.31988041853512705,0.8865740740740741,-1.5613577023498695,2.093994778067885,0.42824074074074076,0.6180555555555556
1197,0.18055555555555555,0.6118143459915611,0.27882553065601656,0.3333333333333333,0.8865740740740741,-1.3890339425587468,2.0156657963446474,0.4444444444444444,0.6458333333333334
1198,0.16435185185185186,0.6118143459915611,0.25910126215913526,0.32286995515695066,0.8865740740740741,-1.4516971279373367,2.1201044386422976,0.4305555555555556,0.6087962962962963
1199,0.14814814814814814,0.6118143459915611,0.23853588319967095,0.312406576980568,0.8865740740740741,-1.4464751958224542,2.010443864229765,0.44907407407407407,0.6296296296296297
1200,0.18055555555555555,0.6118143459915611,0.27882553065601656,0.3333333333333333,0.8865740740740741,-1.4490861618798956,2.0652741514360313,0.4583333333333333,0.6319444444444444
1201,0.1712962962962963,0.6118143459915611,0.26765446880690463,0.3273542600896861,0.8865740740740741,-1.422976501305483,2.101827676240209,0.4212962962962963,0.6319444444444444
1202,0.16203703703703703,0.6118143459915611,0.2562160797677647,0.3213751868460389,0.8865740740740741,-1.483028720626632,2.16710182767624,0.41203703703703703,0.6018518518518519
1203,0.1574074074074074,0.6118143459915611,0.2503936208034943,0.3183856502242152,0.8865740740740741,-1.443864229765013,2.060052219321149,0.4236111111111111,0.6226851851851852
1204,0.1712962962962963,0.6118143459915611,0.26765446880690463,0.3273542600896861,0.8865740740740741,-1.3942558746736293,2.02088772845953,0.4513888888888889,0.6296296296296297
1205,0.16666666666666666,0.6118143459915611,0.26196928635953026,0.3243647234678625,0.8865740740740741,-1.3550913838120104,2.122715404699739,0.4375,0.6273148148148148
1206,0.14583333333333334,0.6118143459915611,0.2355261631279731,0.3109118086696562,0.8865740740740741,-1.3342036553524803,2.033942558746736,0.46064814814814814,0.6481481481481481
1207,0.17824074074074073,0.6118143459915611,0.27605731310808634,0.33183856502242154,0.8865740740740741,-1.422976501305483,2.0652741514360313,0.4652777777777778,0.6226851851851852
1208,0.16435185185185186,0.6118143459915611,0.25910126215913526,0.32286995515695066,0.8865740740740741,-1.597911227154047,2.1409921671018277,0.41203703703703703,0.5879629629629629
1209,0.15046296296296297,0.6118143459915611,0.2415273239797553,0.31390134529147984,0.8865740740740741,-1.4934725848563968,2.1253263707571803,0.42824074074074076,0.5995370370370371
1210,0.14583333333333334,0.6118143459915611,0.2355261631279731,0.3109118086696562,0.8865740740740741,-1.5639686684073106,2.216710182767624,0.41435185185185186,0.5925925925925926
1211,0.16666666666666666,0.6118143459915611,0.26196928635953026,0.3243647234678625,0.8865740740740741,-1.5091383812010444,2.0678851174934727,0.42592592592592593,0.6342592592592593
1212,0.1597222222222222,0.6118143459915611,0.25331358474801563,0.31988041853512705,0.8865740740740741,-1.5352480417754568,2.0783289817232378,0.44212962962962965,0.6111111111111112
1213,0.1388888888888889,0.6118143459915611,0.22638563622170177,0.3064275037369208,0.8865740740740741,-1.514360313315927,2.16710182767624,0.41203703703703703,0.6018518518518519
1214,0.16203703703703703,0.6118143459915611,0.2562160797677647,0.3213751868460389,0.8865740740740741,-1.4255874673629243,2.093994778067885,0.44907407407407407,0.6134259259259259
1215,0.1574074074074074,0.6118143459915611,0.2503936208034943,0.3183856502242152,0.8865740740740741,-1.4986945169712793,2.093994778067885,0.4398148148148148,0.625
1216,0.16435185185185186,0.6118143459915611,0.25910126215913526,0.32286995515695066,0.8865740740740741,-1.433420365535248,2.101827676240209,0.4351851851851852,0.6203703703703703
1217,0.18055555555555555,0.6118143459915611,0.27882553065601656,0.3333333333333333,0.8865740740740741,-1.3994778067885119,2.0261096605744124,0.4305555555555556,0.6273148148148148
1218,0.16898148148148148,0.6118143459915611,0.264820304974919,0.32585949177877427,0.8865740740740741,-1.4595300261096606,2.122715404699739,0.41435185185185186,0.6157407407407407
1219,0.19907407407407407,0.6118143459915611,0.30040230300402304,0.3452914798206278,0.8865740740740741,-1.391644908616188,2.033942558746736,0.45601851851851855,0.6319444444444444
1220,0.14351851851851852,0.6118143459915611,0.23249799570693358,0.3094170403587444,0.8865740740740741,-1.4960835509138382,2.0652741514360313,0.4398148148148148,0.6481481481481481
1221,0.1574074074074074,0.6118143459915611,0.2503936208034943,0.3183856502242152,0.8865740740740741,-1.4647519582245432,2.112271540469974,0.4212962962962963,0.6018518518518519
1222,0.17824074074074073,0.6118143459915611,0.27605731310808634,0.33183856502242154,0.8865740740740741,-1.5352480417754568,2.093994778067885,0.43287037037037035,0.6134259259259259
1223,0.18518518518518517,0.6118143459915611,0.284313725490196,0.336322869955157,0.8865740740740741,-1.4621409921671018,2.073107049608355,0.43287037037037035,0.6226851851851852
1224,0.1597222222222222,0.6118143459915611,0.25331358474801563,0.31988041853512705,0.8865740740740741,-1.3812010443864229,2.174934725848564,0.4236111111111111,0.6134259259259259
1225,0.1550925925925926,0.6118143459915611,0.24745602975076095,0.31689088191330345,0.8865740740740741,-1.4569190600522193,2.0992167101827675,0.4444444444444444,0.6273148148148148
1226,0.19907407407407407,0.6118143459915611,0.30040230300402304,0.3452914798206278,0.8865740740740741,-1.4308093994778068,2.06266318537859,0.4074074074074074,0.6134259259259259
1227,0.16666666666666666,0.6118143459915611,0.26196928635953026,0.3243647234678625,0.8865740740740741,-1.5091383812010444,2.0469973890339426,0.4444444444444444,0.6319444444444444
1228,0.1597222222222222,0.6118143459915611,0.25331358474801563,0.31988041853512705,0.8865740740740741,-1.5039164490861618,2.0574412532637076,0.41898148148148145,0.6134259259259259
1229,0.1712962962962963,0.6118143459915611,0.26765446880690463,0.3273542600896861,0.8865740740740741,-1.5744125326370757,2.112271540469974,0.46296296296296297,0.625
1230,0.14814814814814814,0.6118143459915611,0.23853588319967095,0.312406576980568,0.8865740740740741,-1.5195822454308094,2.135770234986945,0.4351851851851852,0.6203703703703703
1231,0.17592592592592593,0.6118143459915611,0.27327282646431583,0.3303437967115097,0.8865740740740741,-1.5195822454308094,2.0992167101827675,0.4166666666666667,0.6087962962962963
1232,0.16898148148148148,0.6118143459915611,0.264820304974919,0.32585949177877427,0.8865740740740741,-1.4569190600522193,2.08355091383812,0.42592592592592593,0.6226851851851852
1233,0.15046296296296297,0.6118143459915611,0.2415273239797553,0.31390134529147984,0.8865740740740741,-1.4255874673629243,2.02088772845953,0.4444444444444444,0.6273148148148148
1234,0.16435185185185186,0.6118143459915611,0.25910126215913526,0.32286995515695066,0.8865740740740741,-1.5326370757180157,1.9765013054830287,0.4375,0.6527777777777778
1235,0.1597222222222222,0.6118143459915611,0.25331358474801563,0.31988041853512705,0.8865740740740741,-1.5378590078328982,2.0757180156657964,0.44675925925925924,0.6226851851851852
1236,0.17592592592592593,0.6118143459915611,0.27327282646431583,0.3303437967115097,0.8865740740740741,-1.485639686684073,2.133159268929504,0.45601851851851855,0.6111111111111112
1237,0.16203703703703703,0.6118143459915611,0.2562160797677647,0.3213751868460389,0.8865740740740741,-1.485639686684073,2.0078328981723237,0.4444444444444444,0.6388888888888888
1238,0.16435185185185186,0.6118143459915611,0.25910126215913526,0.32286995515695066,0.8865740740740741,-1.5456919060052219,2.073107049608355,0.4444444444444444,0.6388888888888888
1239,0.1574074074074074,0.6118143459915611,0.2503936208034943,0.3183856502242152,0.8865740740740741,-1.4621409921671018,2.08355091383812,0.4351851851851852,0.625
1240,0.13657407407407407,0.6118143459915611,0.22330109758166605,0.30493273542600896,0.8865740740740741,-1.4203655352480418,2.1305483028720626,0.42592592592592593,0.6134259259259259
1241,0.14351851851851852,0.6118143459915611,0.23249799570693358,0.3094170403587444,0.8865740740740741,-1.3446475195822454,2.112271540469974,0.4351851851851852,0.6180555555555556
1242,0.14351851851851852,0.6118143459915611,0.23249799570693358,0.3094170403587444,0.8865740740740741,-1.4516971279373367,2.1148825065274153,0.43287037037037035,0.6319444444444444
1243,0.1736111111111111,0.6118143459915611,0.2704719268793136,0.32884902840059793,0.8865740740740741,-1.5091383812010444,2.0261096605744124,0.4513888888888889,0.6365740740740741
1244,0.16666666666666666,0.6118143459915611,0.26196928635953026,0.3243647234678625,0.8865740740740741,-1.4308093994778068,2.0417754569190603,0.4398148148148148,0.6203703703703703
1245,0.1550925925925926,0.6118143459915611,0.24745602975076095,0.31689088191330345,0.8865740740740741,-1.475195822454308,2.1801566579634466,0.41203703703703703,0.6087962962962963
1246,0.17592592592592593,0.6118143459915611,0.27327282646431583,0.3303437967115097,0.8865740740740741,-1.3629242819843341,2.0365535248041775,0.44907407407407407,0.6203703703703703
1247,0.14351851851851852,0.6118143459915611,0.23249799570693358,0.3094170403587444,0.8865740740740741,-1.3629242819843341,2.0678851174934727,0.41898148148148145,0.6226851851851852
1248,0.1527777777777778,0.6118143459915611,0.24450065149076416,0.3153961136023916,0.8865740740740741,-1.412532637075718,2.164490861618799,0.4097222222222222,0.6018518518518519
1249,0.1550925925925926,0.6118143459915611,0.24745602975076095,0.31689088191330345,0.8865740740740741,-1.4099216710182767,2.0678851174934727,0.45601851851851855,0.6273148148148148
1250,0.1550925925925926,0.6118143459915611,0.24745602975076095,0.31689088191330345,0.8865740740740741,-1.558746736292428,2.0861618798955615,0.42824074074074076,0.6226851851851852
1251,0.1597222222222222,0.6118143459915611,0.25331358474801563,0.31988041853512705,0.8865740740740741,-1.4516971279373367,2.10443864229765,0.4513888888888889,0.6157407407407407
1252,0.16666666666666666,0.6118143459915611,0.26196928635953026,0.3243647234678625,0.8865740740740741,-1.6135770234986946,2.1305483028720626,0.41898148148148145,0.6226851851851852
1253,0.18518518518518517,0.6118143459915611,0.284313725490196,0.336322869955157,0.8865740740740741,-1.370757180156658,2.0757180156657964,0.4166666666666667,0.6157407407407407
1254,0.16898148148148148,0.6118143459915611,0.264820304974919,0.32585949177877427,0.8865740740740741,-1.5326370757180157,2.0757180156657964,0.43287037037037035,0.6319444444444444
1255,0.18518518518518517,0.6118143459915611,0.284313725490196,0.336322869955157,0.8865740740740741,-1.3812010443864229,2.0548302872062663,0.44675925925925924,0.6273148148148148
1256,0.1574074074074074,0.6118143459915611,0.2503936208034943,0.3183856502242152,0.8865740740740741,-1.475195822454308,2.028720626631854,0.4212962962962963,0.6365740740740741
1257,0.14583333333333334,0.6118143459915611,0.2355261631279731,0.3109118086696562,0.8865740740740741,-1.4543080939947781,2.133159268929504,0.42592592592592593,0.6134259259259259
1258,0.18981481481481483,0.6118143459915611,0.2897385286448815,0.3393124065769806,0.8865740740740741,-1.3733681462140992,2.0052219321148823,0.45601851851851855,0.6041666666666666
1259,0.1388888888888889,0.6118143459915611,0.22638563622170177,0.3064275037369208,0.8865740740740741,-1.370757180156658,2.023498694516971,0.44212962962962965,0.6203703703703703
1260,0.1550925925925926,0.6118143459915611,0.24745602975076095,0.31689088191330345,0.8865740740740741,-1.3681462140992167,2.0469973890339426,0.4212962962962963,0.6365740740740741
1261,0.18287037037037038,0.6118143459915611,0.28157762127748487,0.33482810164424515,0.8865740740740741,-1.3237597911227155,1.9973890339425588,0.44907407407407407,0.6365740740740741
1262,0.13657407407407407,0.6118143459915611,0.22330109758166605,0.30493273542600896,0.8865740740740741,-1.4308093994778068,2.1409921671018277,0.4166666666666667,0.6226851851851852
1263,0.17824074074074073,0.6118143459915611,0.27605731310808634,0.33183856502242154,0.8865740740740741,-1.5065274151436032,2.0548302872062663,0.44212962962962965,0.6342592592592593
1264,0.16435185185185186,0.6118143459915611,0.25910126215913526,0.32286995515695066,0.8865740740740741,-1.441253263707572,2.031331592689295,0.4583333333333333,0.6226851851851852
1265,0.16203703703703703,0.6118143459915611,0.2562160797677647,0.3213751868460389,0.8865740740740741,-1.4099216710182767,2.073107049608355,0.4236111111111111,0.6296296296296297
1266,0.1550925925925926,0.6118143459915611,0.24745602975076095,0.31689088191330345,0.8865740740740741,-1.4203655352480418,2.0992167101827675,0.4212962962962963,0.6180555555555556
1267,0.1597222222222222,0.6118143459915611,0.25331358474801563,0.31988041853512705,0.8865740740740741,-1.5039164490861618,2.135770234986945,0.41435185185185186,0.5949074074074074
1268,0.16666666666666666,0.6118143459915611,0.26196928635953026,0.3243647234678625,0.8865740740740741,-1.4281984334203655,2.1070496083550916,0.4444444444444444,0.6203703703703703
1269,0.18981481481481483,0.6118143459915611,0.2897385286448815,0.3393124065769806,0.8865740740740741,-1.4647519582245432,2.060052219321149,0.44212962962962965,0.6273148148148148
1270,0.1875,0.6118143459915611,0.28703398218409765,0.33781763826606875,0.8865740740740741,-1.4177545691906006,2.028720626631854,0.4351851851851852,0.6342592592592593
1271,0.18518518518518517,0.6118143459915611,0.284313725490196,0.336322869955157,0.8865740740740741,-1.5221932114882506,2.1070496083550916,0.4305555555555556,0.6203703703703703
1272,0.14351851851851852,0.6118143459915611,0.23249799570693358,0.3094170403587444,0.8865740740740741,-1.3629242819843341,2.0783289817232378,0.42592592592592593,0.6157407407407407
1273,0.17592592592592593,0.6118143459915611,0.27327282646431583,0.3303437967115097,0.8865740740740741,-1.4386422976501305,2.0809399477806787,0.4398148148148148,0.6226851851851852
1274,0.16898148148148148,0.6118143459915611,0.264820304974919,0.32585949177877427,0.8865740740740741,-1.4516971279373367,2.0574412532637076,0.42824074074074076,0.6180555555555556
1275,0.17592592592592593,0.6118143459915611,0.27327282646431583,0.3303437967115097,0.8865740740740741,-1.475195822454308,2.117493472584856,0.41203703703703703,0.6134259259259259
1276,0.16435185185185186,0.6118143459915611,0.25910126215913526,0.32286995515695066,0.8865740740740741,-1.516971279373368,2.2010443864229763,0.4236111111111111,0.5925925925925926
1277,0.1736111111111111,0.6118143459915611,0.2704719268793136,0.32884902840059793,0.8865740740740741,-1.4804177545691906,2.039164490861619,0.44907407407407407,0.625
1278,0.18981481481481483,0.6118143459915611,0.2897385286448815,0.3393124065769806,0.8865740740740741,-1.4151436031331592,2.0469973890339426,0.44675925925925924,0.625
1279,0.14583333333333334,0.6118143459915611,0.2355261631279731,0.3109118086696562,0.8865740740740741,-1.5039164490861618,2.156657963446475,0.4375,0.6018518518518519
1280,0.17824074074074073,0.6118143459915611,0.27605731310808634,0.33183856502242154,0.8865740740740741,-1.4386422976501305,2.044386422976501,0.44675925925925924,0.6203703703703703
1281,0.1597222222222222,0.6118143459915611,0.25331358474801563,0.31988041853512705,0.8865740740740741,-1.5639686684073106,2.143603133159269,0.41898148148148145,0.6087962962962963
1282,0.17592592592592593,0.6118143459915611,0.27327282646431583,0.3303437967115097,0.8865740740740741,-1.4177545691906006,2.0548302872062663,0.41435185185185186,0.6365740740740741
1283,0.1712962962962963,0.6118143459915611,0.26765446880690463,0.3273542600896861,0.8865740740740741,-1.4516971279373367,2.0992167101827675,0.4305555555555556,0.6226851851851852
1284,0.16203703703703703,0.6118143459915611,0.2562160797677647,0.3213751868460389,0.8865740740740741,-1.5378590078328982,2.101827676240209,0.4351851851851852,0.6087962962962963
1285,0.16435185185185186,0.6118143459915611,0.25910126215913526,0.32286995515695066,0.8865740740740741,-1.5352480417754568,2.093994778067885,0.4398148148148148,0.6319444444444444
1286,0.1550925925925926,0.6118143459915611,0.24745602975076095,0.31689088191330345,0.8865740740740741,-1.4725848563968669,2.093994778067885,0.4398148148148148,0.625
1287,0.1388888888888889,0.6118143459915611,0.22638563622170177,0.3064275037369208,0.8865740740740741,-1.597911227154047,2.1879895561357703,0.41203703703703703,0.6041666666666666
1288,0.14351851851851852,0.6118143459915611,0.23249799570693358,0.3094170403587444,0.8865740740740741,-1.5195822454308094,2.2036553524804177,0.41435185185185186,0.6064814814814815
1289,0.17592592592592593,0.6118143459915611,0.27327282646431583,0.3303437967115097,0.8865740740740741,-1.6344647519582245,2.088772845953003,0.4444444444444444,0.6157407407407407
1290,0.2013888888888889,0.6118143459915611,0.30303030303030304,0.34678624813153963,0.8865740740740741,-1.3968668407310705,2.028720626631854,0.4513888888888889,0.6458333333333334
1291,0.1875,0.6118143459915611,0.28703398218409765,0.33781763826606875,0.8865740740740741,-1.475195822454308,2.0704960835509136,0.4444444444444444,0.625
1292,0.1597222222222222,0.6118143459915611,0.25331358474801563,0.31988041853512705,0.8865740740740741,-1.4725848563968669,2.1148825065274153,0.42824074074074076,0.6319444444444444
1293,0.14814814814814814,0.6118143459915611,0.23853588319967095,0.312406576980568,0.8865740740740741,-1.4490861618798956,2.0913838120104438,0.4305555555555556,0.6296296296296297
1294,0.18287037037037038,0.6118143459915611,0.28157762127748487,0.33482810164424515,0.8865740740740741,-1.4308093994778068,2.0052219321148823,0.4537037037037037,0.6412037037037037
1295,0.1875,0.6118143459915611,0.28703398218409765,0.33781763826606875,0.8865740740740741,-1.2506527415143602,2.044386422976501,0.4444444444444444,0.6481481481481481
1296,0.14351851851851852,0.6118143459915611,0.23249799570693358,0.3094170403587444,0.8865740740740741,-1.5326370757180157,2.1906005221932117,0.4166666666666667,0.6064814814814815
1297,0.125,0.6118143459915611,0.20758768790264853,0.2974588938714499,0.8865740740740741,-1.514360313315927,2.1305483028720626,0.43287037037037035,0.6134259259259259
1298,0.19907407407407407,0.6118143459915611,0.30040230300402304,0.3452914798206278,0.8865740740740741,-1.4647519582245432,2.033942558746736,0.4375,0.6087962962962963
1299,0.16203703703703703,0.6118143459915611,0.2562160797677647,0.3213751868460389,0.8865740740740741,-1.485639686684073,2.0078328981723237,0.43287037037037035,0.6342592592592593
1300,0.1574074074074074,0.6118143459915611,0.2503936208034943,0.3183856502242152,0.8865740740740741,-1.4490861618798956,2.0130548302872064,0.4583333333333333,0.6296296296296297
1301,0.16666666666666666,0.6118143459915611,0.26196928635953026,0.3243647234678625,0.8865740740740741,-1.4699738903394255,2.033942558746736,0.42824074074074076,0.6319444444444444
1302,0.16203703703703703,0.6118143459915611,0.2562160797677647,0.3213751868460389,0.8865740740740741,-1.6684073107049608,2.164490861618799,0.42592592592592593,0.6087962962962963
1303,0.16203703703703703,0.6118143459915611,0.2562160797677647,0.3213751868460389,0.8865740740740741,-1.422976501305483,2.0861618798955615,0.4212962962962963,0.6203703703703703
1304,0.1736111111111111,0.6118143459915611,0.2704719268793136,0.32884902840059793,0.8865740740740741,-1.4151436031331592,2.1305483028720626,0.42824074074074076,0.6226851851851852
1305,0.17592592592592593,0.6118143459915611,0.27327282646431583,0.3303437967115097,0.8865740740740741,-1.4177545691906006,2.0182767624020888,0.44212962962962965,0.6342592592592593
1306,0.15046296296296297,0.6118143459915611,0.2415273239797553,0.31390134529147984,0.8865740740740741,-1.4699738903394255,2.1592689295039165,0.41898148148148145,0.5949074074074074
1307,0.1550925925925926,0.6118143459915611,0.24745602975076095,0.31689088191330345,0.8865740740740741,-1.4569190600522193,2.1201044386422976,0.4212962962962963,0.6134259259259259
1308,0.1527777777777778,0.6118143459915611,0.24450065149076416,0.3153961136023916,0.8865740740740741,-1.514360313315927,2.1253263707571803,0.4375,0.6180555555555556
1309,0.16898148148148148,0.6118143459915611,0.264820304974919,0.32585949177877427,0.8865740740740741,-1.4673629242819843,2.1984334203655354,0.4074074074074074,0.5972222222222222
1310,0.1574074074074074,0.6118143459915611,0.2503936208034943,0.3183856502242152,0.8865740740740741,-1.5274151436031331,2.0913838120104438,0.4375,0.6342592592592593
1311,0.1712962962962963,0.6118143459915611,0.26765446880690463,0.3273542600896861,0.8865740740740741,-1.6057441253263707,2.0130548302872064,0.4444444444444444,0.6296296296296297
1312,0.1597222222222222,0.6118143459915611,0.25331358474801563,0.31988041853512705,0.8865740740740741,-1.5326370757180157,2.1383812010443863,0.3958333333333333,0.6157407407407407
1313,0.1574074074074074,0.6118143459915611,0.2503936208034943,0.3183856502242152,0.8865740740740741,-1.5039164490861618,2.1201044386422976,0.4212962962962963,0.6087962962962963
1314,0.1388888888888889,0.6118143459915611,0.22638563622170177,0.3064275037369208,0.8865740740740741,-1.5013054830287207,2.1592689295039165,0.41898148148148145,0.6203703703703703
1315,0.16203703703703703,0.6118143459915611,0.2562160797677647,0.3213751868460389,0.8865740740740741,-1.5404699738903394,2.14621409921671,0.42824074074074076,0.6180555555555556
1316,0.17824074074074073,0.6118143459915611,0.27605731310808634,0.33183856502242154,0.8865740740740741,-1.5456919060052219,1.9843342036553524,0.4699074074074074,0.6365740740740741
1317,0.14814814814814814,0.6118143459915611,0.23853588319967095,0.312406576980568,0.8865740740740741,-1.5221932114882506,2.1906005221932117,0.42592592592592593,0.6041666666666666
1318,0.16203703703703703,0.6118143459915611,0.2562160797677647,0.3213751868460389,0.8865740740740741,-1.5274151436031331,2.0548302872062663,0.46064814814814814,0.6203703703703703
1319,0.14583333333333334,0.6118143459915611,0.2355261631279731,0.3109118086696562,0.8865740740740741,-1.5326370757180157,2.1070496083550916,0.41435185185185186,0.5949074074074074
1320,0.1712962962962963,0.6118143459915611,0.26765446880690463,0.3273542600896861,0.8865740740740741,-1.402088772845953,2.033942558746736,0.4675925925925926,0.6365740740740741
1321,0.1527777777777778,0.6118143459915611,0.24450065149076416,0.3153961136023916,0.8865740740740741,-1.597911227154047,2.1827676240208875,0.42592592592592593,0.6157407407407407
1322,0.15046296296296297,0.6118143459915611,0.2415273239797553,0.31390134529147984,0.8865740740740741,-1.4490861618798956,2.133159268929504,0.4166666666666667,0.6157407407407407
1323,0.1574074074074074,0.6118143459915611,0.2503936208034943,0.3183856502242152,0.8865740740740741,-1.483028720626632,2.0678851174934727,0.43287037037037035,0.6388888888888888
1324,0.1597222222222222,0.6118143459915611,0.25331358474801563,0.31988041853512705,0.8865740740740741,-1.5352480417754568,2.06266318537859,0.4398148148148148,0.6134259259259259
1325,0.16898148148148148,0.6118143459915611,0.264820304974919,0.32585949177877427,0.8865740740740741,-1.5352480417754568,2.088772845953003,0.4583333333333333,0.6365740740740741
1326,0.13194444444444445,0.6118143459915611,0.21707441988732618,0.30194319880418535,0.8865740740740741,-1.4908616187989556,2.122715404699739,0.42824074074074076,0.6342592592592593
1327,0.15046296296296297,0.6118143459915611,0.2415273239797553,0.31390134529147984,0.8865740740740741,-1.4464751958224542,2.0,0.44212962962962965,0.6273148148148148
1328,0.1712962962962963,0.6118143459915611,0.26765446880690463,0.3273542600896861,0.8865740740740741,-1.5091383812010444,2.10443864229765,0.4236111111111111,0.6157407407407407
1329,0.1597222222222222,0.6118143459915611,0.25331358474801563,0.31988041853512705,0.8865740740740741,-1.5300261096605745,2.1096605744125325,0.41435185185185186,0.625
1330,0.1875,0.6118143459915611,0.28703398218409765,0.33781763826606875,0.8865740740740741,-1.5300261096605745,1.9947780678851175,0.4699074074074074,0.6296296296296297
1331,0.18518518518518517,0.6118143459915611,0.284313725490196,0.336322869955157,0.8865740740740741,-1.4647519582245432,1.9765013054830287,0.47685185185185186,0.6458333333333334
1332,0.16203703703703703,0.6118143459915611,0.2562160797677647,0.3213751868460389,0.8865740740740741,-1.6161879895561357,2.0966057441253265,0.4236111111111111,0.6087962962962963
1333,0.1388888888888889,0.6118143459915611,0.22638563622170177,0.3064275037369208,0.8865740740740741,-1.5404699738903394,2.093994778067885,0.4375,0.625
1334,0.1712962962962963,0.6118143459915611,0.26765446880690463,0.3273542600896861,0.8865740740740741,-1.475195822454308,2.033942558746736,0.4444444444444444,0.6319444444444444
1335,0.18055555555555555,0.6118143459915611,0.27882553065601656,0.3333333333333333,0.8865740740740741,-1.4360313315926894,2.1148825065274153,0.4375,0.5972222222222222
1336,0.1412037037037037,0.6118143459915611,0.22945121081235326,0.30792227204783257,0.8865740740740741,-1.443864229765013,2.1383812010443863,0.4166666666666667,0.5925925925925926
1337,0.16898148148148148,0.6118143459915611,0.264820304974919,0.32585949177877427,0.8865740740740741,-1.4882506527415145,2.073107049608355,0.4351851851851852,0.6203703703703703
1338,0.1388888888888889,0.6118143459915611,0.22638563622170177,0.3064275037369208,0.8865740740740741,-1.5013054830287207,2.112271540469974,0.41898148148148145,0.6180555555555556
1339,0.11805555555555555,0.6118143459915611,0.19792043036653417,0.2929745889387145,0.8865740740740741,-1.4255874673629243,2.2715404699738904,0.3958333333333333,0.5972222222222222
1340,0.1550925925925926,0.6118143459915611,0.24745602975076095,0.31689088191330345,0.8865740740740741,-1.3446475195822454,2.0704960835509136,0.4444444444444444,0.6458333333333334
1341,0.14351851851851852,0.6118143459915611,0.23249799570693358,0.3094170403587444,0.8865740740740741,-1.5065274151436032,2.164490861618799,0.4166666666666667,0.6134259259259259
1342,0.19675925925925927,0.6118143459915611,0.29775925590384733,0.34379671150971597,0.8865740740740741,-1.3812010443864229,1.9033942558746737,0.4861111111111111,0.6481481481481481
1343,0.16435185185185186,0.6118143459915611,0.25910126215913526,0.32286995515695066,0.8865740740740741,-1.6109660574412532,2.1383812010443863,0.44212962962962965,0.6087962962962963
1344,0.14814814814814814,0.6118143459915611,0.23853588319967095,0.312406576980568,0.8865740740740741,-1.4151436031331592,2.1253263707571803,0.4444444444444444,0.6064814814814815
1345,0.1550925925925926,0.6118143459915611,0.24745602975076095,0.31689088191330345,0.8865740740740741,-1.4699738903394255,2.023498694516971,0.4675925925925926,0.6388888888888888
1346,0.16666666666666666,0.6118143459915611,0.26196928635953026,0.3243647234678625,0.8865740740740741,-1.5065274151436032,2.154046997389034,0.41898148148148145,0.5972222222222222
1347,0.16435185185185186,0.6118143459915611,0.25910126215913526,0.32286995515695066,0.8865740740740741,-1.3864229765013054,2.0809399477806787,0.4212962962962963,0.6087962962962963
1348,0.15046296296296297,0.6118143459915611,0.2415273239797553,0.31390134529147984,0.8865740740740741,-1.402088772845953,2.0652741514360313,0.4398148148148148,0.6273148148148148
1349,0.1597222222222222,0.6118143459915611,0.25331358474801563,0.31988041853512705,0.8865740740740741,-1.391644908616188,2.0182767624020888,0.4537037037037037,0.6296296296296297
1350,0.1736111111111111,0.6118143459915611,0.2704719268793136,0.32884902840059793,0.8865740740740741,-1.4934725848563968,2.031331592689295,0.4398148148148148,0.6226851851851852
1351,0.17592592592592593,0.6118143459915611,0.27327282646431583,0.3303437967115097,0.8865740740740741,-1.639686684073107,2.0992167101827675,0.4236111111111111,0.6180555555555556
1352,0.16203703703703703,0.6118143459915611,0.2562160797677647,0.3213751868460389,0.8865740740740741,-1.5378590078328982,2.0652741514360313,0.42824074074074076,0.6226851851851852
1353,0.16435185185185186,0.6118143459915611,0.25910126215913526,0.32286995515695066,0.8865740740740741,-1.4203655352480418,2.1148825065274153,0.42592592592592593,0.6388888888888888
1354,0.14583333333333334,0.6118143459915611,0.2355261631279731,0.3109118086696562,0.8865740740740741,-1.5117493472584855,2.143603133159269,0.4236111111111111,0.625
1355,0.16435185185185186,0.6118143459915611,0.25910126215913526,0.32286995515695066,0.8865740740740741,-1.4386422976501305,2.101827676240209,0.4305555555555556,0.6134259259259259
1356,0.16203703703703703,0.6118143459915611,0.2562160797677647,0.3213751868460389,0.8865740740740741,-1.3028720626631853,2.117493472584856,0.42824074074074076,0.6273148148148148
1357,0.16203703703703703,0.6118143459915611,0.2562160797677647,0.3213751868460389,0.8865740740740741,-1.391644908616188,2.101827676240209,0.41898148148148145,0.6180555555555556
1358,0.14583333333333334,0.6118143459915611,0.2355261631279731,0.3109118086696562,0.8865740740740741,-1.4934725848563968,2.177545691906005,0.42824074074074076,0.6157407407407407
1359,0.1574074074074074,0.6118143459915611,0.2503936208034943,0.3183856502242152,0.8865740740740741,-1.4960835509138382,1.9921671018276763,0.44212962962962965,0.6296296296296297
1360,0.1574074074074074,0.6118143459915611,0.2503936208034943,0.3183856502242152,0.8865740740740741,-1.4621409921671018,2.0574412532637076,0.44907407407407407,0.6203703703703703
1361,0.16203703703703703,0.6118143459915611,0.2562160797677647,0.3213751868460389,0.8865740740740741,-1.5404699738903394,2.052219321148825,0.4398148148148148,0.6342592592592593
1362,0.1597222222222222,0.6118143459915611,0.25331358474801563,0.31988041853512705,0.8865740740740741,-1.4804177545691906,2.117493472584856,0.4074074074074074,0.6064814814814815
1363,0.14351851851851852,0.6118143459915611,0.23249799570693358,0.3094170403587444,0.8865740740740741,-1.475195822454308,2.122715404699739,0.44675925925925924,0.6157407407407407
1364,0.15046296296296297,0.6118143459915611,0.2415273239797553,0.31390134529147984,0.8865740740740741,-1.4308093994778068,2.0678851174934727,0.41435185185185186,0.6064814814814815
1365,0.16435185185185186,0.6118143459915611,0.25910126215913526,0.32286995515695066,0.8865740740740741,-1.5483028720626633,2.154046997389034,0.4305555555555556,0.6134259259259259
1366,0.1712962962962963,0.6118143459915611,0.26765446880690463,0.3273542600896861,0.8865740740740741,-1.5483028720626633,2.039164490861619,0.44212962962962965,0.6203703703703703
1367,0.18055555555555555,0.6118143459915611,0.27882553065601656,0.3333333333333333,0.8865740740740741,-1.5117493472584855,1.9869451697127938,0.44212962962962965,0.6365740740740741
1368,0.1736111111111111,0.6118143459915611,0.2704719268793136,0.32884902840059793,0.8865740740740741,-1.4099216710182767,2.0417754569190603,0.4375,0.6342592592592593
1369,0.1736111111111111,0.6118143459915611,0.2704719268793136,0.32884902840059793,0.8865740740740741,-1.5926892950391645,2.0678851174934727,0.42824074074074076,0.6111111111111112
1370,0.1712962962962963,0.6118143459915611,0.26765446880690463,0.3273542600896861,0.8865740740740741,-1.5822454308093994,2.02088772845953,0.4583333333333333,0.6273148148148148
1371,0.16898148148148148,0.6118143459915611,0.264820304974919,0.32585949177877427,0.8865740740740741,-1.443864229765013,2.0130548302872064,0.4305555555555556,0.6273148148148148
1372,0.16898148148148148,0.6118143459915611,0.264820304974919,0.32585949177877427,0.8865740740740741,-1.483028720626632,2.052219321148825,0.45601851851851855,0.6203703703703703
1373,0.1574074074074074,0.6118143459915611,0.2503936208034943,0.3183856502242152,0.8865740740740741,-1.3864229765013054,2.049608355091384,0.4398148148148148,0.6296296296296297
1374,0.14814814814814814,0.6118143459915611,0.23853588319967095,0.312406576980568,0.8865740740740741,-1.5300261096605745,2.0992167101827675,0.42824074074074076,0.6180555555555556
1375,0.1412037037037037,0.6118143459915611,0.22945121081235326,0.30792227204783257,0.8865740740740741,-1.3759791122715406,2.1906005221932117,0.4236111111111111,0.6134259259259259
1376,0.1111111111111111,0.6118143459915611,0.18806744487678342,0.2884902840059791,0.8865740740740741,-1.4543080939947781,2.1697127937336815,0.42824074074074076,0.6111111111111112
1377,0.16435185185185186,0.6118143459915611,0.25910126215913526,0.32286995515695066,0.8865740740740741,-1.4360313315926894,2.0156657963446474,0.42824074074074076,0.6296296296296297
1378,0.17824074074074073,0.6118143459915611,0.27605731310808634,0.33183856502242154,0.8865740740740741,-1.4099216710182767,1.95822454308094,0.4537037037037037,0.6504629629629629
1379,0.14814814814814814,0.6118143459915611,0.23853588319967095,0.312406576980568,0.8865740740740741,-1.441253263707572,2.1305483028720626,0.4375,0.6319444444444444
1380,0.1550925925925926,0.6118143459915611,0.24745602975076095,0.31689088191330345,0.8865740740740741,-1.483028720626632,2.1096605744125325,0.4305555555555556,0.6134259259259259
1381,0.1574074074074074,0.6118143459915611,0.2503936208034943,0.3183856502242152,0.8865740740740741,-1.5221932114882506,2.117493472584856,0.4236111111111111,0.6064814814814815
1382,0.1712962962962963,0.6118143459915611,0.26765446880690463,0.3273542600896861,0.8865740740740741,-1.4073107049608355,2.0078328981723237,0.4398148148148148,0.6273148148148148
1383,0.16435185185185186,0.6118143459915611,0.25910126215913526,0.32286995515695066,0.8865740740740741,-1.4151436031331592,2.06266318537859,0.41435185185185186,0.6134259259259259
1384,0.16203703703703703,0.6118143459915611,0.2562160797677647,0.3213751868460389,0.8865740740740741,-1.3785900783289817,1.9947780678851175,0.4675925925925926,0.6319444444444444
1385,0.14814814814814814,0.6118143459915611,0.23853588319967095,0.312406576980568,0.8865740740740741,-1.4908616187989556,2.0861618798955615,0.4166666666666667,0.6203703703703703
1386,0.15046296296296297,0.6118143459915611,0.2415273239797553,0.31390134529147984,0.8865740740740741,-1.587467362924282,2.088772845953003,0.42592592592592593,0.6319444444444444
1387,0.17824074074074073,0.6118143459915611,0.27605731310808634,0.33183856502242154,0.8865740740740741,-1.5483028720626633,2.112271540469974,0.43287037037037035,0.6111111111111112
1388,0.18055555555555555,0.6118143459915611,0.27882553065601656,0.3333333333333333,0.8865740740740741,-1.391644908616188,1.9451697127937337,0.4652777777777778,0.6342592592592593
1389,0.14583333333333334,0.6118143459915611,0.2355261631279731,0.3109118086696562,0.8865740740740741,-1.433420365535248,2.060052219321149,0.4351851851851852,0.6180555555555556
1390,0.1574074074074074,0.6118143459915611,0.2503936208034943,0.3183856502242152,0.8865740740740741,-1.6240208877284594,2.172323759791123,0.41435185185185186,0.6064814814814815
1391,0.1736111111111111,0.6118143459915611,0.2704719268793136,0.32884902840059793,0.8865740740740741,-1.4360313315926894,2.1253263707571803,0.4398148148148148,0.6365740740740741
1392,0.1574074074074074,0.6118143459915611,0.2503936208034943,0.3183856502242152,0.8865740740740741,-1.4281984334203655,2.164490861618799,0.4305555555555556,0.6041666666666666
1393,0.16435185185185186,0.6118143459915611,0.25910126215913526,0.32286995515695066,0.8865740740740741,-1.4177545691906006,2.0026109660574414,0.4675925925925926,0.6319444444444444
1394,0.18287037037037038,0.6118143459915611,0.28157762127748487,0.33482810164424515,0.8865740740740741,-1.5195822454308094,2.0156657963446474,0.4513888888888889,0.6365740740740741
1395,0.1527777777777778,0.6118143459915611,0.24450065149076416,0.3153961136023916,0.8865740740740741,-1.3577023498694516,2.1253263707571803,0.4305555555555556,0.6319444444444444
1396,0.17592592592592593,0.6118143459915611,0.27327282646431583,0.3303437967115097,0.8865740740740741,-1.4360313315926894,2.0261096605744124,0.4652777777777778,0.6273148148148148
1397,0.16898148148148148,0.6118143459915611,0.264820304974919,0.32585949177877427,0.8865740740740741,-1.4725848563968669,2.052219321148825,0.44675925925925924,0.6365740740740741
1398,0.1527777777777778,0.6118143459915611,0.24450065149076416,0.3153961136023916,0.8865740740740741,-1.4673629242819843,2.1201044386422976,0.41203703703703703,0.6111111111111112
1399,0.16203703703703703,0.6118143459915611,0.2562160797677647,0.3213751868460389,0.8865740740740741,-1.5326370757180157,2.122715404699739,0.42824074074074076,0.6273148148148148
1400,0.18055555555555555,0.6118143459915611,0.27882553065601656,0.3333333333333333,0.8865740740740741,-1.4046997389033942,2.0783289817232378,0.4375,0.6203703703703703
1401,0.16435185185185186,0.6118143459915611,0.25910126215913526,0.32286995515695066,0.8865740740740741,-1.4151436031331592,2.0365535248041775,0.4513888888888889,0.6342592592592593
1402,0.1597222222222222,0.6118143459915611,0.25331358474801563,0.31988041853512705,0.8865740740740741,-1.4699738903394255,2.0078328981723237,0.4398148148148148,0.6365740740740741
1403,0.1597222222222222,0.6118143459915611,0.25331358474801563,0.31988041853512705,0.8865740740740741,-1.4360313315926894,2.1096605744125325,0.4351851851851852,0.6296296296296297
1404,0.14583333333333334,0.6118143459915611,0.2355261631279731,0.3109118086696562,0.8865740740740741,-1.5483028720626633,2.1592689295039165,0.42592592592592593,0.5949074074074074
1405,0.1736111111111111,0.6118143459915611,0.2704719268793136,0.32884902840059793,0.8865740740740741,-1.5326370757180157,2.023498694516971,0.42824074074074076,0.625
1406,0.16666666666666666,0.6118143459915611,0.26196928635953026,0.3243647234678625,0.8865740740740741,-1.5718015665796345,2.1984334203655354,0.4097222222222222,0.5972222222222222
1407,0.16898148148148148,0.6118143459915611,0.264820304974919,0.32585949177877427,0.8865740740740741,-1.4778067885117494,2.073107049608355,0.4351851851851852,0.6180555555555556
1408,0.1712962962962963,0.6118143459915611,0.26765446880690463,0.3273542600896861,0.8865740740740741,-1.4647519582245432,2.112271540469974,0.45601851851851855,0.6087962962962963
1409,0.16666666666666666,0.6118143459915611,0.26196928635953026,0.3243647234678625,0.8865740740740741,-1.6057441253263707,2.174934725848564,0.4351851851851852,0.6157407407407407
1410,0.18055555555555555,0.6118143459915611,0.27882553065601656,0.3333333333333333,0.8865740740740741,-1.3159268929503916,1.9947780678851175,0.4675925925925926,0.6388888888888888
1411,0.1875,0.6118143459915611,0.28703398218409765,0.33781763826606875,0.8865740740740741,-1.3315926892950392,1.9738903394255876,0.46296296296296297,0.6273148148148148
1412,0.16435185185185186,0.6118143459915611,0.25910126215913526,0.32286995515695066,0.8865740740740741,-1.6109660574412532,2.039164490861619,0.4537037037037037,0.6319444444444444
1413,0.16435185185185186,0.6118143459915611,0.25910126215913526,0.32286995515695066,0.8865740740740741,-1.3942558746736293,2.0574412532637076,0.46296296296296297,0.6180555555555556
1414,0.1574074074074074,0.6118143459915611,0.2503936208034943,0.3183856502242152,0.8865740740740741,-1.4464751958224542,2.06266318537859,0.4398148148148148,0.6388888888888888
1415,0.15046296296296297,0.6118143459915611,0.2415273239797553,0.31390134529147984,0.8865740740740741,-1.5430809399477807,2.0913838120104438,0.4212962962962963,0.6157407407407407
1416,0.1574074074074074,0.6118143459915611,0.2503936208034943,0.3183856502242152,0.8865740740740741,-1.4621409921671018,2.1201044386422976,0.4166666666666667,0.6203703703703703
1417,0.14583333333333334,0.6118143459915611,0.2355261631279731,0.3109118086696562,0.8865740740740741,-1.608355091383812,2.151436031331593,0.41435185185185186,0.6157407407407407
1418,0.16203703703703703,0.6118143459915611,0.2562160797677647,0.3213751868460389,0.8865740740740741,-1.566579634464752,2.0678851174934727,0.4212962962962963,0.6226851851851852
1419,0.1712962962962963,0.6118143459915611,0.26765446880690463,0.3273542600896861,0.8865740740740741,-1.3890339425587468,2.052219321148825,0.4513888888888889,0.6296296296296297
1420,0.16435185185185186,0.6118143459915611,0.25910126215913526,0.32286995515695066,0.8865740740740741,-1.4725848563968669,2.0261096605744124,0.4305555555555556,0.6134259259259259
1421,0.1527777777777778,0.6118143459915611,0.24450065149076416,0.3153961136023916,0.8865740740740741,-1.4177545691906006,2.0757180156657964,0.4444444444444444,0.6296296296296297
1422,0.16203703703703703,0.6118143459915611,0.2562160797677647,0.3213751868460389,0.8865740740740741,-1.4699738903394255,2.0130548302872064,0.4513888888888889,0.6180555555555556
1423,0.1527777777777778,0.6118143459915611,0.24450065149076416,0.3153961136023916,0.8865740740740741,-1.5013054830287207,2.1279373368146213,0.43287037037037035,0.6111111111111112
1424,0.17824074074074073,0.6118143459915611,0.27605731310808634,0.33183856502242154,0.8865740740740741,-1.524804177545692,2.0365535248041775,0.4444444444444444,0.6273148148148148
1425,0.17824074074074073,0.6118143459915611,0.27605731310808634,0.33183856502242154,0.8865740740740741,-1.4046997389033942,1.926892950391645,0.44212962962962965,0.6435185185185185
1426,0.1550925925925926,0.6118143459915611,0.24745602975076095,0.31689088191330345,0.8865740740740741,-1.4177545691906006,2.112271540469974,0.4166666666666667,0.5902777777777778
1427,0.16435185185185186,0.6118143459915611,0.25910126215913526,0.32286995515695066,0.8865740740740741,-1.4281984334203655,2.0809399477806787,0.4236111111111111,0.6180555555555556
1428,0.14351851851851852,0.6118143459915611,0.23249799570693358,0.3094170403587444,0.8865740740740741,-1.5221932114882506,2.133159268929504,0.4166666666666667,0.6111111111111112
1429,0.16203703703703703,0.6118143459915611,0.2562160797677647,0.3213751868460389,0.8865740740740741,-1.5300261096605745,2.0678851174934727,0.41435185185185186,0.6226851851851852
1430,0.17592592592592593,0.6118143459915611,0.27327282646431583,0.3303437967115097,0.8865740740740741,-1.514360313315927,2.0417754569190603,0.41203703703703703,0.625
1431,0.16666666666666666,0.6118143459915611,0.26196928635953026,0.3243647234678625,0.8865740740740741,-1.4046997389033942,2.10443864229765,0.44212962962962965,0.6087962962962963
1432,0.18287037037037038,0.6118143459915611,0.28157762127748487,0.33482810164424515,0.8865740740740741,-1.4699738903394255,2.0757180156657964,0.41435185185185186,0.6064814814814815
1433,0.1597222222222222,0.6118143459915611,0.25331358474801563,0.31988041853512705,0.8865740740740741,-1.485639686684073,2.039164490861619,0.4351851851851852,0.6319444444444444
1434,0.17824074074074073,0.6118143459915611,0.27605731310808634,0.33183856502242154,0.8865740740740741,-1.5926892950391645,2.0261096605744124,0.4675925925925926,0.6458333333333334
1435,0.16898148148148148,0.6118143459915611,0.264820304974919,0.32585949177877427,0.8865740740740741,-1.4516971279373367,2.0417754569190603,0.4537037037037037,0.6342592592592593
1436,0.17592592592592593,0.6118143459915611,0.27327282646431583,0.3303437967115097,0.8865740740740741,-1.4699738903394255,2.039164490861619,0.4351851851851852,0.6203703703703703
1437,0.1736111111111111,0.6118143459915611,0.2704719268793136,0.32884902840059793,0.8865740740740741,-1.4046997389033942,1.9947780678851175,0.42824074074074076,0.6388888888888888
1438,0.16435185185185186,0.6118143459915611,0.25910126215913526,0.32286995515695066,0.8865740740740741,-1.5039164490861618,2.0992167101827675,0.43287037037037035,0.6203703703703703
1439,0.16666666666666666,0.6118143459915611,0.26196928635953026,0.3243647234678625,0.8865740740740741,-1.6971279373368147,2.151436031331593,0.41898148148148145,0.6157407407407407
1440,0.16203703703703703,0.6118143459915611,0.2562160797677647,0.3213751868460389,0.8865740740740741,-1.483028720626632,2.172323759791123,0.4212962962962963,0.6134259259259259
1441,0.1574074074074074,0.6118143459915611,0.2503936208034943,0.3183856502242152,0.8865740740740741,-1.4177545691906006,2.1592689295039165,0.4375,0.5995370370370371
1442,0.14351851851851852,0.6118143459915611,0.23249799570693358,0.3094170403587444,0.8865740740740741,-1.5195822454308094,2.161879895561358,0.4097222222222222,0.5949074074074074
1443,0.1550925925925926,0.6118143459915611,0.24745602975076095,0.31689088191330345,0.8865740740740741,-1.4908616187989556,2.1070496083550916,0.44212962962962965,0.6134259259259259
1444,0.17824074074074073,0.6118143459915611,0.27605731310808634,0.33183856502242154,0.8865740740740741,-1.5639686684073106,1.9921671018276763,0.42824074074074076,0.6365740740740741
1445,0.18055555555555555,0.6118143459915611,0.27882553065601656,0.3333333333333333,0.8865740740740741,-1.402088772845953,2.112271540469974,0.44212962962962965,0.6111111111111112
1446,0.17824074074074073,0.6118143459915611,0.27605731310808634,0.33183856502242154,0.8865740740740741,-1.4308093994778068,2.073107049608355,0.4375,0.6458333333333334
1447,0.14583333333333334,0.6118143459915611,0.2355261631279731,0.3109118086696562,0.8865740740740741,-1.5378590078328982,2.174934725848564,0.41435185185185186,0.6018518518518519
1448,0.14583333333333334,0.6118143459915611,0.2355261631279731,0.3109118086696562,0.8865740740740741,-1.3994778067885119,2.1305483028720626,0.4236111111111111,0.6111111111111112
1449,0.18981481481481483,0.6118143459915611,0.2897385286448815,0.3393124065769806,0.8865740740740741,-1.4778067885117494,2.0261096605744124,0.42592592592592593,0.6435185185185185
1450,0.19212962962962962,0.6118143459915611,0.2924275005770796,0.34080717488789236,0.8865740740740741,-1.5378590078328982,1.9817232375979112,0.44907407407407407,0.6134259259259259
1451,0.16203703703703703,0.6118143459915611,0.2562160797677647,0.3213751868460389,0.8865740740740741,-1.318537859007833,2.0548302872062663,0.4351851851851852,0.6296296296296297
1452,0.1597222222222222,0.6118143459915611,0.25331358474801563,0.31988041853512705,0.8865740740740741,-1.5221932114882506,1.9973890339425588,0.4513888888888889,0.6180555555555556
1453,0.1527777777777778,0.6118143459915611,0.24450065149076416,0.3153961136023916,0.8865740740740741,-1.4099216710182767,2.093994778067885,0.42592592592592593,0.6342592592592593
1454,0.2013888888888889,0.6118143459915611,0.30303030303030304,0.34678624813153963,0.8865740740740741,-1.3655352480417755,1.9503916449086163,0.48148148148148145,0.6435185185185185
1455,0.16898148148148148,0.6118143459915611,0.264820304974919,0.32585949177877427,0.8865740740740741,-1.4699738903394255,2.1383812010443863,0.41898148148148145,0.6203703703703703
1456,0.16898148148148148,0.6118143459915611,0.264820304974919,0.32585949177877427,0.8865740740740741,-1.4386422976501305,2.0548302872062663,0.4375,0.6157407407407407
1457,0.1597222222222222,0.6118143459915611,0.25331358474801563,0.31988041853512705,0.8865740740740741,-1.433420365535248,2.0026109660574414,0.44212962962962965,0.6296296296296297
1458,0.14351851851851852,0.6118143459915611,0.23249799570693358,0.3094170403587444,0.8865740740740741,-1.4543080939947781,2.1592689295039165,0.4305555555555556,0.6087962962962963
1459,0.1875,0.6118143459915611,0.28703398218409765,0.33781763826606875,0.8865740740740741,-1.4490861618798956,2.0809399477806787,0.4444444444444444,0.6203703703703703
1460,0.1736111111111111,0.6118143459915611,0.2704719268793136,0.32884902840059793,0.8865740740740741,-1.3577023498694516,2.010443864229765,0.4398148148148148,0.6180555555555556
1461,0.14814814814814814,0.6118143459915611,0.23853588319967095,0.312406576980568,0.8865740740740741,-1.3759791122715406,2.117493472584856,0.41898148148148145,0.6226851851851852
1462,0.18518518518518517,0.6118143459915611,0.284313725490196,0.336322869955157,0.8865740740740741,-1.360313315926893,2.0078328981723237,0.4398148148148148,0.6388888888888888
1463,0.1736111111111111,0.6118143459915611,0.2704719268793136,0.32884902840059793,0.8865740740740741,-1.4725848563968669,2.08355091383812,0.42824074074074076,0.6226851851851852
1464,0.1574074074074074,0.6118143459915611,0.2503936208034943,0.3183856502242152,0.8865740740740741,-1.4543080939947781,2.044386422976501,0.4444444444444444,0.6226851851851852
1465,0.1550925925925926,0.6118143459915611,0.24745602975076095,0.31689088191330345,0.8865740740740741,-1.5378590078328982,2.2010443864229763,0.42824074074074076,0.6018518518518519
1466,0.1412037037037037,0.6118143459915611,0.22945121081235326,0.30792227204783257,0.8865740740740741,-1.441253263707572,2.08355091383812,0.4537037037037037,0.6296296296296297
1467,0.19675925925925927,0.6118143459915611,0.29775925590384733,0.34379671150971597,0.8865740740740741,-1.349869451697128,1.9765013054830287,0.45601851851851855,0.6458333333333334
1468,0.16435185185185186,0.6118143459915611,0.25910126215913526,0.32286995515695066,0.8865740740740741,-1.4516971279373367,2.06266318537859,0.42592592592592593,0.6226851851851852
1469,0.1527777777777778,0.6118143459915611,0.24450065149076416,0.3153961136023916,0.8865740740740741,-1.4073107049608355,2.0809399477806787,0.4305555555555556,0.6111111111111112
1470,0.16203703703703703,0.6118143459915611,0.2562160797677647,0.3213751868460389,0.8865740740740741,-1.4099216710182767,1.9738903394255876,0.46064814814814814,0.6226851851851852
1471,0.1527777777777778,0.6118143459915611,0.24450065149076416,0.3153961136023916,0.8865740740740741,-1.5822454308093994,2.1253263707571803,0.41898148148148145,0.6111111111111112
1472,0.17592592592592593,0.6118143459915611,0.27327282646431583,0.3303437967115097,0.8865740740740741,-1.441253263707572,1.9738903394255876,0.4236111111111111,0.6226851851851852
1473,0.18055555555555555,0.6118143459915611,0.27882553065601656,0.3333333333333333,0.8865740740740741,-1.4725848563968669,2.02088772845953,0.44675925925925924,0.6435185185185185
1474,0.1597222222222222,0.6118143459915611,0.25331358474801563,0.31988041853512705,0.8865740740740741,-1.4699738903394255,2.049608355091384,0.4444444444444444,0.6226851851851852
1475,0.1550925925925926,0.6118143459915611,0.24745602975076095,0.31689088191330345,0.8865740740740741,-1.4725848563968669,2.1409921671018277,0.42592592592592593,0.625
1476,0.18055555555555555,0.6118143459915611,0.27882553065601656,0.3333333333333333,0.8865740740740741,-1.577023498694517,2.0,0.4513888888888889,0.6388888888888888
1477,0.1736111111111111,0.6118143459915611,0.2704719268793136,0.32884902840059793,0.8865740740740741,-1.3864229765013054,2.033942558746736,0.4513888888888889,0.6157407407407407
1478,0.19444444444444445,0.6118143459915611,0.2951010321267626,0.3423019431988042,0.8865740740740741,-1.3550913838120104,1.9921671018276763,0.47453703703703703,0.6365740740740741
1479,0.1550925925925926,0.6118143459915611,0.24745602975076095,0.31689088191330345,0.8865740740740741,-1.3368146214099217,2.010443864229765,0.44907407407407407,0.6342592592592593
1480,0.1712962962962963,0.6118143459915611,0.26765446880690463,0.3273542600896861,0.8865740740740741,-1.516971279373368,2.0809399477806787,0.4398148148148148,0.6319444444444444
1481,0.1736111111111111,0.6118143459915611,0.2704719268793136,0.32884902840059793,0.8865740740740741,-1.587467362924282,2.1096605744125325,0.44675925925925924,0.6180555555555556
1482,0.19212962962962962,0.6118143459915611,0.2924275005770796,0.34080717488789236,0.8865740740740741,-1.3577023498694516,1.9947780678851175,0.44212962962962965,0.6412037037037037
1483,0.1550925925925926,0.6118143459915611,0.24745602975076095,0.31689088191330345,0.8865740740740741,-1.4360313315926894,2.06266318537859,0.4375,0.6203703703703703
1484,0.1527777777777778,0.6118143459915611,0.24450065149076416,0.3153961136023916,0.8865740740740741,-1.5744125326370757,2.112271540469974,0.41435185185185186,0.6180555555555556
1485,0.14583333333333334,0.6118143459915611,0.2355261631279731,0.3109118086696562,0.8865740740740741,-1.5718015665796345,2.156657963446475,0.39814814814814814,0.6018518518518519
1486,0.16203703703703703,0.6118143459915611,0.2562160797677647,0.3213751868460389,0.8865740740740741,-1.4255874673629243,2.073107049608355,0.44675925925925924,0.6365740740740741
1487,0.1597222222222222,0.6118143459915611,0.25331358474801563,0.31988041853512705,0.8865740740740741,-1.5221932114882506,2.112271540469974,0.4212962962962963,0.6388888888888888
1488,0.1527777777777778,0.6118143459915611,0.24450065149076416,0.3153961136023916,0.8865740740740741,-1.412532637075718,2.112271540469974,0.42824074074074076,0.6111111111111112
1489,0.18055555555555555,0.6118143459915611,0.27882553065601656,0.3333333333333333,0.8865740740740741,-1.3759791122715406,2.0913838120104438,0.44212962962962965,0.6226851851851852
1490,0.1875,0.6118143459915611,0.28703398218409765,0.33781763826606875,0.8865740740740741,-1.4255874673629243,2.0365535248041775,0.4675925925925926,0.6273148148148148
1491,0.1574074074074074,0.6118143459915611,0.2503936208034943,0.3183856502242152,0.8865740740740741,-1.3785900783289817,2.0261096605744124,0.43287037037037035,0.6203703703703703
1492,0.16898148148148148,0.6118143459915611,0.264820304974919,0.32585949177877427,0.8865740740740741,-1.4595300261096606,2.0704960835509136,0.44212962962962965,0.625
1493,0.1574074074074074,0.6118143459915611,0.2503936208034943,0.3183856502242152,0.8865740740740741,-1.483028720626632,2.1096605744125325,0.4027777777777778,0.6111111111111112
1494,0.16898148148148148,0.6118143459915611,0.264820304974919,0.32585949177877427,0.8865740740740741,-1.4464751958224542,2.1096605744125325,0.42824074074074076,0.6157407407407407
1495,0.14814814814814814,0.6118143459915611,0.23853588319967095,0.312406576980568,0.8865740740740741,-1.4699738903394255,2.0704960835509136,0.4444444444444444,0.625
1496,0.15046296296296297,0.6118143459915611,0.2415273239797553,0.31390134529147984,0.8865740740740741,-1.4073107049608355,2.0548302872062663,0.4375,0.6134259259259259
1497,0.12037037037037036,0.6118143459915611,0.2011632250146737,0.2944693572496263,0.8865740740740741,-1.5796344647519582,2.1697127937336815,0.41435185185185186,0.6157407407407407
1498,0.1712962962962963,0.6118143459915611,0.26765446880690463,0.3273542600896861,0.8865740740740741,-1.402088772845953,2.023498694516971,0.4444444444444444,0.625
1499,0.18055555555555555,0.6118143459915611,0.27882553065601656,0.3333333333333333,0.8865740740740741,-1.4595300261096606,2.0652741514360313,0.4513888888888889,0.6180555555555556
1500,0.16435185185185186,0.6118143459915611,0.25910126215913526,0.32286995515695066,0.8865740740740741,-1.412532637075718,1.9869451697127938,0.4583333333333333,0.6504629629629629
1501,0.14351851851851852,0.6118143459915611,0.23249799570693358,0.3094170403587444,0.8865740740740741,-1.4960835509138382,2.0913838120104438,0.41435185185185186,0.6226851851851852
1502,0.16435185185185186,0.6118143459915611,0.25910126215913526,0.32286995515695066,0.8865740740740741,-1.3785900783289817,2.1148825065274153,0.42824074074074076,0.5972222222222222
1503,0.1712962962962963,0.6118143459915611,0.26765446880690463,0.3273542600896861,0.8865740740740741,-1.4464751958224542,1.9738903394255876,0.45601851851851855,0.6435185185185185
1504,0.1736111111111111,0.6118143459915611,0.2704719268793136,0.32884902840059793,0.8865740740740741,-1.4804177545691906,2.0913838120104438,0.4351851851851852,0.6296296296296297
1505,0.18287037037037038,0.6118143459915611,0.28157762127748487,0.33482810164424515,0.8865740740740741,-1.4673629242819843,2.14621409921671,0.4513888888888889,0.6296296296296297
1506,0.14814814814814814,0.6118143459915611,0.23853588319967095,0.312406576980568,0.8865740740740741,-1.3420365535248042,2.0783289817232378,0.4444444444444444,0.6342592592592593
1507,0.16435185185185186,0.6118143459915611,0.25910126215913526,0.32286995515695066,0.8865740740740741,-1.587467362924282,2.1932114882506526,0.4166666666666667,0.5972222222222222
1508,0.1527777777777778,0.6118143459915611,0.24450065149076416,0.3153961136023916,0.8865740740740741,-1.5483028720626633,2.033942558746736,0.44675925925925924,0.6296296296296297
1509,0.1574074074074074,0.6118143459915611,0.2503936208034943,0.3183856502242152,0.8865740740740741,-1.4595300261096606,2.0809399477806787,0.44212962962962965,0.6296296296296297
1510,0.17592592592592593,0.6118143459915611,0.27327282646431583,0.3303437967115097,0.8865740740740741,-1.422976501305483,2.023498694516971,0.4583333333333333,0.6226851851851852
1511,0.18981481481481483,0.6118143459915611,0.2897385286448815,0.3393124065769806,0.8865740740740741,-1.524804177545692,2.031331592689295,0.43287037037037035,0.6273148148148148
1512,0.14814814814814814,0.6118143459915611,0.23853588319967095,0.312406576980568,0.8865740740740741,-1.4725848563968669,2.1253263707571803,0.44212962962962965,0.6157407407407407
1513,0.15046296296296297,0.6118143459915611,0.2415273239797553,0.31390134529147984,0.8865740740740741,-1.391644908616188,2.101827676240209,0.43287037037037035,0.6087962962962963
1514,0.16898148148148148,0.6118143459915611,0.264820304974919,0.32585949177877427,0.8865740740740741,-1.3315926892950392,2.0052219321148823,0.4537037037037037,0.6458333333333334
1515,0.1597222222222222,0.6118143459915611,0.25331358474801563,0.31988041853512705,0.8865740740740741,-1.3968668407310705,2.033942558746736,0.45601851851851855,0.6342592592592593
1516,0.16898148148148148,0.6118143459915611,0.264820304974919,0.32585949177877427,0.8865740740740741,-1.3420365535248042,2.0574412532637076,0.4513888888888889,0.6226851851851852
1517,0.1550925925925926,0.6118143459915611,0.24745602975076095,0.31689088191330345,0.8865740740740741,-1.5926892950391645,2.156657963446475,0.4236111111111111,0.6203703703703703
1518,0.18055555555555555,0.6118143459915611,0.27882553065601656,0.3333333333333333,0.8865740740740741,-1.441253263707572,2.08355091383812,0.44907407407407407,0.6180555555555556
1519,0.18518518518518517,0.6118143459915611,0.284313725490196,0.336322869955157,0.8865740740740741,-1.5065274151436032,2.044386422976501,0.46296296296296297,0.6435185185185185
1520,0.16666666666666666,0.6118143459915611,0.26196928635953026,0.3243647234678625,0.8865740740740741,-1.485639686684073,2.117493472584856,0.42592592592592593,0.6018518518518519
1521,0.17824074074074073,0.6118143459915611,0.27605731310808634,0.33183856502242154,0.8865740740740741,-1.5039164490861618,2.073107049608355,0.4375,0.6180555555555556
1522,0.16898148148148148,0.6118143459915611,0.264820304974919,0.32585949177877427,0.8865740740740741,-1.6057441253263707,2.0861618798955615,0.44212962962962965,0.6180555555555556
1523,0.1574074074074074,0.6118143459915611,0.2503936208034943,0.3183856502242152,0.8865740740740741,-1.5065274151436032,2.0966057441253265,0.4398148148148148,0.6203703703703703
1524,0.17824074074074073,0.6118143459915611,0.27605731310808634,0.33183856502242154,0.8865740740740741,-1.4464751958224542,2.135770234986945,0.4351851851851852,0.6111111111111112
1525,0.1550925925925926,0.6118143459915611,0.24745602975076095,0.31689088191330345,0.8865740740740741,-1.516971279373368,2.0757180156657964,0.4236111111111111,0.6203703703703703
1526,0.1550925925925926,0.6118143459915611,0.24745602975076095,0.31689088191330345,0.8865740740740741,-1.4908616187989556,2.060052219321149,0.4351851851851852,0.6319444444444444
1527,0.15046296296296297,0.6118143459915611,0.2415273239797553,0.31390134529147984,0.8865740740740741,-1.4543080939947781,2.0809399477806787,0.4236111111111111,0.6388888888888888
1528,0.1597222222222222,0.6118143459915611,0.25331358474801563,0.31988041853512705,0.8865740740740741,-1.558746736292428,2.117493472584856,0.44212962962962965,0.6111111111111112
1529,0.18055555555555555,0.6118143459915611,0.27882553065601656,0.3333333333333333,0.8865740740740741,-1.4046997389033942,2.0365535248041775,0.4212962962962963,0.625
1530,0.1550925925925926,0.6118143459915611,0.24745602975076095,0.31689088191330345,0.8865740740740741,-1.2506527415143602,1.9556135770234986,0.4583333333333333,0.6435185185185185
1531,0.17592592592592593,0.6118143459915611,0.27327282646431583,0.3303437967115097,0.8865740740740741,-1.443864229765013,2.0130548302872064,0.44907407407407407,0.6412037037037037
1532,0.13425925925925927,0.6118143459915611,0.2201974183750949,0.3034379671150972,0.8865740740740741,-1.3577023498694516,2.093994778067885,0.39351851851851855,0.6018518518518519
1533,0.16666666666666666,0.6118143459915611,0.26196928635953026,0.3243647234678625,0.8865740740740741,-1.4882506527415145,2.1305483028720626,0.4305555555555556,0.6203703703703703
1534,0.1736111111111111,0.6118143459915611,0.2704719268793136,0.32884902840059793,0.8865740740740741,-1.3315926892950392,1.989556135770235,0.44907407407407407,0.6319444444444444
1535,0.18287037037037038,0.6118143459915611,0.28157762127748487,0.33482810164424515,0.8865740740740741,-1.5430809399477807,2.0652741514360313,0.44212962962962965,0.6203703703703703
1536,0.1527777777777778,0.6118143459915611,0.24450065149076416,0.3153961136023916,0.8865740740740741,-1.4986945169712793,2.151436031331593,0.41435185185185186,0.6180555555555556
1537,0.1597222222222222,0.6118143459915611,0.25331358474801563,0.31988041853512705,0.8865740740740741,-1.391644908616188,1.9765013054830287,0.46064814814814814,0.6388888888888888
1538,0.16435185185185186,0.6118143459915611,0.25910126215913526,0.32286995515695066,0.8865740740740741,-1.524804177545692,2.031331592689295,0.4652777777777778,0.6296296296296297
1539,0.13657407407407407,0.6118143459915611,0.22330109758166605,0.30493273542600896,0.8865740740740741,-1.5691906005221932,2.112271540469974,0.4166666666666667,0.6180555555555556
1540,0.16898148148148148,0.6118143459915611,0.264820304974919,0.32585949177877427,0.8865740740740741,-1.441253263707572,2.010443864229765,0.4375,0.6481481481481481
1541,0.16203703703703703,0.6118143459915611,0.2562160797677647,0.3213751868460389,0.8865740740740741,-1.5039164490861618,2.093994778067885,0.41435185185185186,0.6180555555555556
1542,0.1597222222222222,0.6118143459915611,0.25331358474801563,0.31988041853512705,0.8865740740740741,-1.5039164490861618,2.0417754569190603,0.44675925925925924,0.6296296296296297
1543,0.1574074074074074,0.6118143459915611,0.2503936208034943,0.3183856502242152,0.8865740740740741,-1.475195822454308,2.122715404699739,0.44675925925925924,0.6342592592592593
1544,0.18055555555555555,0.6118143459915611,0.27882553065601656,0.3333333333333333,0.8865740740740741,-1.4046997389033942,1.9634464751958225,0.4583333333333333,0.6319444444444444
1545,0.18287037037037038,0.6118143459915611,0.28157762127748487,0.33482810164424515,0.8865740740740741,-1.4490861618798956,2.0182767624020888,0.44675925925925924,0.6226851851851852
1546,0.16666666666666666,0.6118143459915611,0.26196928635953026,0.3243647234678625,0.8865740740740741,-1.5195822454308094,2.0365535248041775,0.4513888888888889,0.6342592592592593
1547,0.17592592592592593,0.6118143459915611,0.27327282646431583,0.3303437967115097,0.8865740740740741,-1.3524804177545693,2.0156657963446474,0.4537037037037037,0.6365740740740741
1548,0.1574074074074074,0.6118143459915611,0.2503936208034943,0.3183856502242152,0.8865740740740741,-1.4360313315926894,2.073107049608355,0.4236111111111111,0.6180555555555556
1549,0.1412037037037037,0.6118143459915611,0.22945121081235326,0.30792227204783257,0.8865740740740741,-1.4882506527415145,2.1253263707571803,0.4351851851851852,0.6273148148148148
1550,0.16435185185185186,0.6118143459915611,0.25910126215913526,0.32286995515695066,0.8865740740740741,-1.4151436031331592,1.9843342036553524,0.4398148148148148,0.6388888888888888
1551,0.17824074074074073,0.6118143459915611,0.27605731310808634,0.33183856502242154,0.8865740740740741,-1.5195822454308094,2.0052219321148823,0.4444444444444444,0.6481481481481481
1552,0.14583333333333334,0.6118143459915611,0.2355261631279731,0.3109118086696562,0.8865740740740741,-1.5535248041775458,2.1801566579634466,0.43287037037037035,0.5925925925925926
1553,0.17824074074074073,0.6118143459915611,0.27605731310808634,0.33183856502242154,0.8865740740740741,-1.4725848563968669,2.06266318537859,0.4513888888888889,0.6111111111111112
1554,0.16435185185185186,0.6118143459915611,0.25910126215913526,0.32286995515695066,0.8865740740740741,-1.5326370757180157,2.0182767624020888,0.44675925925925924,0.6157407407407407
1555,0.1875,0.6118143459915611,0.28703398218409765,0.33781763826606875,0.8865740740740741,-1.4386422976501305,2.060052219321149,0.4351851851851852,0.6203703703703703
1556,0.16898148148148148,0.6118143459915611,0.264820304974919,0.32585949177877427,0.8865740740740741,-1.6266318537859008,2.1697127937336815,0.4097222222222222,0.6041666666666666
1557,0.18055555555555555,0.6118143459915611,0.27882553065601656,0.3333333333333333,0.8865740740740741,-1.360313315926893,1.9973890339425588,0.47685185185185186,0.6273148148148148
1558,0.1574074074074074,0.6118143459915611,0.2503936208034943,0.3183856502242152,0.8865740740740741,-1.485639686684073,2.0809399477806787,0.44212962962962965,0.6296296296296297
1559,0.1736111111111111,0.6118143459915611,0.2704719268793136,0.32884902840059793,0.8865740740740741,-1.3681462140992167,2.0156657963446474,0.4444444444444444,0.6226851851851852
1560,0.15046296296296297,0.6118143459915611,0.2415273239797553,0.31390134529147984,0.8865740740740741,-1.3394255874673628,2.049608355091384,0.4652777777777778,0.625
1561,0.1597222222222222,0.6118143459915611,0.25331358474801563,0.31988041853512705,0.8865740740740741,-1.4046997389033942,2.0261096605744124,0.4537037037037037,0.6342592592592593
1562,0.17824074074074073,0.6118143459915611,0.27605731310808634,0.33183856502242154,0.8865740740740741,-1.441253263707572,2.088772845953003,0.42592592592592593,0.5995370370370371
1563,0.1527777777777778,0.6118143459915611,0.24450065149076416,0.3153961136023916,0.8865740740740741,-1.4255874673629243,2.08355091383812,0.46064814814814814,0.6134259259259259
1564,0.1412037037037037,0.6118143459915611,0.22945121081235326,0.30792227204783257,0.8865740740740741,-1.5300261096605745,2.093994778067885,0.4375,0.6273148148148148
1565,0.1574074074074074,0.6118143459915611,0.2503936208034943,0.3183856502242152,0.8865740740740741,-1.4595300261096606,2.117493472584856,0.4305555555555556,0.6180555555555556
1566,0.18981481481481483,0.6118143459915611,0.2897385286448815,0.3393124065769806,0.8865740740740741,-1.279373368146214,1.9425587467362924,0.4375,0.6342592592592593
1567,0.1550925925925926,0.6118143459915611,0.24745602975076095,0.31689088191330345,0.8865740740740741,-1.3812010443864229,1.9817232375979112,0.4675925925925926,0.6412037037037037
1568,0.1550925925925926,0.6118143459915611,0.24745602975076095,0.31689088191330345,0.8865740740740741,-1.5221932114882506,2.117493472584856,0.4305555555555556,0.5995370370370371
1569,0.1736111111111111,0.6118143459915611,0.2704719268793136,0.32884902840059793,0.8865740740740741,-1.3655352480417755,2.023498694516971,0.4305555555555556,0.6319444444444444
1570,0.14814814814814814,0.6118143459915611,0.23853588319967095,0.312406576980568,0.8865740740740741,-1.4647519582245432,2.023498694516971,0.4375,0.6458333333333334
1571,0.1712962962962963,0.6118143459915611,0.26765446880690463,0.3273542600896861,0.8865740740740741,-1.4516971279373367,2.0365535248041775,0.4537037037037037,0.6412037037037037
1572,0.16666666666666666,0.6118143459915611,0.26196928635953026,0.3243647234678625,0.8865740740740741,-1.5065274151436032,2.0966057441253265,0.41435185185185186,0.6064814814814815
1573,0.14814814814814814,0.6118143459915611,0.23853588319967095,0.312406576980568,0.8865740740740741,-1.4725848563968669,2.0365535248041775,0.4398148148148148,0.6365740740740741
1574,0.1736111111111111,0.6118143459915611,0.2704719268793136,0.32884902840059793,0.8865740740740741,-1.5274151436031331,2.0757180156657964,0.4444444444444444,0.6273148148148148
1575,0.1597222222222222,0.6118143459915611,0.25331358474801563,0.31988041853512705,0.8865740740740741,-1.5378590078328982,2.039164490861619,0.4212962962962963,0.6435185185185185
1576,0.1574074074074074,0.6118143459915611,0.2503936208034943,0.3183856502242152,0.8865740740740741,-1.422976501305483,2.0548302872062663,0.43287037037037035,0.6180555555555556
1577,0.1550925925925926,0.6118143459915611,0.24745602975076095,0.31689088191330345,0.8865740740740741,-1.4308093994778068,2.073107049608355,0.4375,0.6273148148148148
1578,0.1412037037037037,0.6118143459915611,0.22945121081235326,0.30792227204783257,0.8865740740740741,-1.4934725848563968,2.1201044386422976,0.43287037037037035,0.6180555555555556
1579,0.14583333333333334,0.6118143459915611,0.2355261631279731,0.3109118086696562,0.8865740740740741,-1.4934725848563968,2.08355091383812,0.43287037037037035,0.6157407407407407
1580,0.18055555555555555,0.6118143459915611,0.27882553065601656,0.3333333333333333,0.8865740740740741,-1.4281984334203655,2.0182767624020888,0.44675925925925924,0.6435185185185185
1581,0.18055555555555555,0.6118143459915611,0.27882553065601656,0.3333333333333333,0.8865740740740741,-1.4073107049608355,2.0026109660574414,0.4699074074074074,0.6319444444444444
1582,0.14814814814814814,0.6118143459915611,0.23853588319967095,0.312406576980568,0.8865740740740741,-1.3838120104438643,2.08355091383812,0.41435185185185186,0.6087962962962963
1583,0.1574074074074074,0.6118143459915611,0.2503936208034943,0.3183856502242152,0.8865740740740741,-1.4046997389033942,2.052219321148825,0.4351851851851852,0.625
1584,0.17592592592592593,0.6118143459915611,0.27327282646431583,0.3303437967115097,0.8865740740740741,-1.4647519582245432,2.0548302872062663,0.4375,0.6087962962962963
1585,0.18287037037037038,0.6118143459915611,0.28157762127748487,0.33482810164424515,0.8865740740740741,-1.433420365535248,2.0704960835509136,0.4375,0.6180555555555556
1586,0.1550925925925926,0.6118143459915611,0.24745602975076095,0.31689088191330345,0.8865740740740741,-1.4778067885117494,2.052219321148825,0.4398148148148148,0.6203703703703703
1587,0.1412037037037037,0.6118143459915611,0.22945121081235326,0.30792227204783257,0.8865740740740741,-1.524804177545692,2.093994778067885,0.4583333333333333,0.625
1588,0.14351851851851852,0.6118143459915611,0.23249799570693358,0.3094170403587444,0.8865740740740741,-1.5718015665796345,2.14621409921671,0.41203703703703703,0.6134259259259259
1589,0.16666666666666666,0.6118143459915611,0.26196928635953026,0.3243647234678625,0.8865740740740741,-1.3942558746736293,2.031331592689295,0.44212962962962965,0.6342592592592593
1590,0.14814814814814814,0.6118143459915611,0.23853588319967095,0.312406576980568,0.8865740740740741,-1.3472584856396868,2.08355091383812,0.41898148148148145,0.6087962962962963
1591,0.16435185185185186,0.6118143459915611,0.25910126215913526,0.32286995515695066,0.8865740740740741,-1.3785900783289817,2.0678851174934727,0.41203703703703703,0.6273148148148148
1592,0.1574074074074074,0.6118143459915611,0.2503936208034943,0.3183856502242152,0.8865740740740741,-1.4804177545691906,2.117493472584856,0.44212962962962965,0.6157407407407407
1593,0.19444444444444445,0.6118143459915611,0.2951010321267626,0.3423019431988042,0.8865740740740741,-1.5300261096605745,1.9947780678851175,0.4652777777777778,0.6388888888888888
1594,0.1574074074074074,0.6118143459915611,0.2503936208034943,0.3183856502242152,0.8865740740740741,-1.5195822454308094,2.14621409921671,0.43287037037037035,0.6018518518518519
1595,0.14351851851851852,0.6118143459915611,0.23249799570693358,0.3094170403587444,0.8865740740740741,-1.4908616187989556,2.1592689295039165,0.4212962962962963,0.6273148148148148
1596,0.18518518518518517,0.6118143459915611,0.284313725490196,0.336322869955157,0.8865740740740741,-1.2898172323759791,1.968668407310705,0.44675925925925924,0.6319444444444444
1597,0.1597222222222222,0.6118143459915611,0.25331358474801563,0.31988041853512705,0.8865740740740741,-1.485639686684073,2.0652741514360313,0.4305555555555556,0.6527777777777778
1598,0.1550925925925926,0.6118143459915611,0.24745602975076095,0.31689088191330345,0.8865740740740741,-1.4464751958224542,2.010443864229765,0.46296296296296297,0.625
1599,0.16666666666666666,0.6118143459915611,0.26196928635953026,0.3243647234678625,0.8865740740740741,-1.4804177545691906,1.9973890339425588,0.4398148148148148,0.6458333333333334
1600,0.14814814814814814,0.6118143459915611,0.23853588319967095,0.312406576980568,0.8865740740740741,-1.6057441253263707,2.0966057441253265,0.4351851851851852,0.6180555555555556
1601,0.1412037037037037,0.6118143459915611,0.22945121081235326,0.30792227204783257,0.8865740740740741,-1.4647519582245432,2.0966057441253265,0.4212962962962963,0.6203703703703703
1602,0.16203703703703703,0.6118143459915611,0.2562160797677647,0.3213751868460389,0.8865740740740741,-1.608355091383812,2.0574412532637076,0.44675925925925924,0.6296296296296297
1603,0.17824074074074073,0.6118143459915611,0.27605731310808634,0.33183856502242154,0.8865740740740741,-1.485639686684073,2.0078328981723237,0.4675925925925926,0.6550925925925926
1604,0.16666666666666666,0.6118143459915611,0.26196928635953026,0.3243647234678625,0.8865740740740741,-1.4960835509138382,2.0861618798955615,0.44907407407407407,0.5902777777777778
1605,0.17592592592592593,0.6118143459915611,0.27327282646431583,0.3303437967115097,0.8865740740740741,-1.5430809399477807,1.9973890339425588,0.46296296296296297,0.6226851851851852
1606,0.1527777777777778,0.6118143459915611,0.24450065149076416,0.3153961136023916,0.8865740740740741,-1.5274151436031331,2.0861618798955615,0.4398148148148148,0.6273148148148148
1607,0.19907407407407407,0.6118143459915611,0.30040230300402304,0.3452914798206278,0.8865740740740741,-1.5483028720626633,2.049608355091384,0.44907407407407407,0.6226851851851852
1608,0.19675925925925927,0.6118143459915611,0.29775925590384733,0.34379671150971597,0.8865740740740741,-1.391644908616188,2.0130548302872064,0.4398148148148148,0.625
1609,0.17824074074074073,0.6118143459915611,0.27605731310808634,0.33183856502242154,0.8865740740740741,-1.4934725848563968,2.0261096605744124,0.4444444444444444,0.6296296296296297
1610,0.15046296296296297,0.6118143459915611,0.2415273239797553,0.31390134529147984,0.8865740740740741,-1.5796344647519582,2.185378590078329,0.4166666666666667,0.6087962962962963
1611,0.1736111111111111,0.6118143459915611,0.2704719268793136,0.32884902840059793,0.8865740740740741,-1.516971279373368,2.0966057441253265,0.44212962962962965,0.625
1612,0.13657407407407407,0.6118143459915611,0.22330109758166605,0.30493273542600896,0.8865740740740741,-1.5848563968668408,2.117493472584856,0.42824074074074076,0.6087962962962963
1613,0.15046296296296297,0.6118143459915611,0.2415273239797553,0.31390134529147984,0.8865740740740741,-1.3420365535248042,2.052219321148825,0.44675925925925924,0.6273148148148148
1614,0.1597222222222222,0.6118143459915611,0.25331358474801563,0.31988041853512705,0.8865740740740741,-1.4934725848563968,2.1305483028720626,0.4212962962962963,0.6018518518518519
1615,0.14351851851851852,0.6118143459915611,0.23249799570693358,0.3094170403587444,0.8865740740740741,-1.4203655352480418,2.1201044386422976,0.42592592592592593,0.5995370370370371
1616,0.14351851851851852,0.6118143459915611,0.23249799570693358,0.3094170403587444,0.8865740740740741,-1.485639686684073,2.028720626631854,0.4652777777777778,0.625
1617,0.14814814814814814,0.6118143459915611,0.23853588319967095,0.312406576980568,0.8865740740740741,-1.5456919060052219,2.156657963446475,0.42592592592592593,0.6087962962962963
1618,0.1527777777777778,0.6118143459915611,0.24450065149076416,0.3153961136023916,0.8865740740740741,-1.3942558746736293,2.0992167101827675,0.4513888888888889,0.6180555555555556
1619,0.1574074074074074,0.6118143459915611,0.2503936208034943,0.3183856502242152,0.8865740740740741,-1.5822454308093994,2.06266318537859,0.4398148148148148,0.6157407407407407
1620,0.19444444444444445,0.6118143459915611,0.2951010321267626,0.3423019431988042,0.8865740740740741,-1.370757180156658,2.060052219321149,0.44675925925925924,0.6111111111111112
1621,0.16666666666666666,0.6118143459915611,0.26196928635953026,0.3243647234678625,0.8865740740740741,-1.4882506527415145,2.14621409921671,0.42592592592592593,0.6134259259259259
1622,0.14351851851851852,0.6118143459915611,0.23249799570693358,0.3094170403587444,0.8865740740740741,-1.4177545691906006,2.060052219321149,0.4375,0.6134259259259259
1623,0.18055555555555555,0.6118143459915611,0.27882553065601656,0.3333333333333333,0.8865740740740741,-1.402088772845953,2.0652741514360313,0.4444444444444444,0.625
1624,0.16435185185185186,0.6118143459915611,0.25910126215913526,0.32286995515695066,0.8865740740740741,-1.4490861618798956,2.1906005221932117,0.4212962962962963,0.6018518518518519
1625,0.16203703703703703,0.6118143459915611,0.2562160797677647,0.3213751868460389,0.8865740740740741,-1.5039164490861618,2.088772845953003,0.42592592592592593,0.6319444444444444
1626,0.16666666666666666,0.6118143459915611,0.26196928635953026,0.3243647234678625,0.8865740740740741,-1.4778067885117494,2.1148825065274153,0.4375,0.6064814814814815
1627,0.19212962962962962,0.6118143459915611,0.2924275005770796,0.34080717488789236,0.8865740740740741,-1.4699738903394255,2.039164490861619,0.44907407407407407,0.6203703703703703
1628,0.17824074074074073,0.6118143459915611,0.27605731310808634,0.33183856502242154,0.8865740740740741,-1.5352480417754568,2.0156657963446474,0.4398148148148148,0.6342592592592593
1629,0.1736111111111111,0.6118143459915611,0.2704719268793136,0.32884902840059793,0.8865740740740741,-1.3785900783289817,1.968668407310705,0.46296296296296297,0.6412037037037037
1630,0.13657407407407407,0.6118143459915611,0.22330109758166605,0.30493273542600896,0.8865740740740741,-1.6240208877284594,2.1253263707571803,0.42592592592592593,0.6018518518518519
1631,0.15046296296296297,0.6118143459915611,0.2415273239797553,0.31390134529147984,0.8865740740740741,-1.441253263707572,2.1096605744125325,0.4444444444444444,0.625
1632,0.16435185185185186,0.6118143459915611,0.25910126215913526,0.32286995515695066,0.8865740740740741,-1.3315926892950392,2.0,0.46296296296296297,0.6273148148148148
1633,0.14351851851851852,0.6118143459915611,0.23249799570693358,0.3094170403587444,0.8865740740740741,-1.4804177545691906,2.0861618798955615,0.4166666666666667,0.625
1634,0.16203703703703703,0.6118143459915611,0.2562160797677647,0.3213751868460389,0.8865740740740741,-1.4177545691906006,2.0652741514360313,0.4212962962962963,0.6180555555555556
1635,0.14814814814814814,0.6118143459915611,0.23853588319967095,0.312406576980568,0.8865740740740741,-1.4099216710182767,2.088772845953003,0.44212962962962965,0.6273148148148148
1636,0.16898148148148148,0.6118143459915611,0.264820304974919,0.32585949177877427,0.8865740740740741,-1.4569190600522193,2.08355091383812,0.43287037037037035,0.625
1637,0.1736111111111111,0.6118143459915611,0.2704719268793136,0.32884902840059793,0.8865740740740741,-1.4804177545691906,2.0026109660574414,0.4537037037037037,0.6412037037037037
1638,0.1597222222222222,0.6118143459915611,0.25331358474801563,0.31988041853512705,0.8865740740740741,-1.4804177545691906,2.122715404699739,0.41203703703703703,0.6087962962962963
1639,0.17592592592592593,0.6118143459915611,0.27327282646431583,0.3303437967115097,0.8865740740740741,-1.328981723237598,2.033942558746736,0.4212962962962963,0.6365740740740741
1640,0.1527777777777778,0.6118143459915611,0.24450065149076416,0.3153961136023916,0.8865740740740741,-1.587467362924282,2.1201044386422976,0.4398148148148148,0.6273148148148148
1641,0.1736111111111111,0.6118143459915611,0.2704719268793136,0.32884902840059793,0.8865740740740741,-1.4778067885117494,2.1096605744125325,0.42824074074074076,0.625
1642,0.1527777777777778,0.6118143459915611,0.24450065149076416,0.3153961136023916,0.8865740740740741,-1.6057441253263707,2.1801566579634466,0.40046296296296297,0.6041666666666666
1643,0.1412037037037037,0.6118143459915611,0.22945121081235326,0.30792227204783257,0.8865740740740741,-1.4046997389033942,2.2088772845953004,0.4398148148148148,0.6111111111111112
1644,0.1388888888888889,0.6118143459915611,0.22638563622170177,0.3064275037369208,0.8865740740740741,-1.4177545691906006,2.023498694516971,0.4212962962962963,0.625
1645,0.16435185185185186,0.6118143459915611,0.25910126215913526,0.32286995515695066,0.8865740740740741,-1.4778067885117494,1.989556135770235,0.46296296296296297,0.6365740740740741
1646,0.14351851851851852,0.6118143459915611,0.23249799570693358,0.3094170403587444,0.8865740740740741,-1.4934725848563968,2.1305483028720626,0.42592592592592593,0.6087962962962963
1647,0.18055555555555555,0.6118143459915611,0.27882553065601656,0.3333333333333333,0.8865740740740741,-1.321148825065274,2.0052219321148823,0.44212962962962965,0.6458333333333334
1648,0.1712962962962963,0.6118143459915611,0.26765446880690463,0.3273542600896861,0.8865740740740741,-1.412532637075718,2.060052219321149,0.4236111111111111,0.6180555555555556
1649,0.16203703703703703,0.6118143459915611,0.2562160797677647,0.3213751868460389,0.8865740740740741,-1.5221932114882506,2.195822454308094,0.41898148148148145,0.5995370370370371
1650,0.1736111111111111,0.6118143459915611,0.2704719268793136,0.32884902840059793,0.8865740740740741,-1.6266318537859008,2.0861618798955615,0.4305555555555556,0.6157407407407407
1651,0.1550925925925926,0.6118143459915611,0.24745602975076095,0.31689088191330345,0.8865740740740741,-1.4046997389033942,1.9947780678851175,0.44907407407407407,0.6273148148148148
1652,0.18981481481481483,0.6118143459915611,0.2897385286448815,0.3393124065769806,0.8865740740740741,-1.4673629242819843,2.0417754569190603,0.4212962962962963,0.6180555555555556
1653,0.14583333333333334,0.6118143459915611,0.2355261631279731,0.3109118086696562,0.8865740740740741,-1.4516971279373367,2.1096605744125325,0.4097222222222222,0.6226851851851852
1654,0.19675925925925927,0.6118143459915611,0.29775925590384733,0.34379671150971597,0.8865740740740741,-1.5352480417754568,2.0574412532637076,0.46296296296296297,0.6180555555555556
1655,0.14351851851851852,0.6118143459915611,0.23249799570693358,0.3094170403587444,0.8865740740740741,-1.4960835509138382,2.044386422976501,0.4212962962962963,0.6296296296296297
1656,0.17592592592592593,0.6118143459915611,0.27327282646431583,0.3303437967115097,0.8865740740740741,-1.443864229765013,2.0757180156657964,0.43287037037037035,0.6134259259259259
1657,0.1527777777777778,0.6118143459915611,0.24450065149076416,0.3153961136023916,0.8865740740740741,-1.712793733681462,2.1932114882506526,0.4305555555555556,0.6226851851851852
1658,0.1388888888888889,0.6118143459915611,0.22638563622170177,0.3064275037369208,0.8865740740740741,-1.4543080939947781,2.1070496083550916,0.4537037037037037,0.6018518518518519
1659,0.16435185185185186,0.6118143459915611,0.25910126215913526,0.32286995515695066,0.8865740740740741,-1.3838120104438643,2.0365535248041775,0.4537037037037037,0.625
1660,0.19212962962962962,0.6118143459915611,0.2924275005770796,0.34080717488789236,0.8865740740740741,-1.5535248041775458,2.033942558746736,0.4537037037037037,0.6226851851851852
1661,0.16666666666666666,0.6118143459915611,0.26196928635953026,0.3243647234678625,0.8865740740740741,-1.3994778067885119,2.08355091383812,0.4097222222222222,0.625
1662,0.17824074074074073,0.6118143459915611,0.27605731310808634,0.33183856502242154,0.8865740740740741,-1.3864229765013054,2.0652741514360313,0.44212962962962965,0.6365740740740741
1663,0.1597222222222222,0.6118143459915611,0.25331358474801563,0.31988041853512705,0.8865740740740741,-1.4986945169712793,2.10443864229765,0.4236111111111111,0.6458333333333334
1664,0.1550925925925926,0.6118143459915611,0.24745602975076095,0.31689088191330345,0.8865740740740741,-1.4543080939947781,2.0913838120104438,0.4027777777777778,0.6087962962962963
1665,0.17592592592592593,0.6118143459915611,0.27327282646431583,0.3303437967115097,0.8865740740740741,-1.3838120104438643,1.95822454308094,0.4375,0.6365740740740741
1666,0.1550925925925926,0.6118143459915611,0.24745602975076095,0.31689088191330345,0.8865740740740741,-1.4725848563968669,2.052219321148825,0.4537037037037037,0.6388888888888888
1667,0.16203703703703703,0.6118143459915611,0.2562160797677647,0.3213751868460389,0.8865740740740741,-1.3159268929503916,2.0574412532637076,0.43287037037037035,0.6342592592592593
1668,0.1574074074074074,0.6118143459915611,0.2503936208034943,0.3183856502242152,0.8865740740740741,-1.5613577023498695,2.14621409921671,0.4375,0.6041666666666666
1669,0.16203703703703703,0.6118143459915611,0.2562160797677647,0.3213751868460389,0.8865740740740741,-1.4804177545691906,2.133159268929504,0.4305555555555556,0.6064814814814815
1670,0.1388888888888889,0.6118143459915611,0.22638563622170177,0.3064275037369208,0.8865740740740741,-1.4490861618798956,2.0861618798955615,0.4305555555555556,0.6388888888888888
1671,0.16666666666666666,0.6118143459915611,0.26196928635953026,0.3243647234678625,0.8865740740740741,-1.5613577023498695,2.151436031331593,0.42592592592592593,0.6296296296296297
1672,0.16435185185185186,0.6118143459915611,0.25910126215913526,0.32286995515695066,0.8865740740740741,-1.5848563968668408,2.154046997389034,0.4305555555555556,0.6041666666666666
1673,0.1736111111111111,0.6118143459915611,0.2704719268793136,0.32884902840059793,0.8865740740740741,-1.4046997389033942,2.1879895561357703,0.4305555555555556,0.5972222222222222
1674,0.12731481481481483,0.6118143459915611,0.21076973901552695,0.29895366218236175,0.8865740740740741,-1.441253263707572,2.088772845953003,0.4097222222222222,0.6134259259259259
1675,0.14814814814814814,0.6118143459915611,0.23853588319967095,0.312406576980568,0.8865740740740741,-1.370757180156658,2.0913838120104438,0.44212962962962965,0.625
1676,0.16898148148148148,0.6118143459915611,0.264820304974919,0.32585949177877427,0.8865740740740741,-1.5117493472584855,2.023498694516971,0.4444444444444444,0.6527777777777778
1677,0.14351851851851852,0.6118143459915611,0.23249799570693358,0.3094170403587444,0.8865740740740741,-1.6657963446475197,2.1879895561357703,0.43287037037037035,0.6134259259259259
1678,0.15046296296296297,0.6118143459915611,0.2415273239797553,0.31390134529147984,0.8865740740740741,-1.5509138381201044,2.1253263707571803,0.41898148148148145,0.6111111111111112
1679,0.17824074074074073,0.6118143459915611,0.27605731310808634,0.33183856502242154,0.8865740740740741,-1.3968668407310705,2.033942558746736,0.4212962962962963,0.6365740740740741
1680,0.1712962962962963,0.6118143459915611,0.26765446880690463,0.3273542600896861,0.8865740740740741,-1.370757180156658,2.0548302872062663,0.4444444444444444,0.6365740740740741
1681,0.18055555555555555,0.6118143459915611,0.27882553065601656,0.3333333333333333,0.8865740740740741,-1.4464751958224542,1.968668407310705,0.4398148148148148,0.6412037037037037
1682,0.1550925925925926,0.6118143459915611,0.24745602975076095,0.31689088191330345,0.8865740740740741,-1.5013054830287207,2.101827676240209,0.4444444444444444,0.6157407407407407
1683,0.18518518518518517,0.6118143459915611,0.284313725490196,0.336322869955157,0.8865740740740741,-1.4360313315926894,2.0156657963446474,0.47685185185185186,0.6412037037037037
1684,0.17592592592592593,0.6118143459915611,0.27327282646431583,0.3303437967115097,0.8865740740740741,-1.2663185378590078,2.060052219321149,0.4444444444444444,0.6226851851851852
1685,0.1736111111111111,0.6118143459915611,0.2704719268793136,0.32884902840059793,0.8865740740740741,-1.5091383812010444,2.1305483028720626,0.42824074074074076,0.6041666666666666
1686,0.1574074074074074,0.6118143459915611,0.2503936208034943,0.3183856502242152,0.8865740740740741,-1.5378590078328982,2.143603133159269,0.4166666666666667,0.6111111111111112
1687,0.1550925925925926,0.6118143459915611,0.24745602975076095,0.31689088191330345,0.8865740740740741,-1.5013054830287207,2.1279373368146213,0.42824074074074076,0.6064814814814815
1688,0.16435185185185186,0.6118143459915611,0.25910126215913526,0.32286995515695066,0.8865740740740741,-1.5352480417754568,2.0261096605744124,0.4537037037037037,0.6388888888888888
1689,0.18287037037037038,0.6118143459915611,0.28157762127748487,0.33482810164424515,0.8865740740740741,-1.3838120104438643,1.9947780678851175,0.46064814814814814,0.6296296296296297
1690,0.16435185185185186,0.6118143459915611,0.25910126215913526,0.32286995515695066,0.8865740740740741,-1.4255874673629243,2.0469973890339426,0.44675925925925924,0.625
1691,0.1597222222222222,0.6118143459915611,0.25331358474801563,0.31988041853512705,0.8865740740740741,-1.4490861618798956,2.101827676240209,0.43287037037037035,0.6157407407407407
1692,0.18287037037037038,0.6118143459915611,0.28157762127748487,0.33482810164424515,0.8865740740740741,-1.391644908616188,1.9869451697127938,0.4537037037037037,0.6504629629629629
1693,0.16898148148148148,0.6118143459915611,0.264820304974919,0.32585949177877427,0.8865740740740741,-1.4073107049608355,2.049608355091384,0.4513888888888889,0.6504629629629629
1694,0.14814814814814814,0.6118143459915611,0.23853588319967095,0.312406576980568,0.8865740740740741,-1.5039164490861618,2.0783289817232378,0.4375,0.625
1695,0.1412037037037037,0.6118143459915611,0.22945121081235326,0.30792227204783257,0.8865740740740741,-1.6135770234986946,2.2088772845953004,0.41435185185185186,0.5995370370370371
1696,0.17592592592592593,0.6118143459915611,0.27327282646431583,0.3303437967115097,0.8865740740740741,-1.5352480417754568,2.088772845953003,0.4305555555555556,0.6087962962962963
1697,0.17824074074074073,0.6118143459915611,0.27605731310808634,0.33183856502242154,0.8865740740740741,-1.4281984334203655,2.0652741514360313,0.4212962962962963,0.6064814814814815
1698,0.1527777777777778,0.6118143459915611,0.24450065149076416,0.3153961136023916,0.8865740740740741,-1.4464751958224542,2.156657963446475,0.41203703703703703,0.5995370370370371
1699,0.18287037037037038,0.6118143459915611,0.28157762127748487,0.33482810164424515,0.8865740740740741,-1.402088772845953,2.0026109660574414,0.4375,0.6435185185185185
1700,0.17824074074074073,0.6118143459915611,0.27605731310808634,0.33183856502242154,0.8865740740740741,-1.514360313315927,2.0156657963446474,0.4444444444444444,0.6342592592592593
1701,0.1574074074074074,0.6118143459915611,0.2503936208034943,0.3183856502242152,0.8865740740740741,-1.5065274151436032,2.1697127937336815,0.4305555555555556,0.5879629629629629
1702,0.16203703703703703,0.6118143459915611,0.2562160797677647,0.3213751868460389,0.8865740740740741,-1.3890339425587468,2.0156657963446474,0.44907407407407407,0.6319444444444444
1703,0.18055555555555555,0.6118143459915611,0.27882553065601656,0.3333333333333333,0.8865740740740741,-1.3812010443864229,2.0182767624020888,0.4375,0.6388888888888888
1704,0.14351851851851852,0.6118143459915611,0.23249799570693358,0.3094170403587444,0.8865740740740741,-1.412532637075718,2.1070496083550916,0.4398148148148148,0.6481481481481481
1705,0.1736111111111111,0.6118143459915611,0.2704719268793136,0.32884902840059793,0.8865740740740741,-1.5221932114882506,2.023498694516971,0.4444444444444444,0.6319444444444444
1706,0.14583333333333334,0.6118143459915611,0.2355261631279731,0.3109118086696562,0.8865740740740741,-1.370757180156658,2.0130548302872064,0.4583333333333333,0.6458333333333334
1707,0.1550925925925926,0.6118143459915611,0.24745602975076095,0.31689088191330345,0.8865740740740741,-1.3812010443864229,2.0652741514360313,0.43287037037037035,0.6296296296296297
1708,0.14351851851851852,0.6118143459915611,0.23249799570693358,0.3094170403587444,0.8865740740740741,-1.3629242819843341,2.10443864229765,0.44212962962962965,0.6041666666666666
1709,0.1875,0.6118143459915611,0.28703398218409765,0.33781763826606875,0.8865740740740741,-1.5744125326370757,2.0548302872062663,0.4351851851851852,0.625
1710,0.17592592592592593,0.6118143459915611,0.27327282646431583,0.3303437967115097,0.8865740740740741,-1.4960835509138382,2.023498694516971,0.4375,0.6319444444444444
1711,0.1550925925925926,0.6118143459915611,0.24745602975076095,0.31689088191330345,0.8865740740740741,-1.443864229765013,2.0652741514360313,0.4398148148148148,0.6412037037037037
1712,0.17592592592592593,0.6118143459915611,0.27327282646431583,0.3303437967115097,0.8865740740740741,-1.485639686684073,2.060052219321149,0.46296296296296297,0.6180555555555556
1713,0.16435185185185186,0.6118143459915611,0.25910126215913526,0.32286995515695066,0.8865740740740741,-1.5117493472584855,2.122715404699739,0.4097222222222222,0.6041666666666666
1714,0.18287037037037038,0.6118143459915611,0.28157762127748487,0.33482810164424515,0.8865740740740741,-1.4673629242819843,2.073107049608355,0.4212962962962963,0.5995370370370371
1715,0.16203703703703703,0.6118143459915611,0.2562160797677647,0.3213751868460389,0.8865740740740741,-1.4569190600522193,2.0156657963446474,0.46296296296296297,0.6481481481481481
1716,0.1574074074074074,0.6118143459915611,0.2503936208034943,0.3183856502242152,0.8865740740740741,-1.4281984334203655,2.0861618798955615,0.43287037037037035,0.6157407407407407
1717,0.1574074074074074,0.6118143459915611,0.2503936208034943,0.3183856502242152,0.8865740740740741,-1.5326370757180157,2.0652741514360313,0.42824074074074076,0.6203703703703703
1718,0.19212962962962962,0.6118143459915611,0.2924275005770796,0.34080717488789236,0.8865740740740741,-1.5195822454308094,2.031331592689295,0.4652777777777778,0.625
1719,0.1527777777777778,0.6118143459915611,0.24450065149076416,0.3153961136023916,0.8865740740740741,-1.4804177545691906,2.174934725848564,0.4305555555555556,0.6111111111111112
1720,0.1712962962962963,0.6118143459915611,0.26765446880690463,0.3273542600896861,0.8865740740740741,-1.597911227154047,2.073107049608355,0.4166666666666667,0.6180555555555556
1721,0.16666666666666666,0.6118143459915611,0.26196928635953026,0.3243647234678625,0.8865740740740741,-1.5404699738903394,2.1827676240208875,0.4027777777777778,0.6087962962962963
1722,0.16898148148148148,0.6118143459915611,0.264820304974919,0.32585949177877427,0.8865740740740741,-1.6631853785900783,2.1383812010443863,0.4236111111111111,0.6157407407407407
1723,0.18055555555555555,0.6118143459915611,0.27882553065601656,0.3333333333333333,0.8865740740740741,-1.3864229765013054,1.9660574412532636,0.45601851851851855,0.6319444444444444
1724,0.1574074074074074,0.6118143459915611,0.2503936208034943,0.3183856502242152,0.8865740740740741,-1.514360313315927,2.224543080939948,0.42824074074074076,0.5949074074074074
1725,0.1574074074074074,0.6118143459915611,0.2503936208034943,0.3183856502242152,0.8865740740740741,-1.5430809399477807,2.028720626631854,0.43287037037037035,0.6365740740740741
1726,0.16203703703703703,0.6118143459915611,0.2562160797677647,0.3213751868460389,0.8865740740740741,-1.4543080939947781,2.044386422976501,0.4166666666666667,0.6296296296296297
1727,0.18518518518518517,0.6118143459915611,0.284313725490196,0.336322869955157,0.8865740740740741,-1.5691906005221932,2.0861618798955615,0.4537037037037037,0.6180555555555556
1728,0.18055555555555555,0.6118143459915611,0.27882553065601656,0.3333333333333333,0.8865740740740741,-1.3968668407310705,2.060052219321149,0.43287037037037035,0.6180555555555556
1729,0.16898148148148148,0.6118143459915611,0.264820304974919,0.32585949177877427,0.8865740740740741,-1.2976501305483028,2.044386422976501,0.44907407407407407,0.6412037037037037
1730,0.16898148148148148,0.6118143459915611,0.264820304974919,0.32585949177877427,0.8865740740740741,-1.3994778067885119,1.9843342036553524,0.4398148148148148,0.6273148148148148
1731,0.16666666666666666,0.6118143459915611,0.26196928635953026,0.3243647234678625,0.8865740740740741,-1.5456919060052219,2.031331592689295,0.4212962962962963,0.6087962962962963
1732,0.1550925925925926,0.6118143459915611,0.24745602975076095,0.31689088191330345,0.8865740740740741,-1.360313315926893,2.0652741514360313,0.4351851851851852,0.6296296296296297
1733,0.16435185185185186,0.6118143459915611,0.25910126215913526,0.32286995515695066,0.8865740740740741,-1.5535248041775458,2.0861618798955615,0.4375,0.6111111111111112
1734,0.17824074074074073,0.6118143459915611,0.27605731310808634,0.33183856502242154,0.8865740740740741,-1.587467362924282,2.0992167101827675,0.43287037037037035,0.6041666666666666
1735,0.1597222222222222,0.6118143459915611,0.25331358474801563,0.31988041853512705,0.8865740740740741,-1.443864229765013,2.0548302872062663,0.44675925925925924,0.6365740740740741
1736,0.1875,0.6118143459915611,0.28703398218409765,0.33781763826606875,0.8865740740740741,-1.5509138381201044,2.0574412532637076,0.4513888888888889,0.6296296296296297
1737,0.18287037037037038,0.6118143459915611,0.28157762127748487,0.33482810164424515,0.8865740740740741,-1.556135770234987,1.9791122715404699,0.44212962962962965,0.6319444444444444
1738,0.18981481481481483,0.6118143459915611,0.2897385286448815,0.3393124065769806,0.8865740740740741,-1.4595300261096606,2.044386422976501,0.4583333333333333,0.6018518518518519
1739,0.19212962962962962,0.6118143459915611,0.2924275005770796,0.34080717488789236,0.8865740740740741,-1.2976501305483028,1.9817232375979112,0.4398148148148148,0.6273148148148148
1740,0.16203703703703703,0.6118143459915611,0.2562160797677647,0.3213751868460389,0.8865740740740741,-1.4908616187989556,2.060052219321149,0.4398148148148148,0.6273148148148148
1741,0.1550925925925926,0.6118143459915611,0.24745602975076095,0.31689088191330345,0.8865740740740741,-1.5822454308093994,2.052219321148825,0.41898148148148145,0.6226851851851852
1742,0.1736111111111111,0.6118143459915611,0.2704719268793136,0.32884902840059793,0.8865740740740741,-1.6344647519582245,2.1827676240208875,0.41203703703703703,0.5995370370370371
1743,0.16666666666666666,0.6118143459915611,0.26196928635953026,0.3243647234678625,0.8865740740740741,-1.422976501305483,2.049608355091384,0.44212962962962965,0.6203703703703703
1744,0.1597222222222222,0.6118143459915611,0.25331358474801563,0.31988041853512705,0.8865740740740741,-1.4595300261096606,2.112271540469974,0.4212962962962963,0.6111111111111112
1745,0.1527777777777778,0.6118143459915611,0.24450065149076416,0.3153961136023916,0.8865740740740741,-1.3446475195822454,2.028720626631854,0.44675925925925924,0.6319444444444444
1746,0.1574074074074074,0.6118143459915611,0.2503936208034943,0.3183856502242152,0.8865740740740741,-1.4725848563968669,1.9738903394255876,0.4513888888888889,0.6458333333333334
1747,0.14814814814814814,0.6118143459915611,0.23853588319967095,0.312406576980568,0.8865740740740741,-1.5091383812010444,2.2088772845953004,0.40046296296296297,0.5972222222222222
1748,0.16898148148148148,0.6118143459915611,0.264820304974919,0.32585949177877427,0.8865740740740741,-1.3785900783289817,1.968668407310705,0.46064814814814814,0.6527777777777778
1749,0.1550925925925926,0.6118143459915611,0.24745602975076095,0.31689088191330345,0.8865740740740741,-1.5848563968668408,2.0913838120104438,0.41898148148148145,0.6203703703703703
1750,0.15046296296296297,0.6118143459915611,0.2415273239797553,0.31390134529147984,0.8865740740740741,-1.5953002610966058,2.227154046997389,0.3958333333333333,0.5995370370370371
1751,0.14814814814814814,0.6118143459915611,0.23853588319967095,0.312406576980568,0.8865740740740741,-1.4595300261096606,2.185378590078329,0.41435185185185186,0.5949074074074074
1752,0.1736111111111111,0.6118143459915611,0.2704719268793136,0.32884902840059793,0.8865740740740741,-1.3942558746736293,2.1253263707571803,0.41435185185185186,0.6041666666666666
1753,0.1712962962962963,0.6118143459915611,0.26765446880690463,0.3273542600896861,0.8865740740740741,-1.328981723237598,1.9608355091383811,0.4976851851851852,0.6388888888888888
1754,0.16435185185185186,0.6118143459915611,0.25910126215913526,0.32286995515695066,0.8865740740740741,-1.4281984334203655,2.0130548302872064,0.44675925925925924,0.6319444444444444
1755,0.17824074074074073,0.6118143459915611,0.27605731310808634,0.33183856502242154,0.8865740740740741,-1.5509138381201044,1.989556135770235,0.46064814814814814,0.6412037037037037
1756,0.1574074074074074,0.6118143459915611,0.2503936208034943,0.3183856502242152,0.8865740740740741,-1.5900783289817233,2.117493472584856,0.43287037037037035,0.6134259259259259
1757,0.1597222222222222,0.6118143459915611,0.25331358474801563,0.31988041853512705,0.8865740740740741,-1.4203655352480418,2.1305483028720626,0.4444444444444444,0.6064814814814815
1758,0.16898148148148148,0.6118143459915611,0.264820304974919,0.32585949177877427,0.8865740740740741,-1.4046997389033942,2.0052219321148823,0.45601851851851855,0.6273148148148148
1759,0.17592592592592593,0.6118143459915611,0.27327282646431583,0.3303437967115097,0.8865740740740741,-1.3263707571801566,2.0052219321148823,0.4513888888888889,0.6296296296296297
1760,0.14351851851851852,0.6118143459915611,0.23249799570693358,0.3094170403587444,0.8865740740740741,-1.433420365535248,2.0757180156657964,0.42592592592592593,0.6342592592592593
1761,0.16666666666666666,0.6118143459915611,0.26196928635953026,0.3243647234678625,0.8865740740740741,-1.5352480417754568,2.0,0.4583333333333333,0.6273148148148148
1762,0.19212962962962962,0.6118143459915611,0.2924275005770796,0.34080717488789236,0.8865740740740741,-1.475195822454308,1.9608355091383811,0.46064814814814814,0.6365740740740741
1763,0.15046296296296297,0.6118143459915611,0.2415273239797553,0.31390134529147984,0.8865740740740741,-1.5013054830287207,2.154046997389034,0.4212962962962963,0.6018518518518519
1764,0.1736111111111111,0.6118143459915611,0.2704719268793136,0.32884902840059793,0.8865740740740741,-1.4778067885117494,2.08355091383812,0.41435185185185186,0.6087962962962963
1765,0.16666666666666666,0.6118143459915611,0.26196928635953026,0.3243647234678625,0.8865740740740741,-1.5535248041775458,2.0861618798955615,0.42592592592592593,0.6157407407407407
1766,0.14583333333333334,0.6118143459915611,0.2355261631279731,0.3109118086696562,0.8865740740740741,-1.4543080939947781,2.0757180156657964,0.4305555555555556,0.6273148148148148
1767,0.1712962962962963,0.6118143459915611,0.26765446880690463,0.3273542600896861,0.8865740740740741,-1.5117493472584855,2.101827676240209,0.43287037037037035,0.6041666666666666
1768,0.1527777777777778,0.6118143459915611,0.24450065149076416,0.3153961136023916,0.8865740740740741,-1.4908616187989556,2.033942558746736,0.4375,0.6273148148148148
1769,0.17824074074074073,0.6118143459915611,0.27605731310808634,0.33183856502242154,0.8865740740740741,-1.4099216710182767,2.0,0.42824074074074076,0.6458333333333334
1770,0.18287037037037038,0.6118143459915611,0.28157762127748487,0.33482810164424515,0.8865740740740741,-1.318537859007833,2.0548302872062663,0.4513888888888889,0.625
1771,0.19444444444444445,0.6118143459915611,0.2951010321267626,0.3423019431988042,0.8865740740740741,-1.3577023498694516,1.9321148825065275,0.4583333333333333,0.6481481481481481
1772,0.12268518518518519,0.6118143459915611,0.20438557997898962,0.29596412556053814,0.8865740740740741,-1.629242819843342,2.22976501305483,0.4097222222222222,0.6157407407407407
1773,0.14583333333333334,0.6118143459915611,0.2355261631279731,0.3109118086696562,0.8865740740740741,-1.5039164490861618,2.1201044386422976,0.4351851851851852,0.625
1774,0.1550925925925926,0.6118143459915611,0.24745602975076095,0.31689088191330345,0.8865740740740741,-1.524804177545692,2.0992167101827675,0.43287037037037035,0.6087962962962963
1775,0.1527777777777778,0.6118143459915611,0.24450065149076416,0.3153961136023916,0.8865740740740741,-1.4621409921671018,2.161879895561358,0.42824074074074076,0.6111111111111112
1776,0.2013888888888889,0.6118143459915611,0.30303030303030304,0.34678624813153963,0.8865740740740741,-1.3472584856396868,1.968668407310705,0.4675925925925926,0.6365740740740741
1777,0.14814814814814814,0.6118143459915611,0.23853588319967095,0.312406576980568,0.8865740740740741,-1.6527415143603132,2.122715404699739,0.4212962962962963,0.6296296296296297
1778,0.18518518518518517,0.6118143459915611,0.284313725490196,0.336322869955157,0.8865740740740741,-1.441253263707572,1.989556135770235,0.4375,0.6342592592592593
1779,0.18287037037037038,0.6118143459915611,0.28157762127748487,0.33482810164424515,0.8865740740740741,-1.5013054830287207,2.039164490861619,0.44675925925925924,0.6203703703703703
1780,0.1412037037037037,0.6118143459915611,0.22945121081235326,0.30792227204783257,0.8865740740740741,-1.4908616187989556,2.185378590078329,0.41898148148148145,0.6041666666666666
1781,0.18055555555555555,0.6118143459915611,0.27882553065601656,0.3333333333333333,0.8865740740740741,-1.6240208877284594,2.1253263707571803,0.41203703703703703,0.6018518518518519
1782,0.1388888888888889,0.6118143459915611,0.22638563622170177,0.3064275037369208,0.8865740740740741,-1.4699738903394255,2.0757180156657964,0.43287037037037035,0.625
1783,0.17824074074074073,0.6118143459915611,0.27605731310808634,0.33183856502242154,0.8865740740740741,-1.4960835509138382,2.0704960835509136,0.44212962962962965,0.6180555555555556
1784,0.16203703703703703,0.6118143459915611,0.2562160797677647,0.3213751868460389,0.8865740740740741,-1.4699738903394255,2.044386422976501,0.4583333333333333,0.625
1785,0.16203703703703703,0.6118143459915611,0.2562160797677647,0.3213751868460389,0.8865740740740741,-1.524804177545692,2.088772845953003,0.4375,0.6180555555555556
1786,0.15046296296296297,0.6118143459915611,0.2415273239797553,0.31390134529147984,0.8865740740740741,-1.4725848563968669,2.1096605744125325,0.4074074074074074,0.6365740740740741
1787,0.14583333333333334,0.6118143459915611,0.2355261631279731,0.3109118086696562,0.8865740740740741,-1.2532637075718016,2.0052219321148823,0.45601851851851855,0.6388888888888888
1788,0.18287037037037038,0.6118143459915611,0.28157762127748487,0.33482810164424515,0.8865740740740741,-1.524804177545692,1.9373368146214098,0.4513888888888889,0.6481481481481481
1789,0.18287037037037038,0.6118143459915611,0.28157762127748487,0.33482810164424515,0.8865740740740741,-1.4647519582245432,2.1070496083550916,0.4375,0.625
1790,0.18055555555555555,0.6118143459915611,0.27882553065601656,0.3333333333333333,0.8865740740740741,-1.3446475195822454,2.060052219321149,0.43287037037037035,0.6111111111111112
1791,0.18055555555555555,0.6118143459915611,0.27882553065601656,0.3333333333333333,0.8865740740740741,-1.5039164490861618,2.10443864229765,0.44675925925925924,0.6041666666666666
1792,0.1712962962962963,0.6118143459915611,0.26765446880690463,0.3273542600896861,0.8865740740740741,-1.441253263707572,2.0469973890339426,0.4351851851851852,0.625
1793,0.19675925925925927,0.6118143459915611,0.29775925590384733,0.34379671150971597,0.8865740740740741,-1.4882506527415145,1.9216710182767625,0.4652777777777778,0.6388888888888888
1794,0.1527777777777778,0.6118143459915611,0.24450065149076416,0.3153961136023916,0.8865740740740741,-1.5091383812010444,2.10443864229765,0.4166666666666667,0.6342592592592593
1795,0.17592592592592593,0.6118143459915611,0.27327282646431583,0.3303437967115097,0.8865740740740741,-1.4255874673629243,2.0783289817232378,0.4375,0.6180555555555556
1796,0.16666666666666666,0.6118143459915611,0.26196928635953026,0.3243647234678625,0.8865740740740741,-1.3577023498694516,2.0365535248041775,0.4398148148148148,0.6226851851851852
1797,0.16666666666666666,0.6118143459915611,0.26196928635953026,0.3243647234678625,0.8865740740740741,-1.433420365535248,2.1070496083550916,0.4212962962962963,0.6111111111111112
1798,0.16666666666666666,0.6118143459915611,0.26196928635953026,0.3243647234678625,0.8865740740740741,-1.5796344647519582,2.122715404699739,0.4398148148148148,0.6296296296296297
1799,0.1712962962962963,0.6118143459915611,0.26765446880690463,0.3273542600896861,0.8865740740740741,-1.5796344647519582,2.133159268929504,0.44675925925925924,0.6064814814814815
1800,0.18287037037037038,0.6118143459915611,0.28157762127748487,0.33482810164424515,0.8865740740740741,-1.5404699738903394,2.0574412532637076,0.4351851851851852,0.6342592592592593
1801,0.16666666666666666,0.6118143459915611,0.26196928635953026,0.3243647234678625,0.8865740740740741,-1.402088772845953,2.0757180156657964,0.46064814814814814,0.6319444444444444
1802,0.1736111111111111,0.6118143459915611,0.2704719268793136,0.32884902840059793,0.8865740740740741,-1.483028720626632,2.073107049608355,0.42592592592592593,0.6319444444444444
1803,0.1712962962962963,0.6118143459915611,0.26765446880690463,0.3273542600896861,0.8865740740740741,-1.597911227154047,2.1409921671018277,0.4166666666666667,0.5856481481481481
1804,0.17824074074074073,0.6118143459915611,0.27605731310808634,0.33183856502242154,0.8865740740740741,-1.577023498694517,2.0992167101827675,0.4375,0.6365740740740741
1805,0.1574074074074074,0.6118143459915611,0.2503936208034943,0.3183856502242152,0.8865740740740741,-1.3237597911227155,2.0913838120104438,0.43287037037037035,0.6296296296296297
1806,0.16435185185185186,0.6118143459915611,0.25910126215913526,0.32286995515695066,0.8865740740740741,-1.3577023498694516,1.9530026109660574,0.46064814814814814,0.6481481481481481
1807,0.1527777777777778,0.6118143459915611,0.24450065149076416,0.3153961136023916,0.8865740740740741,-1.4490861618798956,2.060052219321149,0.4513888888888889,0.6412037037037037
1808,0.1574074074074074,0.6118143459915611,0.2503936208034943,0.3183856502242152,0.8865740740740741,-1.5404699738903394,2.151436031331593,0.43287037037037035,0.6157407407407407
1809,0.1527777777777778,0.6118143459915611,0.24450065149076416,0.3153961136023916,0.8865740740740741,-1.4308093994778068,2.1409921671018277,0.42592592592592593,0.6087962962962963
1810,0.1550925925925926,0.6118143459915611,0.24745602975076095,0.31689088191330345,0.8865740740740741,-1.6057441253263707,2.0966057441253265,0.4398148148148148,0.6319444444444444
1811,0.1574074074074074,0.6118143459915611,0.2503936208034943,0.3183856502242152,0.8865740740740741,-1.5535248041775458,2.060052219321149,0.42592592592592593,0.6064814814814815
1812,0.18518518518518517,0.6118143459915611,0.284313725490196,0.336322869955157,0.8865740740740741,-1.4203655352480418,2.0,0.46064814814814814,0.6388888888888888
1813,0.18287037037037038,0.6118143459915611,0.28157762127748487,0.33482810164424515,0.8865740740740741,-1.3838120104438643,1.9738903394255876,0.44675925925925924,0.625
1814,0.17592592592592593,0.6118143459915611,0.27327282646431583,0.3303437967115097,0.8865740740740741,-1.4908616187989556,2.028720626631854,0.44907407407407407,0.6203703703703703
1815,0.1550925925925926,0.6118143459915611,0.24745602975076095,0.31689088191330345,0.8865740740740741,-1.3994778067885119,2.052219321148825,0.4212962962962963,0.6180555555555556
1816,0.16666666666666666,0.6118143459915611,0.26196928635953026,0.3243647234678625,0.8865740740740741,-1.4490861618798956,2.023498694516971,0.4513888888888889,0.6342592592592593
1817,0.1550925925925926,0.6118143459915611,0.24745602975076095,0.31689088191330345,0.8865740740740741,-1.4046997389033942,2.135770234986945,0.4166666666666667,0.6134259259259259
1818,0.1527777777777778,0.6118143459915611,0.24450065149076416,0.3153961136023916,0.8865740740740741,-1.4960835509138382,2.0704960835509136,0.44212962962962965,0.6319444444444444
1819,0.19444444444444445,0.6118143459915611,0.2951010321267626,0.3423019431988042,0.8865740740740741,-1.402088772845953,1.9712793733681462,0.44907407407407407,0.6226851851851852
1820,0.17824074074074073,0.6118143459915611,0.27605731310808634,0.33183856502242154,0.8865740740740741,-1.566579634464752,2.093994778067885,0.4351851851851852,0.6180555555555556
1821,0.14351851851851852,0.6118143459915611,0.23249799570693358,0.3094170403587444,0.8865740740740741,-1.441253263707572,2.0678851174934727,0.42824074074074076,0.6342592592592593
1822,0.1736111111111111,0.6118143459915611,0.2704719268793136,0.32884902840059793,0.8865740740740741,-1.5352480417754568,2.031331592689295,0.4305555555555556,0.6458333333333334
1823,0.16898148148148148,0.6118143459915611,0.264820304974919,0.32585949177877427,0.8865740740740741,-1.4099216710182767,2.0052219321148823,0.4444444444444444,0.6435185185185185
1824,0.16435185185185186,0.6118143459915611,0.25910126215913526,0.32286995515695066,0.8865740740740741,-1.485639686684073,2.039164490861619,0.43287037037037035,0.6273148148148148
1825,0.16435185185185186,0.6118143459915611,0.25910126215913526,0.32286995515695066,0.8865740740740741,-1.4621409921671018,2.0156657963446474,0.4398148148148148,0.6412037037037037
1826,0.18518518518518517,0.6118143459915611,0.284313725490196,0.336322869955157,0.8865740740740741,-1.5326370757180157,2.0757180156657964,0.4375,0.6226851851851852
1827,0.17592592592592593,0.6118143459915611,0.27327282646431583,0.3303437967115097,0.8865740740740741,-1.349869451697128,2.039164490861619,0.4513888888888889,0.6342592592592593
1828,0.16435185185185186,0.6118143459915611,0.25910126215913526,0.32286995515695066,0.8865740740740741,-1.516971279373368,2.0704960835509136,0.46064814814814814,0.6203703703703703
1829,0.19212962962962962,0.6118143459915611,0.2924275005770796,0.34080717488789236,0.8865740740740741,-1.4099216710182767,2.010443864229765,0.4652777777777778,0.6412037037037037
1830,0.16666666666666666,0.6118143459915611,0.26196928635953026,0.3243647234678625,0.8865740740740741,-1.4725848563968669,2.0992167101827675,0.41203703703703703,0.6041666666666666
1831,0.1736111111111111,0.6118143459915611,0.2704719268793136,0.32884902840059793,0.8865740740740741,-1.4386422976501305,2.112271540469974,0.41898148148148145,0.6111111111111112
1832,0.14351851851851852,0.6118143459915611,0.23249799570693358,0.3094170403587444,0.8865740740740741,-1.4647519582245432,2.101827676240209,0.4236111111111111,0.6319444444444444
1833,0.1574074074074074,0.6118143459915611,0.2503936208034943,0.3183856502242152,0.8865740740740741,-1.4099216710182767,2.08355091383812,0.4166666666666667,0.6157407407407407
1834,0.17824074074074073,0.6118143459915611,0.27605731310808634,0.33183856502242154,0.8865740740740741,-1.422976501305483,2.060052219321149,0.44675925925925924,0.6157407407407407
1835,0.17592592592592593,0.6118143459915611,0.27327282646431583,0.3303437967115097,0.8865740740740741,-1.391644908616188,1.9660574412532636,0.4444444444444444,0.6527777777777778
1836,0.16435185185185186,0.6118143459915611,0.25910126215913526,0.32286995515695066,0.8865740740740741,-1.3994778067885119,2.1096605744125325,0.4398148148148148,0.6365740740740741
1837,0.1736111111111111,0.6118143459915611,0.2704719268793136,0.32884902840059793,0.8865740740740741,-1.4516971279373367,2.073107049608355,0.4537037037037037,0.6157407407407407
1838,0.18518518518518517,0.6118143459915611,0.284313725490196,0.336322869955157,0.8865740740740741,-1.4281984334203655,2.028720626631854,0.46296296296296297,0.6203703703703703
1839,0.16203703703703703,0.6118143459915611,0.2562160797677647,0.3213751868460389,0.8865740740740741,-1.4595300261096606,2.0652741514360313,0.44675925925925924,0.6458333333333334
1840,0.1574074074074074,0.6118143459915611,0.2503936208034943,0.3183856502242152,0.8865740740740741,-1.475195822454308,2.0966057441253265,0.42592592592592593,0.6157407407407407
1841,0.15046296296296297,0.6118143459915611,0.2415273239797553,0.31390134529147984,0.8865740740740741,-1.391644908616188,2.133159268929504,0.4398148148148148,0.6180555555555556
1842,0.16666666666666666,0.6118143459915611,0.26196928635953026,0.3243647234678625,0.8865740740740741,-1.566579634464752,2.151436031331593,0.4236111111111111,0.6064814814814815
1843,0.14814814814814814,0.6118143459915611,0.23853588319967095,0.312406576980568,0.8865740740740741,-1.577023498694517,2.1305483028720626,0.44907407407407407,0.6319444444444444
1844,0.1550925925925926,0.6118143459915611,0.24745602975076095,0.31689088191330345,0.8865740740740741,-1.6057441253263707,2.0704960835509136,0.4398148148148148,0.6087962962962963
1845,0.1550925925925926,0.6118143459915611,0.24745602975076095,0.31689088191330345,0.8865740740740741,-1.475195822454308,2.0966057441253265,0.4513888888888889,0.6365740740740741
1846,0.1736111111111111,0.6118143459915611,0.2704719268793136,0.32884902840059793,0.8865740740740741,-1.3577023498694516,2.08355091383812,0.44675925925925924,0.6180555555555556
1847,0.16203703703703703,0.6118143459915611,0.2562160797677647,0.3213751868460389,0.8865740740740741,-1.6344647519582245,2.0261096605744124,0.47453703703703703,0.6319444444444444
1848,0.18287037037037038,0.6118143459915611,0.28157762127748487,0.33482810164424515,0.8865740740740741,-1.5013054830287207,2.044386422976501,0.4444444444444444,0.6180555555555556
1849,0.1736111111111111,0.6118143459915611,0.2704719268793136,0.32884902840059793,0.8865740740740741,-1.516971279373368,2.039164490861619,0.4375,0.6296296296296297
1850,0.1736111111111111,0.6118143459915611,0.2704719268793136,0.32884902840059793,0.8865740740740741,-1.412532637075718,2.028720626631854,0.4444444444444444,0.6412037037037037
1851,0.1550925925925926,0.6118143459915611,0.24745602975076095,0.31689088191330345,0.8865740740740741,-1.5117493472584855,2.1906005221932117,0.4050925925925926,0.6111111111111112
1852,0.1712962962962963,0.6118143459915611,0.26765446880690463,0.3273542600896861,0.8865740740740741,-1.5430809399477807,2.101827676240209,0.41898148148148145,0.6319444444444444
1853,0.1527777777777778,0.6118143459915611,0.24450065149076416,0.3153961136023916,0.8865740740740741,-1.4255874673629243,2.1827676240208875,0.42592592592592593,0.6018518518518519
1854,0.1875,0.6118143459915611,0.28703398218409765,0.33781763826606875,0.8865740740740741,-1.5039164490861618,2.0052219321148823,0.44907407407407407,0.6273148148148148
1855,0.17592592592592593,0.6118143459915611,0.27327282646431583,0.3303437967115097,0.8865740740740741,-1.4908616187989556,2.0966057441253265,0.44675925925925924,0.6134259259259259
1856,0.12037037037037036,0.6118143459915611,0.2011632250146737,0.2944693572496263,0.8865740740740741,-1.4804177545691906,2.2219321148825064,0.40046296296296297,0.5972222222222222
1857,0.1736111111111111,0.6118143459915611,0.2704719268793136,0.32884902840059793,0.8865740740740741,-1.4281984334203655,2.0913838120104438,0.42824074074074076,0.6134259259259259
1858,0.14583333333333334,0.6118143459915611,0.2355261631279731,0.3109118086696562,0.8865740740740741,-1.349869451697128,2.0182767624020888,0.4398148148148148,0.6620370370370371
1859,0.17592592592592593,0.6118143459915611,0.27327282646431583,0.3303437967115097,0.8865740740740741,-1.4673629242819843,2.010443864229765,0.44675925925925924,0.6481481481481481
1860,0.14583333333333334,0.6118143459915611,0.2355261631279731,0.3109118086696562,0.8865740740740741,-1.5378590078328982,2.1279373368146213,0.41898148148148145,0.625
1861,0.18981481481481483,0.6118143459915611,0.2897385286448815,0.3393124065769806,0.8865740740740741,-1.4255874673629243,2.0574412532637076,0.46064814814814814,0.6226851851851852
1862,0.18287037037037038,0.6118143459915611,0.28157762127748487,0.33482810164424515,0.8865740740740741,-1.5352480417754568,2.0417754569190603,0.4444444444444444,0.6273148148148148
1863,0.1712962962962963,0.6118143459915611,0.26765446880690463,0.3273542600896861,0.8865740740740741,-1.4595300261096606,2.0652741514360313,0.4513888888888889,0.6226851851851852
1864,0.16203703703703703,0.6118143459915611,0.2562160797677647,0.3213751868460389,0.8865740740740741,-1.5195822454308094,2.0574412532637076,0.42592592592592593,0.6296296296296297
1865,0.1597222222222222,0.6118143459915611,0.25331358474801563,0.31988041853512705,0.8865740740740741,-1.4804177545691906,2.044386422976501,0.4351851851851852,0.6319444444444444
1866,0.1736111111111111,0.6118143459915611,0.2704719268793136,0.32884902840059793,0.8865740740740741,-1.5848563968668408,2.0704960835509136,0.43287037037037035,0.6412037037037037
1867,0.13657407407407407,0.6118143459915611,0.22330109758166605,0.30493273542600896,0.8865740740740741,-1.4673629242819843,2.2088772845953004,0.4166666666666667,0.6041666666666666
1868,0.1712962962962963,0.6118143459915611,0.26765446880690463,0.3273542600896861,0.8865740740740741,-1.5613577023498695,2.06266318537859,0.42824074074074076,0.6157407407407407
1869,0.18055555555555555,0.6118143459915611,0.27882553065601656,0.3333333333333333,0.8865740740740741,-1.4725848563968669,1.989556135770235,0.46064814814814814,0.6435185185185185
1870,0.1574074074074074,0.6118143459915611,0.2503936208034943,0.3183856502242152,0.8865740740740741,-1.566579634464752,2.093994778067885,0.4351851851851852,0.6319444444444444
1871,0.16203703703703703,0.6118143459915611,0.2562160797677647,0.3213751868460389,0.8865740740740741,-1.3785900783289817,2.0783289817232378,0.44907407407407407,0.6111111111111112
1872,0.16435185185185186,0.6118143459915611,0.25910126215913526,0.32286995515695066,0.8865740740740741,-1.3942558746736293,2.0,0.4513888888888889,0.6388888888888888
1873,0.2013888888888889,0.6118143459915611,0.30303030303030304,0.34678624813153963,0.8865740740740741,-1.4882506527415145,2.02088772845953,0.46296296296296297,0.625
1874,0.13425925925925927,0.6118143459915611,0.2201974183750949,0.3034379671150972,0.8865740740740741,-1.5065274151436032,2.1383812010443863,0.42824074074074076,0.6111111111111112
1875,0.15046296296296297,0.6118143459915611,0.2415273239797553,0.31390134529147984,0.8865740740740741,-1.4804177545691906,2.101827676240209,0.41435185185185186,0.6203703703703703
1876,0.16203703703703703,0.6118143459915611,0.2562160797677647,0.3213751868460389,0.8865740740740741,-1.4255874673629243,1.989556135770235,0.4652777777777778,0.6481481481481481
1877,0.16898148148148148,0.6118143459915611,0.264820304974919,0.32585949177877427,0.8865740740740741,-1.441253263707572,2.0469973890339426,0.42824074074074076,0.6180555555555556
1878,0.1412037037037037,0.6118143459915611,0.22945121081235326,0.30792227204783257,0.8865740740740741,-1.6005221932114881,2.1383812010443863,0.41898148148148145,0.5972222222222222
1879,0.1597222222222222,0.6118143459915611,0.25331358474801563,0.31988041853512705,0.8865740740740741,-1.5430809399477807,2.0652741514360313,0.41898148148148145,0.6319444444444444
1880,0.1712962962962963,0.6118143459915611,0.26765446880690463,0.3273542600896861,0.8865740740740741,-1.5352480417754568,2.0417754569190603,0.4583333333333333,0.625
1881,0.16898148148148148,0.6118143459915611,0.264820304974919,0.32585949177877427,0.8865740740740741,-1.5613577023498695,2.0469973890339426,0.44675925925925924,0.6458333333333334
1882,0.1712962962962963,0.6118143459915611,0.26765446880690463,0.3273542600896861,0.8865740740740741,-1.3785900783289817,2.010443864229765,0.4097222222222222,0.6226851851851852
1883,0.15046296296296297,0.6118143459915611,0.2415273239797553,0.31390134529147984,0.8865740740740741,-1.485639686684073,2.049608355091384,0.42592592592592593,0.6319444444444444
1884,0.18055555555555555,0.6118143459915611,0.27882553065601656,0.3333333333333333,0.8865740740740741,-1.4308093994778068,2.0156657963446474,0.4513888888888889,0.6319444444444444
1885,0.1712962962962963,0.6118143459915611,0.26765446880690463,0.3273542600896861,0.8865740740740741,-1.4255874673629243,2.0992167101827675,0.4097222222222222,0.6180555555555556
1886,0.1597222222222222,0.6118143459915611,0.25331358474801563,0.31988041853512705,0.8865740740740741,-1.4543080939947781,2.0966057441253265,0.4097222222222222,0.6273148148148148
1887,0.16666666666666666,0.6118143459915611,0.26196928635953026,0.3243647234678625,0.8865740740740741,-1.5195822454308094,2.0678851174934727,0.4513888888888889,0.6111111111111112
1888,0.18287037037037038,0.6118143459915611,0.28157762127748487,0.33482810164424515,0.8865740740740741,-1.4595300261096606,2.039164490861619,0.44907407407407407,0.6226851851851852
1889,0.1712962962962963,0.6118143459915611,0.26765446880690463,0.3273542600896861,0.8865740740740741,-1.566579634464752,2.0783289817232378,0.43287037037037035,0.6226851851851852
1890,0.18287037037037038,0.6118143459915611,0.28157762127748487,0.33482810164424515,0.8865740740740741,-1.4516971279373367,2.0417754569190603,0.4305555555555556,0.6365740740740741
1891,0.18981481481481483,0.6118143459915611,0.2897385286448815,0.3393124065769806,0.8865740740740741,-1.5221932114882506,1.9869451697127938,0.45601851851851855,0.6458333333333334
1892,0.16203703703703703,0.6118143459915611,0.2562160797677647,0.3213751868460389,0.8865740740740741,-1.4099216710182767,2.0783289817232378,0.43287037037037035,0.6296296296296297
1893,0.1597222222222222,0.6118143459915611,0.25331358474801563,0.31988041853512705,0.8865740740740741,-1.6605744125326372,2.088772845953003,0.4351851851851852,0.6134259259259259
1894,0.1388888888888889,0.6118143459915611,0.22638563622170177,0.3064275037369208,0.8865740740740741,-1.3994778067885119,2.0261096605744124,0.4444444444444444,0.6481481481481481
1895,0.14814814814814814,0.6118143459915611,0.23853588319967095,0.312406576980568,0.8865740740740741,-1.4595300261096606,2.0966057441253265,0.4375,0.6319444444444444
1896,0.18055555555555555,0.6118143459915611,0.27882553065601656,0.3333333333333333,0.8865740740740741,-1.5378590078328982,2.060052219321149,0.44675925925925924,0.6203703703703703
1897,0.1527777777777778,0.6118143459915611,0.24450065149076416,0.3153961136023916,0.8865740740740741,-1.516971279373368,2.117493472584856,0.4351851851851852,0.6087962962962963
1898,0.1527777777777778,0.6118143459915611,0.24450065149076416,0.3153961136023916,0.8865740740740741,-1.3785900783289817,2.0365535248041775,0.4398148148148148,0.6296296296296297
1899,0.17592592592592593,0.6118143459915611,0.27327282646431583,0.3303437967115097,0.8865740740740741,-1.3759791122715406,2.0182767624020888,0.4398148148148148,0.6296296296296297
1900,0.15046296296296297,0.6118143459915611,0.2415273239797553,0.31390134529147984,0.8865740740740741,-1.5013054830287207,2.0966057441253265,0.4375,0.6273148148148148
1901,0.1527777777777778,0.6118143459915611,0.24450065149076416,0.3153961136023916,0.8865740740740741,-1.4804177545691906,2.049608355091384,0.45601851851851855,0.6273148148148148
1902,0.14583333333333334,0.6118143459915611,0.2355261631279731,0.3109118086696562,0.8865740740740741,-1.433420365535248,2.0861618798955615,0.4351851851851852,0.625
1903,0.18287037037037038,0.6118143459915611,0.28157762127748487,0.33482810164424515,0.8865740740740741,-1.4934725848563968,2.0678851174934727,0.4351851851851852,0.6273148148148148
1904,0.1550925925925926,0.6118143459915611,0.24745602975076095,0.31689088191330345,0.8865740740740741,-1.3759791122715406,2.164490861618799,0.4444444444444444,0.6226851851851852
1905,0.1712962962962963,0.6118143459915611,0.26765446880690463,0.3273542600896861,0.8865740740740741,-1.4882506527415145,2.0992167101827675,0.4375,0.6134259259259259
1906,0.1597222222222222,0.6118143459915611,0.25331358474801563,0.31988041853512705,0.8865740740740741,-1.5013054830287207,2.133159268929504,0.4351851851851852,0.6041666666666666
1907,0.1527777777777778,0.6118143459915611,0.24450065149076416,0.3153961136023916,0.8865740740740741,-1.483028720626632,2.0783289817232378,0.42824074074074076,0.6319444444444444
1908,0.1597222222222222,0.6118143459915611,0.25331358474801563,0.31988041853512705,0.8865740740740741,-1.4778067885117494,2.161879895561358,0.4050925925925926,0.6111111111111112
1909,0.18287037037037038,0.6118143459915611,0.28157762127748487,0.33482810164424515,0.8865740740740741,-1.4595300261096606,2.0652741514360313,0.4513888888888889,0.6180555555555556
1910,0.16203703703703703,0.6118143459915611,0.2562160797677647,0.3213751868460389,0.8865740740740741,-1.4386422976501305,2.0809399477806787,0.4444444444444444,0.6273148148148148
1911,0.1597222222222222,0.6118143459915611,0.25331358474801563,0.31988041853512705,0.8865740740740741,-1.4046997389033942,2.0783289817232378,0.42824074074074076,0.6111111111111112
1912,0.1527777777777778,0.6118143459915611,0.24450065149076416,0.3153961136023916,0.8865740740740741,-1.5430809399477807,2.154046997389034,0.4236111111111111,0.6319444444444444
1913,0.16435185185185186,0.6118143459915611,0.25910126215913526,0.32286995515695066,0.8865740740740741,-1.3838120104438643,2.088772845953003,0.4652777777777778,0.6319444444444444
1914,0.1712962962962963,0.6118143459915611,0.26765446880690463,0.3273542600896861,0.8865740740740741,-1.483028720626632,2.0417754569190603,0.44212962962962965,0.625
1915,0.16898148148148148,0.6118143459915611,0.264820304974919,0.32585949177877427,0.8865740740740741,-1.441253263707572,2.031331592689295,0.44212962962962965,0.6203703703703703
1916,0.1527777777777778,0.6118143459915611,0.24450065149076416,0.3153961136023916,0.8865740740740741,-1.5900783289817233,2.133159268929504,0.39814814814814814,0.6041666666666666
1917,0.1527777777777778,0.6118143459915611,0.24450065149076416,0.3153961136023916,0.8865740740740741,-1.6057441253263707,2.1279373368146213,0.39814814814814814,0.6087962962962963
1918,0.17824074074074073,0.6118143459915611,0.27605731310808634,0.33183856502242154,0.8865740740740741,-1.3942558746736293,2.0365535248041775,0.4652777777777778,0.6458333333333334
1919,0.14351851851851852,0.6118143459915611,0.23249799570693358,0.3094170403587444,0.8865740740740741,-1.516971279373368,2.0704960835509136,0.4375,0.6296296296296297
1920,0.18981481481481483,0.6118143459915611,0.2897385286448815,0.3393124065769806,0.8865740740740741,-1.524804177545692,2.010443864229765,0.4398148148148148,0.6203703703703703
1921,0.19675925925925927,0.6118143459915611,0.29775925590384733,0.34379671150971597,0.8865740740740741,-1.4099216710182767,2.0052219321148823,0.4513888888888889,0.6319444444444444
1922,0.1597222222222222,0.6118143459915611,0.25331358474801563,0.31988041853512705,0.8865740740740741,-1.402088772845953,2.154046997389034,0.41203703703703703,0.5925925925925926
1923,0.1527777777777778,0.6118143459915611,0.24450065149076416,0.3153961136023916,0.8865740740740741,-1.3394255874673628,2.122715404699739,0.4351851851851852,0.6203703703703703
1924,0.16435185185185186,0.6118143459915611,0.25910126215913526,0.32286995515695066,0.8865740740740741,-1.4543080939947781,2.1070496083550916,0.4444444444444444,0.6180555555555556
1925,0.16435185185185186,0.6118143459915611,0.25910126215913526,0.32286995515695066,0.8865740740740741,-1.475195822454308,2.0966057441253265,0.4351851851851852,0.6157407407407407
1926,0.1550925925925926,0.6118143459915611,0.24745602975076095,0.31689088191330345,0.8865740740740741,-1.2741514360313315,2.010443864229765,0.4305555555555556,0.6365740740740741
1927,0.17824074074074073,0.6118143459915611,0.27605731310808634,0.33183856502242154,0.8865740740740741,-1.422976501305483,1.9347258485639687,0.45601851851851855,0.6504629629629629
1928,0.1736111111111111,0.6118143459915611,0.2704719268793136,0.32884902840059793,0.8865740740740741,-1.4386422976501305,2.117493472584856,0.41435185185185186,0.6134259259259259
1929,0.16898148148148148,0.6118143459915611,0.264820304974919,0.32585949177877427,0.8865740740740741,-1.3629242819843341,2.0469973890339426,0.4375,0.625
1930,0.1597222222222222,0.6118143459915611,0.25331358474801563,0.31988041853512705,0.8865740740740741,-1.4490861618798956,2.0704960835509136,0.4398148148148148,0.6365740740740741
1931,0.1712962962962963,0.6118143459915611,0.26765446880690463,0.3273542600896861,0.8865740740740741,-1.4386422976501305,2.060052219321149,0.44907407407407407,0.6134259259259259
1932,0.13194444444444445,0.6118143459915611,0.21707441988732618,0.30194319880418535,0.8865740740740741,-1.4804177545691906,2.185378590078329,0.41435185185185186,0.6111111111111112
1933,0.1597222222222222,0.6118143459915611,0.25331358474801563,0.31988041853512705,0.8865740740740741,-1.4490861618798956,2.195822454308094,0.4236111111111111,0.5972222222222222
1934,0.1527777777777778,0.6118143459915611,0.24450065149076416,0.3153961136023916,0.8865740740740741,-1.5195822454308094,2.1409921671018277,0.4027777777777778,0.5925925925925926
1935,0.18055555555555555,0.6118143459915611,0.27882553065601656,0.3333333333333333,0.8865740740740741,-1.3838120104438643,2.0,0.44907407407407407,0.6365740740740741
1936,0.1875,0.6118143459915611,0.28703398218409765,0.33781763826606875,0.8865740740740741,-1.441253263707572,1.9791122715404699,0.45601851851851855,0.6319444444444444
1937,0.18981481481481483,0.6118143459915611,0.2897385286448815,0.3393124065769806,0.8865740740740741,-1.475195822454308,2.0757180156657964,0.42592592592592593,0.6273148148148148
1938,0.13194444444444445,0.6118143459915611,0.21707441988732618,0.30194319880418535,0.8865740740740741,-1.3759791122715406,2.133159268929504,0.41435185185185186,0.6180555555555556
1939,0.16898148148148148,0.6118143459915611,0.264820304974919,0.32585949177877427,0.8865740740740741,-1.4621409921671018,2.02088772845953,0.4583333333333333,0.6412037037037037
1940,0.16435185185185186,0.6118143459915611,0.25910126215913526,0.32286995515695066,0.8865740740740741,-1.5691906005221932,2.164490861618799,0.4305555555555556,0.6134259259259259
1941,0.1574074074074074,0.6118143459915611,0.2503936208034943,0.3183856502242152,0.8865740740740741,-1.4595300261096606,2.1488250652741514,0.41898148148148145,0.5995370370370371
1942,0.16898148148148148,0.6118143459915611,0.264820304974919,0.32585949177877427,0.8865740740740741,-1.514360313315927,2.0,0.4675925925925926,0.6435185185185185
1943,0.1597222222222222,0.6118143459915611,0.25331358474801563,0.31988041853512705,0.8865740740740741,-1.4647519582245432,2.0182767624020888,0.44212962962962965,0.6342592592592593
1944,0.14814814814814814,0.6118143459915611,0.23853588319967095,0.312406576980568,0.8865740740740741,-1.524804177545692,2.1879895561357703,0.4050925925925926,0.6041666666666666
1945,0.1597222222222222,0.6118143459915611,0.25331358474801563,0.31988041853512705,0.8865740740740741,-1.5430809399477807,2.1697127937336815,0.4305555555555556,0.5925925925925926
1946,0.1388888888888889,0.6118143459915611,0.22638563622170177,0.3064275037369208,0.8865740740740741,-1.4099216710182767,2.10443864229765,0.42824074074074076,0.6064814814814815
1947,0.15046296296296297,0.6118143459915611,0.2415273239797553,0.31390134529147984,0.8865740740740741,-1.4647519582245432,2.0966057441253265,0.4444444444444444,0.6203703703703703
1948,0.16435185185185186,0.6118143459915611,0.25910126215913526,0.32286995515695066,0.8865740740740741,-1.4046997389033942,2.1148825065274153,0.42592592592592593,0.6180555555555556
1949,0.14814814814814814,0.6118143459915611,0.23853588319967095,0.312406576980568,0.8865740740740741,-1.443864229765013,2.0861618798955615,0.4398148148148148,0.6273148148148148
1950,0.1736111111111111,0.6118143459915611,0.2704719268793136,0.32884902840059793,0.8865740740740741,-1.4778067885117494,2.0156657963446474,0.41203703703703703,0.6342592592592593
1951,0.1712962962962963,0.6118143459915611,0.26765446880690463,0.3273542600896861,0.8865740740740741,-1.483028720626632,2.0261096605744124,0.4375,0.6342592592592593
1952,0.16898148148148148,0.6118143459915611,0.264820304974919,0.32585949177877427,0.8865740740740741,-1.475195822454308,2.060052219321149,0.4398148148148148,0.625
1953,0.16898148148148148,0.6118143459915611,0.264820304974919,0.32585949177877427,0.8865740740740741,-1.4046997389033942,2.1148825065274153,0.4050925925925926,0.6111111111111112
1954,0.19212962962962962,0.6118143459915611,0.2924275005770796,0.34080717488789236,0.8865740740740741,-1.4308093994778068,1.968668407310705,0.4513888888888889,0.6365740740740741
1955,0.18055555555555555,0.6118143459915611,0.27882553065601656,0.3333333333333333,0.8865740740740741,-1.4516971279373367,2.031331592689295,0.44907407407407407,0.6226851851851852
1956,0.1875,0.6118143459915611,0.28703398218409765,0.33781763826606875,0.8865740740740741,-1.5404699738903394,2.06266318537859,0.4351851851851852,0.6134259259259259
1957,0.1597222222222222,0.6118143459915611,0.25331358474801563,0.31988041853512705,0.8865740740740741,-1.5117493472584855,2.0652741514360313,0.4212962962962963,0.6157407407407407
1958,0.18055555555555555,0.6118143459915611,0.27882553065601656,0.3333333333333333,0.8865740740740741,-1.3446475195822454,1.9295039164490861,0.5,0.6504629629629629
1959,0.14583333333333334,0.6118143459915611,0.2355261631279731,0.3109118086696562,0.8865740740740741,-1.5221932114882506,2.0861618798955615,0.44907407407407407,0.6388888888888888
1960,0.14351851851851852,0.6118143459915611,0.23249799570693358,0.3094170403587444,0.8865740740740741,-1.514360313315927,2.1305483028720626,0.4212962962962963,0.6180555555555556
1961,0.16666666666666666,0.6118143459915611,0.26196928635953026,0.3243647234678625,0.8865740740740741,-1.4151436031331592,2.1253263707571803,0.4236111111111111,0.6041666666666666
1962,0.17824074074074073,0.6118143459915611,0.27605731310808634,0.33183856502242154,0.8865740740740741,-1.4360313315926894,2.031331592689295,0.4652777777777778,0.6319444444444444
1963,0.16435185185185186,0.6118143459915611,0.25910126215913526,0.32286995515695066,0.8865740740740741,-1.6240208877284594,2.161879895561358,0.4236111111111111,0.5995370370370371
1964,0.16666666666666666,0.6118143459915611,0.26196928635953026,0.3243647234678625,0.8865740740740741,-1.3733681462140992,1.95822454308094,0.4537037037037037,0.6550925925925926
1965,0.1550925925925926,0.6118143459915611,0.24745602975076095,0.31689088191330345,0.8865740740740741,-1.4725848563968669,2.0417754569190603,0.42824074074074076,0.6157407407407407
1966,0.18287037037037038,0.6118143459915611,0.28157762127748487,0.33482810164424515,0.8865740740740741,-1.514360313315927,2.0417754569190603,0.44675925925925924,0.6273148148148148
1967,0.19675925925925927,0.6118143459915611,0.29775925590384733,0.34379671150971597,0.8865740740740741,-1.3890339425587468,1.9791122715404699,0.44212962962962965,0.6203703703703703
1968,0.18287037037037038,0.6118143459915611,0.28157762127748487,0.33482810164424515,0.8865740740740741,-1.4778067885117494,2.1253263707571803,0.44212962962962965,0.6018518518518519
1969,0.1574074074074074,0.6118143459915611,0.2503936208034943,0.3183856502242152,0.8865740740740741,-1.4516971279373367,2.052219321148825,0.44675925925925924,0.6365740740740741
1970,0.1597222222222222,0.6118143459915611,0.25331358474801563,0.31988041853512705,0.8865740740740741,-1.4986945169712793,2.135770234986945,0.3958333333333333,0.6018518518518519
1971,0.1574074074074074,0.6118143459915611,0.2503936208034943,0.3183856502242152,0.8865740740740741,-1.4360313315926894,2.0574412532637076,0.4236111111111111,0.6157407407407407
1972,0.1527777777777778,0.6118143459915611,0.24450065149076416,0.3153961136023916,0.8865740740740741,-1.4725848563968669,2.161879895561358,0.42824074074074076,0.6134259259259259
1973,0.17824074074074073,0.6118143459915611,0.27605731310808634,0.33183856502242154,0.8865740740740741,-1.3890339425587468,2.1096605744125325,0.42824074074074076,0.6296296296296297
1974,0.19675925925925927,0.6118143459915611,0.29775925590384733,0.34379671150971597,0.8865740740740741,-1.4281984334203655,2.060052219321149,0.4305555555555556,0.6435185185185185
1975,0.1736111111111111,0.6118143459915611,0.2704719268793136,0.32884902840059793,0.8865740740740741,-1.4516971279373367,2.156657963446475,0.4236111111111111,0.5925925925925926
1976,0.1574074074074074,0.6118143459915611,0.2503936208034943,0.3183856502242152,0.8865740740740741,-1.5274151436031331,2.0913838120104438,0.46064814814814814,0.6111111111111112
1977,0.1527777777777778,0.6118143459915611,0.24450065149076416,0.3153961136023916,0.8865740740740741,-1.5221932114882506,2.143603133159269,0.4398148148148148,0.6342592592592593
1978,0.2013888888888889,0.6118143459915611,0.30303030303030304,0.34678624813153963,0.8865740740740741,-1.3054830287206267,1.9373368146214098,0.44907407407407407,0.6365740740740741
1979,0.1574074074074074,0.6118143459915611,0.2503936208034943,0.3183856502242152,0.8865740740740741,-1.5404699738903394,2.0365535248041775,0.45601851851851855,0.6412037037037037
1980,0.16898148148148148,0.6118143459915611,0.264820304974919,0.32585949177877427,0.8865740740740741,-1.433420365535248,2.0130548302872064,0.46064814814814814,0.6412037037037037
1981,0.1574074074074074,0.6118143459915611,0.2503936208034943,0.3183856502242152,0.8865740740740741,-1.6422976501305484,2.101827676240209,0.42592592592592593,0.6087962962962963
1982,0.1597222222222222,0.6118143459915611,0.25331358474801563,0.31988041853512705,0.8865740740740741,-1.4203655352480418,2.0469973890339426,0.4583333333333333,0.6157407407407407
1983,0.20601851851851852,0.6118143459915611,0.3082416729365961,0.34977578475336324,0.8865740740740741,-1.483028720626632,2.010443864229765,0.44675925925925924,0.6319444444444444
1984,0.1550925925925926,0.6118143459915611,0.24745602975076095,0.31689088191330345,0.8865740740740741,-1.556135770234987,2.151436031331593,0.4351851851851852,0.6180555555555556
1985,0.1736111111111111,0.6118143459915611,0.2704719268793136,0.32884902840059793,0.8865740740740741,-1.558746736292428,2.101827676240209,0.42824074074074076,0.6203703703703703
1986,0.16203703703703703,0.6118143459915611,0.2562160797677647,0.3213751868460389,0.8865740740740741,-1.5274151436031331,2.0966057441253265,0.41435185185185186,0.6342592592592593
1987,0.18518518518518517,0.6118143459915611,0.284313725490196,0.336322869955157,0.8865740740740741,-1.3315926892950392,2.02088772845953,0.4513888888888889,0.6365740740740741
1988,0.14583333333333334,0.6118143459915611,0.2355261631279731,0.3109118086696562,0.8865740740740741,-1.4464751958224542,2.0992167101827675,0.42592592592592593,0.6203703703703703
1989,0.1712962962962963,0.6118143459915611,0.26765446880690463,0.3273542600896861,0.8865740740740741,-1.4203655352480418,2.1305483028720626,0.4097222222222222,0.5995370370370371
1990,0.18055555555555555,0.6118143459915611,0.27882553065601656,0.3333333333333333,0.8865740740740741,-1.4934725848563968,2.0574412532637076,0.44907407407407407,0.6203703703703703
1991,0.15046296296296297,0.6118143459915611,0.2415273239797553,0.31390134529147984,0.8865740740740741,-1.3838120104438643,2.1201044386422976,0.42592592592592593,0.6203703703703703
1992,0.13657407407407407,0.6118143459915611,0.22330109758166605,0.30493273542600896,0.8865740740740741,-1.5483028720626633,2.1906005221932117,0.42592592592592593,0.5902777777777778
1993,0.17592592592592593,0.6118143459915611,0.27327282646431583,0.3303437967115097,0.8865740740740741,-1.485639686684073,2.0757180156657964,0.4444444444444444,0.6319444444444444
1994,0.17824074074074073,0.6118143459915611,0.27605731310808634,0.33183856502242154,0.8865740740740741,-1.4725848563968669,2.0783289817232378,0.4444444444444444,0.6203703703703703
1995,0.16435185185185186,0.6118143459915611,0.25910126215913526,0.32286995515695066,0.8865740740740741,-1.6475195822454307,2.1279373368146213,0.42824074074074076,0.6087962962962963
1996,0.17824074074074073,0.6118143459915611,0.27605731310808634,0.33183856502242154,0.8865740740740741,-1.4386422976501305,2.0182767624020888,0.44212962962962965,0.6365740740740741
1997,0.1712962962962963,0.6118143459915611,0.26765446880690463,0.3273542600896861,0.8865740740740741,-1.5195822454308094,2.0574412532637076,0.41898148148148145,0.625
1998,0.17824074074074073,0.6118143459915611,0.27605731310808634,0.33183856502242154,0.8865740740740741,-1.4804177545691906,1.9921671018276763,0.44907407407407407,0.6273148148148148
1999,0.18981481481481483,0.6118143459915611,0.2897385286448815,0.3393124065769806,0.8865740740740741,-1.4621409921671018,2.093994778067885,0.42824074074074076,0.6180555555555556
2000,0.16666666666666666,0.6118143459915611,0.26196928635953026,0.3243647234678625,0.8865740740740741,-1.3759791122715406,2.0861618798955615,0.4444444444444444,0.6180555555555556
2001,0.1597222222222222,0.6118143459915611,0.25331358474801563,0.31988041853512705,0.8865740740740741,-1.5639686684073106,2.133159268929504,0.4375,0.5995370370370371
2002,0.16435185185185186,0.6118143459915611,0.25910126215913526,0.32286995515695066,0.8865740740740741,-1.5926892950391645,2.161879895561358,0.41898148148148145,0.6064814814814815
2003,0.17592592592592593,0.6118143459915611,0.27327282646431583,0.3303437967115097,0.8865740740740741,-1.4778067885117494,2.031331592689295,0.44675925925925924,0.6226851851851852
2004,0.16898148148148148,0.6118143459915611,0.264820304974919,0.32585949177877427,0.8865740740740741,-1.5456919060052219,2.093994778067885,0.4236111111111111,0.625
2005,0.1597222222222222,0.6118143459915611,0.25331358474801563,0.31988041853512705,0.8865740740740741,-1.4490861618798956,2.0809399477806787,0.4398148148148148,0.6041666666666666
2006,0.1712962962962963,0.6118143459915611,0.26765446880690463,0.3273542600896861,0.8865740740740741,-1.433420365535248,2.0809399477806787,0.4444444444444444,0.6226851851851852
2007,0.16898148148148148,0.6118143459915611,0.264820304974919,0.32585949177877427,0.8865740740740741,-1.3524804177545693,2.1253263707571803,0.4236111111111111,0.6087962962962963
2008,0.1597222222222222,0.6118143459915611,0.25331358474801563,0.31988041853512705,0.8865740740740741,-1.5221932114882506,2.023498694516971,0.46296296296296297,0.6365740740740741
2009,0.16666666666666666,0.6118143459915611,0.26196928635953026,0.3243647234678625,0.8865740740740741,-1.433420365535248,2.143603133159269,0.42592592592592593,0.5972222222222222
2010,0.1712962962962963,0.6118143459915611,0.26765446880690463,0.3273542600896861,0.8865740740740741,-1.4569190600522193,2.0469973890339426,0.43287037037037035,0.6296296296296297
2011,0.1550925925925926,0.6118143459915611,0.24745602975076095,0.31689088191330345,0.8865740740740741,-1.558746736292428,2.0966057441253265,0.4351851851851852,0.6342592592592593
2012,0.13657407407407407,0.6118143459915611,0.22330109758166605,0.30493273542600896,0.8865740740740741,-1.4255874673629243,2.1201044386422976,0.4166666666666667,0.625
2013,0.1712962962962963,0.6118143459915611,0.26765446880690463,0.3273542600896861,0.8865740740740741,-1.4699738903394255,2.044386422976501,0.43287037037037035,0.6342592592592593
2014,0.16203703703703703,0.6118143459915611,0.2562160797677647,0.3213751868460389,0.8865740740740741,-1.5274151436031331,2.044386422976501,0.44907407407407407,0.6273148148148148
2015,0.18055555555555555,0.6118143459915611,0.27882553065601656,0.3333333333333333,0.8865740740740741,-1.4725848563968669,2.0261096605744124,0.44675925925925924,0.6273148148148148
2016,0.16435185185185186,0.6118143459915611,0.25910126215913526,0.32286995515695066,0.8865740740740741,-1.4360313315926894,2.135770234986945,0.42592592592592593,0.5949074074074074
2017,0.15046296296296297,0.6118143459915611,0.2415273239797553,0.31390134529147984,0.8865740740740741,-1.3864229765013054,2.101827676240209,0.44675925925925924,0.6203703703703703
2018,0.1712962962962963,0.6118143459915611,0.26765446880690463,0.3273542600896861,0.8865740740740741,-1.4960835509138382,2.0704960835509136,0.46064814814814814,0.6134259259259259
2019,0.1736111111111111,0.6118143459915611,0.2704719268793136,0.32884902840059793,0.8865740740740741,-1.3733681462140992,1.989556135770235,0.4444444444444444,0.6458333333333334
2020,0.1527777777777778,0.6118143459915611,0.24450065149076416,0.3153961136023916,0.8865740740740741,-1.485639686684073,2.2010443864229763,0.41898148148148145,0.5949074074074074
2021,0.17592592592592593,0.6118143459915611,0.27327282646431583,0.3303437967115097,0.8865740740740741,-1.475195822454308,1.9869451697127938,0.46296296296296297,0.6365740740740741
2022,0.1388888888888889,0.6118143459915611,0.22638563622170177,0.3064275037369208,0.8865740740740741,-1.5796344647519582,2.2114882506527413,0.39814814814814814,0.5995370370370371
2023,0.16898148148148148,0.6118143459915611,0.264820304974919,0.32585949177877427,0.8865740740740741,-1.4882506527415145,2.052219321148825,0.44907407407407407,0.6342592592592593
2024,0.14583333333333334,0.6118143459915611,0.2355261631279731,0.3109118086696562,0.8865740740740741,-1.5091383812010444,2.10443864229765,0.4236111111111111,0.6296296296296297
2025,0.1597222222222222,0.6118143459915611,0.25331358474801563,0.31988041853512705,0.8865740740740741,-1.524804177545692,2.073107049608355,0.4444444444444444,0.6435185185185185
2026,0.16203703703703703,0.6118143459915611,0.2562160797677647,0.3213751868460389,0.8865740740740741,-1.5274151436031331,2.1592689295039165,0.4236111111111111,0.6180555555555556
2027,0.1574074074074074,0.6118143459915611,0.2503936208034943,0.3183856502242152,0.8865740740740741,-1.4804177545691906,2.028720626631854,0.44212962962962965,0.6527777777777778
2028,0.1527777777777778,0.6118143459915611,0.24450065149076416,0.3153961136023916,0.8865740740740741,-1.4986945169712793,2.1148825065274153,0.44212962962962965,0.6064814814814815
2029,0.18287037037037038,0.6118143459915611,0.28157762127748487,0.33482810164424515,0.8865740740740741,-1.5404699738903394,2.0261096605744124,0.46296296296296297,0.6319444444444444
2030,0.19212962962962962,0.6118143459915611,0.2924275005770796,0.34080717488789236,0.8865740740740741,-1.3838120104438643,2.0992167101827675,0.4398148148148148,0.6041666666666666
2031,0.1736111111111111,0.6118143459915611,0.2704719268793136,0.32884902840059793,0.8865740740740741,-1.5326370757180157,2.0548302872062663,0.4513888888888889,0.6157407407407407
2032,0.1574074074074074,0.6118143459915611,0.2503936208034943,0.3183856502242152,0.8865740740740741,-1.4099216710182767,2.0156657963446474,0.44212962962962965,0.6481481481481481
2033,0.15046296296296297,0.6118143459915611,0.2415273239797553,0.31390134529147984,0.8865740740740741,-1.3237597911227155,2.0182767624020888,0.41435185185185186,0.6481481481481481
2034,0.1597222222222222,0.6118143459915611,0.25331358474801563,0.31988041853512705,0.8865740740740741,-1.433420365535248,2.133159268929504,0.4351851851851852,0.6203703703703703
2035,0.1574074074074074,0.6118143459915611,0.2503936208034943,0.3183856502242152,0.8865740740740741,-1.4177545691906006,2.033942558746736,0.44675925925925924,0.6296296296296297
2036,0.14583333333333334,0.6118143459915611,0.2355261631279731,0.3109118086696562,0.8865740740740741,-1.5013054830287207,2.185378590078329,0.42824074074074076,0.5925925925925926
2037,0.20601851851851852,0.6118143459915611,0.3082416729365961,0.34977578475336324,0.8865740740740741,-1.5117493472584855,2.060052219321149,0.45601851851851855,0.6134259259259259
2038,0.1574074074074074,0.6118143459915611,0.2503936208034943,0.3183856502242152,0.8865740740740741,-1.6370757180156659,2.1488250652741514,0.41203703703703703,0.6319444444444444
2039,0.18055555555555555,0.6118143459915611,0.27882553065601656,0.3333333333333333,0.8865740740740741,-1.4569190600522193,2.08355091383812,0.4166666666666667,0.6203703703703703
2040,0.1736111111111111,0.6118143459915611,0.2704719268793136,0.32884902840059793,0.8865740740740741,-1.514360313315927,2.156657963446475,0.4074074074074074,0.6041666666666666
2041,0.16666666666666666,0.6118143459915611,0.26196928635953026,0.3243647234678625,0.8865740740740741,-1.4647519582245432,2.112271540469974,0.4212962962962963,0.5972222222222222
2042,0.17592592592592593,0.6118143459915611,0.27327282646431583,0.3303437967115097,0.8865740740740741,-1.4934725848563968,2.135770234986945,0.4513888888888889,0.6018518518518519
2043,0.1736111111111111,0.6118143459915611,0.2704719268793136,0.32884902840059793,0.8865740740740741,-1.422976501305483,2.0861618798955615,0.42824074074074076,0.6226851851851852
2044,0.1574074074074074,0.6118143459915611,0.2503936208034943,0.3183856502242152,0.8865740740740741,-1.4177545691906006,2.044386422976501,0.42592592592592593,0.6319444444444444
2045,0.16203703703703703,0.6118143459915611,0.2562160797677647,0.3213751868460389,0.8865740740740741,-1.4778067885117494,2.06266318537859,0.4166666666666667,0.6087962962962963
2046,0.2013888888888889,0.6118143459915611,0.30303030303030304,0.34678624813153963,0.8865740740740741,-1.3994778067885119,1.9791122715404699,0.45601851851851855,0.6458333333333334
2047,0.16898148148148148,0.6118143459915611,0.264820304974919,0.32585949177877427,0.8865740740740741,-1.3942558746736293,2.0469973890339426,0.4351851851851852,0.6226851851851852
2048,0.1597222222222222,0.6118143459915611,0.25331358474801563,0.31988041853512705,0.8865740740740741,-1.3838120104438643,2.0992167101827675,0.4398148148148148,0.6087962962962963
2049,0.16435185185185186,0.6118143459915611,0.25910126215913526,0.32286995515695066,0.8865740740740741,-1.5796344647519582,2.174934725848564,0.41435185185185186,0.6064814814814815
2050,0.16435185185185186,0.6118143459915611,0.25910126215913526,0.32286995515695066,0.8865740740740741,-1.577023498694517,2.08355091383812,0.42824074074074076,0.6180555555555556
2051,0.1712962962962963,0.6118143459915611,0.26765446880690463,0.3273542600896861,0.8865740740740741,-1.443864229765013,1.9765013054830287,0.4583333333333333,0.6504629629629629
2052,0.1550925925925926,0.6118143459915611,0.24745602975076095,0.31689088191330345,0.8865740740740741,-1.4986945169712793,2.08355091383812,0.42592592592592593,0.6319444444444444
2053,0.1388888888888889,0.6118143459915611,0.22638563622170177,0.3064275037369208,0.8865740740740741,-1.3759791122715406,2.0913838120104438,0.42592592592592593,0.6180555555555556
2054,0.18055555555555555,0.6118143459915611,0.27882553065601656,0.3333333333333333,0.8865740740740741,-1.4464751958224542,2.0417754569190603,0.45601851851851855,0.6180555555555556
2055,0.19444444444444445,0.6118143459915611,0.2951010321267626,0.3423019431988042,0.8865740740740741,-1.4621409921671018,1.9634464751958225,0.4861111111111111,0.6365740740740741
2056,0.17824074074074073,0.6118143459915611,0.27605731310808634,0.33183856502242154,0.8865740740740741,-1.441253263707572,1.9530026109660574,0.4722222222222222,0.6435185185185185
2057,0.1736111111111111,0.6118143459915611,0.2704719268793136,0.32884902840059793,0.8865740740740741,-1.483028720626632,2.093994778067885,0.43287037037037035,0.5856481481481481
2058,0.16666666666666666,0.6118143459915611,0.26196928635953026,0.3243647234678625,0.8865740740740741,-1.4595300261096606,2.0704960835509136,0.4375,0.6134259259259259
2059,0.13425925925925927,0.6118143459915611,0.2201974183750949,0.3034379671150972,0.8865740740740741,-1.4621409921671018,2.177545691906005,0.4166666666666667,0.6018518518518519
2060,0.1574074074074074,0.6118143459915611,0.2503936208034943,0.3183856502242152,0.8865740740740741,-1.4046997389033942,2.052219321148825,0.4537037037037037,0.6226851851851852
2061,0.18055555555555555,0.6118143459915611,0.27882553065601656,0.3333333333333333,0.8865740740740741,-1.6187989556135771,2.135770234986945,0.4212962962962963,0.6041666666666666
2062,0.1550925925925926,0.6118143459915611,0.24745602975076095,0.31689088191330345,0.8865740740740741,-1.5613577023498695,2.0678851174934727,0.42824074074074076,0.6226851851851852
2063,0.19212962962962962,0.6118143459915611,0.2924275005770796,0.34080717488789236,0.8865740740740741,-1.422976501305483,2.039164490861619,0.46064814814814814,0.6365740740740741
2064,0.1712962962962963,0.6118143459915611,0.26765446880690463,0.3273542600896861,0.8865740740740741,-1.4046997389033942,2.02088772845953,0.43287037037037035,0.6273148148148148
2065,0.17824074074074073,0.6118143459915611,0.27605731310808634,0.33183856502242154,0.8865740740740741,-1.485639686684073,2.143603133159269,0.4375,0.6134259259259259
2066,0.16203703703703703,0.6118143459915611,0.2562160797677647,0.3213751868460389,0.8865740740740741,-1.4621409921671018,2.08355091383812,0.42592592592592593,0.6226851851851852
2067,0.12731481481481483,0.6118143459915611,0.21076973901552695,0.29895366218236175,0.8865740740740741,-1.4986945169712793,2.0992167101827675,0.42592592592592593,0.6296296296296297
2068,0.1550925925925926,0.6118143459915611,0.24745602975076095,0.31689088191330345,0.8865740740740741,-1.5430809399477807,2.112271540469974,0.4305555555555556,0.6180555555555556
2069,0.1712962962962963,0.6118143459915611,0.26765446880690463,0.3273542600896861,0.8865740740740741,-1.4673629242819843,2.093994778067885,0.44212962962962965,0.6134259259259259
2070,0.1712962962962963,0.6118143459915611,0.26765446880690463,0.3273542600896861,0.8865740740740741,-1.6422976501305484,2.117493472584856,0.4351851851851852,0.6134259259259259
2071,0.18518518518518517,0.6118143459915611,0.284313725490196,0.336322869955157,0.8865740740740741,-1.3681462140992167,1.9530026109660574,0.4537037037037037,0.6388888888888888
2072,0.1550925925925926,0.6118143459915611,0.24745602975076095,0.31689088191330345,0.8865740740740741,-1.5796344647519582,2.195822454308094,0.41435185185185186,0.6064814814814815
2073,0.16203703703703703,0.6118143459915611,0.2562160797677647,0.3213751868460389,0.8865740740740741,-1.4308093994778068,2.088772845953003,0.42592592592592593,0.6226851851851852
2074,0.16203703703703703,0.6118143459915611,0.2562160797677647,0.3213751868460389,0.8865740740740741,-1.5456919060052219,2.10443864229765,0.4212962962962963,0.6157407407407407
2075,0.1550925925925926,0.6118143459915611,0.24745602975076095,0.31689088191330345,0.8865740740740741,-1.5013054830287207,2.0704960835509136,0.46064814814814814,0.6203703703703703
2076,0.18518518518518517,0.6118143459915611,0.284313725490196,0.336322869955157,0.8865740740740741,-1.556135770234987,2.10443864229765,0.4444444444444444,0.6064814814814815
2077,0.18518518518518517,0.6118143459915611,0.284313725490196,0.336322869955157,0.8865740740740741,-1.3629242819843341,2.0,0.4513888888888889,0.6296296296296297
2078,0.16435185185185186,0.6118143459915611,0.25910126215913526,0.32286995515695066,0.8865740740740741,-1.5926892950391645,2.0469973890339426,0.42592592592592593,0.6064814814814815
2079,0.1597222222222222,0.6118143459915611,0.25331358474801563,0.31988041853512705,0.8865740740740741,-1.4804177545691906,2.133159268929504,0.4351851851851852,0.5972222222222222
2080,0.1712962962962963,0.6118143459915611,0.26765446880690463,0.3273542600896861,0.8865740740740741,-1.4490861618798956,2.023498694516971,0.4166666666666667,0.6388888888888888
2081,0.17824074074074073,0.6118143459915611,0.27605731310808634,0.33183856502242154,0.8865740740740741,-1.4569190600522193,2.0992167101827675,0.4444444444444444,0.6157407407407407
2082,0.15046296296296297,0.6118143459915611,0.2415273239797553,0.31390134529147984,0.8865740740740741,-1.524804177545692,2.1879895561357703,0.41898148148148145,0.625
2083,0.13657407407407407,0.6118143459915611,0.22330109758166605,0.30493273542600896,0.8865740740740741,-1.4308093994778068,2.135770234986945,0.42592592592592593,0.6342592592592593
2084,0.1736111111111111,0.6118143459915611,0.2704719268793136,0.32884902840059793,0.8865740740740741,-1.4281984334203655,2.0809399477806787,0.4513888888888889,0.6157407407407407
2085,0.16898148148148148,0.6118143459915611,0.264820304974919,0.32585949177877427,0.8865740740740741,-1.4908616187989556,2.023498694516971,0.4513888888888889,0.6226851851851852
2086,0.1736111111111111,0.6118143459915611,0.2704719268793136,0.32884902840059793,0.8865740740740741,-1.5378590078328982,2.0809399477806787,0.42824074074074076,0.6157407407407407
2087,0.1574074074074074,0.6118143459915611,0.2503936208034943,0.3183856502242152,0.8865740740740741,-1.3629242819843341,2.06266318537859,0.42824074074074076,0.6157407407407407
2088,0.1597222222222222,0.6118143459915611,0.25331358474801563,0.31988041853512705,0.8865740740740741,-1.556135770234987,2.088772845953003,0.42592592592592593,0.6134259259259259
2089,0.16435185185185186,0.6118143459915611,0.25910126215913526,0.32286995515695066,0.8865740740740741,-1.4308093994778068,2.052219321148825,0.42592592592592593,0.625
2090,0.15046296296296297,0.6118143459915611,0.2415273239797553,0.31390134529147984,0.8865740740740741,-1.4177545691906006,2.060052219321149,0.4398148148148148,0.6296296296296297
2091,0.1736111111111111,0.6118143459915611,0.2704719268793136,0.32884902840059793,0.8865740740740741,-1.412532637075718,2.1488250652741514,0.41203703703703703,0.6018518518518519
2092,0.1412037037037037,0.6118143459915611,0.22945121081235326,0.30792227204783257,0.8865740740740741,-1.4804177545691906,2.0861618798955615,0.4398148148148148,0.6111111111111112
2093,0.16666666666666666,0.6118143459915611,0.26196928635953026,0.3243647234678625,0.8865740740740741,-1.3446475195822454,2.028720626631854,0.4513888888888889,0.6296296296296297
2094,0.16898148148148148,0.6118143459915611,0.264820304974919,0.32585949177877427,0.8865740740740741,-1.4046997389033942,1.9843342036553524,0.4375,0.6342592592592593
2095,0.15046296296296297,0.6118143459915611,0.2415273239797553,0.31390134529147984,0.8865740740740741,-1.443864229765013,2.039164490861619,0.4375,0.6180555555555556
2096,0.1597222222222222,0.6118143459915611,0.25331358474801563,0.31988041853512705,0.8865740740740741,-1.5039164490861618,2.1305483028720626,0.4097222222222222,0.5902777777777778
2097,0.16435185185185186,0.6118143459915611,0.25910126215913526,0.32286995515695066,0.8865740740740741,-1.412532637075718,2.0966057441253265,0.44212962962962965,0.6134259259259259
2098,0.16666666666666666,0.6118143459915611,0.26196928635953026,0.3243647234678625,0.8865740740740741,-1.4099216710182767,2.0992167101827675,0.4444444444444444,0.6157407407407407
2099,0.1574074074074074,0.6118143459915611,0.2503936208034943,0.3183856502242152,0.8865740740740741,-1.4073107049608355,1.9973890339425588,0.45601851851851855,0.6342592592592593
2100,0.14814814814814814,0.6118143459915611,0.23853588319967095,0.312406576980568,0.8865740740740741,-1.514360313315927,2.1305483028720626,0.4097222222222222,0.6111111111111112
2101,0.1736111111111111,0.6118143459915611,0.2704719268793136,0.32884902840059793,0.8865740740740741,-1.6422976501305484,2.122715404699739,0.4305555555555556,0.6018518518518519
2102,0.14583333333333334,0.6118143459915611,0.2355261631279731,0.3109118086696562,0.8865740740740741,-1.4804177545691906,2.1070496083550916,0.4212962962962963,0.6180555555555556
2103,0.1527777777777778,0.6118143459915611,0.24450065149076416,0.3153961136023916,0.8865740740740741,-1.577023498694517,2.1201044386422976,0.44212962962962965,0.6041666666666666
2104,0.1875,0.6118143459915611,0.28703398218409765,0.33781763826606875,0.8865740740740741,-1.5039164490861618,2.052219321148825,0.45601851851851855,0.6226851851851852
2105,0.17592592592592593,0.6118143459915611,0.27327282646431583,0.3303437967115097,0.8865740740740741,-1.4099216710182767,2.06266318537859,0.4444444444444444,0.6226851851851852
2106,0.1388888888888889,0.6118143459915611,0.22638563622170177,0.3064275037369208,0.8865740740740741,-1.5274151436031331,2.164490861618799,0.4166666666666667,0.6203703703703703
2107,0.1574074074074074,0.6118143459915611,0.2503936208034943,0.3183856502242152,0.8865740740740741,-1.5195822454308094,2.0992167101827675,0.44907407407407407,0.6087962962962963
2108,0.14814814814814814,0.6118143459915611,0.23853588319967095,0.312406576980568,0.8865740740740741,-1.4804177545691906,2.154046997389034,0.4444444444444444,0.6203703703703703
2109,0.1597222222222222,0.6118143459915611,0.25331358474801563,0.31988041853512705,0.8865740740740741,-1.4046997389033942,2.0469973890339426,0.4537037037037037,0.625
2110,0.16666666666666666,0.6118143459915611,0.26196928635953026,0.3243647234678625,0.8865740740740741,-1.5744125326370757,2.1697127937336815,0.41435185185185186,0.5949074074074074
2111,0.17824074074074073,0.6118143459915611,0.27605731310808634,0.33183856502242154,0.8865740740740741,-1.4595300261096606,1.9765013054830287,0.4444444444444444,0.6689814814814815
2112,0.17824074074074073,0.6118143459915611,0.27605731310808634,0.33183856502242154,0.8865740740740741,-1.4543080939947781,2.0757180156657964,0.44907407407407407,0.6342592592592593
2113,0.18287037037037038,0.6118143459915611,0.28157762127748487,0.33482810164424515,0.8865740740740741,-1.5718015665796345,2.1827676240208875,0.43287037037037035,0.5972222222222222
2114,0.16435185185185186,0.6118143459915611,0.25910126215913526,0.32286995515695066,0.8865740740740741,-1.328981723237598,2.033942558746736,0.4398148148148148,0.6342592592592593
2115,0.16666666666666666,0.6118143459915611,0.26196928635953026,0.3243647234678625,0.8865740740740741,-1.4934725848563968,2.0417754569190603,0.4398148148148148,0.6388888888888888
2116,0.14351851851851852,0.6118143459915611,0.23249799570693358,0.3094170403587444,0.8865740740740741,-1.4543080939947781,2.0861618798955615,0.44212962962962965,0.6203703703703703
2117,0.1712962962962963,0.6118143459915611,0.26765446880690463,0.3273542600896861,0.8865740740740741,-1.4725848563968669,1.9791122715404699,0.45601851851851855,0.6481481481481481
2118,0.16435185185185186,0.6118143459915611,0.25910126215913526,0.32286995515695066,0.8865740740740741,-1.5691906005221932,2.0809399477806787,0.4375,0.625
2119,0.1574074074074074,0.6118143459915611,0.2503936208034943,0.3183856502242152,0.8865740740740741,-1.516971279373368,2.133159268929504,0.4097222222222222,0.6504629629629629
2120,0.17824074074074073,0.6118143459915611,0.27605731310808634,0.33183856502242154,0.8865740740740741,-1.3342036553524803,1.9451697127937337,0.44907407407407407,0.6365740740740741
2121,0.16435185185185186,0.6118143459915611,0.25910126215913526,0.32286995515695066,0.8865740740740741,-1.5274151436031331,2.039164490861619,0.4583333333333333,0.6365740740740741
2122,0.1712962962962963,0.6118143459915611,0.26765446880690463,0.3273542600896861,0.8865740740740741,-1.524804177545692,2.1096605744125325,0.4375,0.6041666666666666
2123,0.18287037037037038,0.6118143459915611,0.28157762127748487,0.33482810164424515,0.8865740740740741,-1.4569190600522193,2.0052219321148823,0.46064814814814814,0.625
2124,0.14351851851851852,0.6118143459915611,0.23249799570693358,0.3094170403587444,0.8865740740740741,-1.5718015665796345,2.151436031331593,0.4305555555555556,0.6041666666666666
2125,0.1736111111111111,0.6118143459915611,0.2704719268793136,0.32884902840059793,0.8865740740740741,-1.5430809399477807,2.1906005221932117,0.41203703703703703,0.6041666666666666
2126,0.14814814814814814,0.6118143459915611,0.23853588319967095,0.312406576980568,0.8865740740740741,-1.6475195822454307,2.101827676240209,0.42824074074074076,0.6226851851851852
2127,0.1388888888888889,0.6118143459915611,0.22638563622170177,0.3064275037369208,0.8865740740740741,-1.4778067885117494,2.073107049608355,0.46296296296296297,0.5995370370370371
2128,0.14583333333333334,0.6118143459915611,0.2355261631279731,0.3109118086696562,0.8865740740740741,-1.3968668407310705,2.0704960835509136,0.4513888888888889,0.6180555555555556
2129,0.19907407407407407,0.6118143459915611,0.30040230300402304,0.3452914798206278,0.8865740740740741,-1.3472584856396868,2.0,0.44212962962962965,0.6203703703703703
2130,0.14814814814814814,0.6118143459915611,0.23853588319967095,0.312406576980568,0.8865740740740741,-1.3446475195822454,2.0652741514360313,0.43287037037037035,0.6319444444444444
2131,0.16435185185185186,0.6118143459915611,0.25910126215913526,0.32286995515695066,0.8865740740740741,-1.4516971279373367,2.1148825065274153,0.4375,0.6087962962962963
2132,0.16666666666666666,0.6118143459915611,0.26196928635953026,0.3243647234678625,0.8865740740740741,-1.3838120104438643,2.02088772845953,0.44675925925925924,0.6319444444444444
2133,0.1712962962962963,0.6118143459915611,0.26765446880690463,0.3273542600896861,0.8865740740740741,-1.4673629242819843,2.0574412532637076,0.4699074074074074,0.6319444444444444
2134,0.1597222222222222,0.6118143459915611,0.25331358474801563,0.31988041853512705,0.8865740740740741,-1.4543080939947781,2.0652741514360313,0.4537037037037037,0.6134259259259259
2135,0.1712962962962963,0.6118143459915611,0.26765446880690463,0.3273542600896861,0.8865740740740741,-1.4725848563968669,2.0678851174934727,0.4212962962962963,0.6157407407407407
2136,0.1597222222222222,0.6118143459915611,0.25331358474801563,0.31988041853512705,0.8865740740740741,-1.5117493472584855,2.0861618798955615,0.44907407407407407,0.6111111111111112
2137,0.16203703703703703,0.6118143459915611,0.2562160797677647,0.3213751868460389,0.8865740740740741,-1.4882506527415145,2.0992167101827675,0.4351851851851852,0.6180555555555556
2138,0.15046296296296297,0.6118143459915611,0.2415273239797553,0.31390134529147984,0.8865740740740741,-1.4778067885117494,2.10443864229765,0.4305555555555556,0.6180555555555556
2139,0.15046296296296297,0.6118143459915611,0.2415273239797553,0.31390134529147984,0.8865740740740741,-1.5117493472584855,2.0548302872062663,0.46064814814814814,0.6134259259259259
2140,0.1736111111111111,0.6118143459915611,0.2704719268793136,0.32884902840059793,0.8865740740740741,-1.5195822454308094,2.0992167101827675,0.4375,0.6064814814814815
2141,0.16203703703703703,0.6118143459915611,0.2562160797677647,0.3213751868460389,0.8865740740740741,-1.3890339425587468,2.0156657963446474,0.4375,0.6365740740740741
2142,0.14351851851851852,0.6118143459915611,0.23249799570693358,0.3094170403587444,0.8865740740740741,-1.5065274151436032,2.1906005221932117,0.4074074074074074,0.6041666666666666
2143,0.1712962962962963,0.6118143459915611,0.26765446880690463,0.3273542600896861,0.8865740740740741,-1.6005221932114881,2.0757180156657964,0.42824074074074076,0.6365740740740741
2144,0.1550925925925926,0.6118143459915611,0.24745602975076095,0.31689088191330345,0.8865740740740741,-1.4569190600522193,2.177545691906005,0.43287037037037035,0.6064814814814815
2145,0.1712962962962963,0.6118143459915611,0.26765446880690463,0.3273542600896861,0.8865740740740741,-1.441253263707572,2.0365535248041775,0.44675925925925924,0.6388888888888888
2146,0.16666666666666666,0.6118143459915611,0.26196928635953026,0.3243647234678625,0.8865740740740741,-1.4804177545691906,2.1488250652741514,0.44212962962962965,0.6111111111111112
2147,0.1597222222222222,0.6118143459915611,0.25331358474801563,0.31988041853512705,0.8865740740740741,-1.3159268929503916,2.031331592689295,0.43287037037037035,0.6319444444444444
2148,0.18981481481481483,0.6118143459915611,0.2897385286448815,0.3393124065769806,0.8865740740740741,-1.4908616187989556,2.049608355091384,0.4513888888888889,0.6180555555555556
2149,0.16435185185185186,0.6118143459915611,0.25910126215913526,0.32286995515695066,0.8865740740740741,-1.5378590078328982,2.044386422976501,0.43287037037037035,0.6226851851851852
2150,0.16435185185185186,0.6118143459915611,0.25910126215913526,0.32286995515695066,0.8865740740740741,-1.4360313315926894,2.0,0.44212962962962965,0.6342592592592593
2151,0.15046296296296297,0.6118143459915611,0.2415273239797553,0.31390134529147984,0.8865740740740741,-1.5039164490861618,2.177545691906005,0.3958333333333333,0.5902777777777778
2152,0.16203703703703703,0.6118143459915611,0.2562160797677647,0.3213751868460389,0.8865740740740741,-1.4882506527415145,2.088772845953003,0.43287037037037035,0.625
2153,0.1527777777777778,0.6118143459915611,0.24450065149076416,0.3153961136023916,0.8865740740740741,-1.524804177545692,2.0574412532637076,0.44675925925925924,0.6296296296296297
2154,0.1875,0.6118143459915611,0.28703398218409765,0.33781763826606875,0.8865740740740741,-1.3472584856396868,1.9425587467362924,0.44907407407407407,0.6388888888888888
2155,0.1574074074074074,0.6118143459915611,0.2503936208034943,0.3183856502242152,0.8865740740740741,-1.5535248041775458,2.122715404699739,0.44212962962962965,0.6134259259259259
2156,0.1712962962962963,0.6118143459915611,0.26765446880690463,0.3273542600896861,0.8865740740740741,-1.4673629242819843,2.0261096605744124,0.4398148148148148,0.6365740740740741
2157,0.1712962962962963,0.6118143459915611,0.26765446880690463,0.3273542600896861,0.8865740740740741,-1.5065274151436032,2.117493472584856,0.4074074074074074,0.6157407407407407
2158,0.16666666666666666,0.6118143459915611,0.26196928635953026,0.3243647234678625,0.8865740740740741,-1.4203655352480418,2.0417754569190603,0.4375,0.625
2159,0.1412037037037037,0.6118143459915611,0.22945121081235326,0.30792227204783257,0.8865740740740741,-1.3785900783289817,2.161879895561358,0.4236111111111111,0.5972222222222222
2160,0.1597222222222222,0.6118143459915611,0.25331358474801563,0.31988041853512705,0.8865740740740741,-1.4595300261096606,2.0548302872062663,0.42824074074074076,0.6273148148148148
2161,0.18287037037037038,0.6118143459915611,0.28157762127748487,0.33482810164424515,0.8865740740740741,-1.558746736292428,2.154046997389034,0.41203703703703703,0.5902777777777778
2162,0.18518518518518517,0.6118143459915611,0.284313725490196,0.336322869955157,0.8865740740740741,-1.4882506527415145,2.0783289817232378,0.4305555555555556,0.6273148148148148
2163,0.1597222222222222,0.6118143459915611,0.25331358474801563,0.31988041853512705,0.8865740740740741,-1.5483028720626633,2.0861618798955615,0.41898148148148145,0.6134259259259259
2164,0.13425925925925927,0.6118143459915611,0.2201974183750949,0.3034379671150972,0.8865740740740741,-1.4778067885117494,2.1148825065274153,0.4236111111111111,0.6157407407407407
2165,0.16203703703703703,0.6118143459915611,0.2562160797677647,0.3213751868460389,0.8865740740740741,-1.5483028720626633,2.1070496083550916,0.4236111111111111,0.5972222222222222
2166,0.14583333333333334,0.6118143459915611,0.2355261631279731,0.3109118086696562,0.8865740740740741,-1.6527415143603132,2.174934725848564,0.4074074074074074,0.6087962962962963
2167,0.16203703703703703,0.6118143459915611,0.2562160797677647,0.3213751868460389,0.8865740740740741,-1.5300261096605745,2.177545691906005,0.41898148148148145,0.5995370370370371
2168,0.1597222222222222,0.6118143459915611,0.25331358474801563,0.31988041853512705,0.8865740740740741,-1.4778067885117494,2.1827676240208875,0.4444444444444444,0.5972222222222222
2169,0.16666666666666666,0.6118143459915611,0.26196928635953026,0.3243647234678625,0.8865740740740741,-1.3524804177545693,2.0156657963446474,0.44907407407407407,0.6550925925925926
2170,0.1388888888888889,0.6118143459915611,0.22638563622170177,0.3064275037369208,0.8865740740740741,-1.441253263707572,2.1827676240208875,0.41203703703703703,0.6180555555555556
2171,0.1574074074074074,0.6118143459915611,0.2503936208034943,0.3183856502242152,0.8865740740740741,-1.4673629242819843,2.052219321148825,0.4444444444444444,0.6388888888888888
2172,0.1597222222222222,0.6118143459915611,0.25331358474801563,0.31988041853512705,0.8865740740740741,-1.4647519582245432,2.039164490861619,0.4583333333333333,0.625
2173,0.15046296296296297,0.6118143459915611,0.2415273239797553,0.31390134529147984,0.8865740740740741,-1.412532637075718,2.112271540469974,0.4375,0.6226851851851852
2174,0.16898148148148148,0.6118143459915611,0.264820304974919,0.32585949177877427,0.8865740740740741,-1.3942558746736293,2.0992167101827675,0.4398148148148148,0.6180555555555556
2175,0.15046296296296297,0.6118143459915611,0.2415273239797553,0.31390134529147984,0.8865740740740741,-1.5378590078328982,2.154046997389034,0.4097222222222222,0.6180555555555556
2176,0.1597222222222222,0.6118143459915611,0.25331358474801563,0.31988041853512705,0.8865740740740741,-1.5195822454308094,2.177545691906005,0.42592592592592593,0.6041666666666666
2177,0.16435185185185186,0.6118143459915611,0.25910126215913526,0.32286995515695066,0.8865740740740741,-1.6161879895561357,2.1383812010443863,0.44212962962962965,0.5995370370370371
2178,0.1550925925925926,0.6118143459915611,0.24745602975076095,0.31689088191330345,0.8865740740740741,-1.4360313315926894,2.1409921671018277,0.4212962962962963,0.6157407407407407
2179,0.18518518518518517,0.6118143459915611,0.284313725490196,0.336322869955157,0.8865740740740741,-1.206266318537859,2.0052219321148823,0.4212962962962963,0.6296296296296297
2180,0.2013888888888889,0.6118143459915611,0.30303030303030304,0.34678624813153963,0.8865740740740741,-1.4386422976501305,2.0026109660574414,0.42824074074074076,0.6412037037037037
2181,0.16203703703703703,0.6118143459915611,0.2562160797677647,0.3213751868460389,0.8865740740740741,-1.4308093994778068,2.156657963446475,0.4097222222222222,0.6226851851851852
2182,0.1412037037037037,0.6118143459915611,0.22945121081235326,0.30792227204783257,0.8865740740740741,-1.4386422976501305,2.133159268929504,0.41898148148148145,0.6273148148148148
2183,0.16435185185185186,0.6118143459915611,0.25910126215913526,0.32286995515695066,0.8865740740740741,-1.5117493472584855,2.117493472584856,0.4305555555555556,0.6296296296296297
2184,0.16898148148148148,0.6118143459915611,0.264820304974919,0.32585949177877427,0.8865740740740741,-1.4308093994778068,2.161879895561358,0.4074074074074074,0.6087962962962963
2185,0.18287037037037038,0.6118143459915611,0.28157762127748487,0.33482810164424515,0.8865740740740741,-1.3159268929503916,2.0992167101827675,0.42824074074074076,0.5949074074074074
2186,0.14814814814814814,0.6118143459915611,0.23853588319967095,0.312406576980568,0.8865740740740741,-1.4778067885117494,2.031331592689295,0.42592592592592593,0.6342592592592593
2187,0.1736111111111111,0.6118143459915611,0.2704719268793136,0.32884902840059793,0.8865740740740741,-1.4099216710182767,2.1096605744125325,0.41898148148148145,0.6296296296296297
2188,0.1597222222222222,0.6118143459915611,0.25331358474801563,0.31988041853512705,0.8865740740740741,-1.349869451697128,1.9765013054830287,0.4513888888888889,0.6365740740740741
2189,0.17592592592592593,0.6118143459915611,0.27327282646431583,0.3303437967115097,0.8865740740740741,-1.3368146214099217,2.088772845953003,0.4305555555555556,0.6111111111111112
2190,0.1550925925925926,0.6118143459915611,0.24745602975076095,0.31689088191330345,0.8865740740740741,-1.4725848563968669,2.088772845953003,0.4398148148148148,0.6157407407407407
2191,0.16203703703703703,0.6118143459915611,0.2562160797677647,0.3213751868460389,0.8865740740740741,-1.4151436031331592,1.9843342036553524,0.4398148148148148,0.6388888888888888
2192,0.14814814814814814,0.6118143459915611,0.23853588319967095,0.312406576980568,0.8865740740740741,-1.4621409921671018,2.06266318537859,0.4351851851851852,0.6319444444444444
2193,0.1597222222222222,0.6118143459915611,0.25331358474801563,0.31988041853512705,0.8865740740740741,-1.5483028720626633,2.1906005221932117,0.4236111111111111,0.6111111111111112
2194,0.18287037037037038,0.6118143459915611,0.28157762127748487,0.33482810164424515,0.8865740740740741,-1.6553524804177546,2.151436031331593,0.42592592592592593,0.6041666666666666
2195,0.18055555555555555,0.6118143459915611,0.27882553065601656,0.3333333333333333,0.8865740740740741,-1.516971279373368,2.033942558746736,0.4444444444444444,0.6111111111111112
2196,0.13425925925925927,0.6118143459915611,0.2201974183750949,0.3034379671150972,0.8865740740740741,-1.556135770234987,2.1148825065274153,0.42592592592592593,0.6435185185185185
2197,0.1597222222222222,0.6118143459915611,0.25331358474801563,0.31988041853512705,0.8865740740740741,-1.566579634464752,2.088772845953003,0.4351851851851852,0.6087962962962963
2198,0.18287037037037038,0.6118143459915611,0.28157762127748487,0.33482810164424515,0.8865740740740741,-1.443864229765013,2.0704960835509136,0.42592592592592593,0.6435185185185185
2199,0.17592592592592593,0.6118143459915611,0.27327282646431583,0.3303437967115097,0.8865740740740741,-1.4177545691906006,1.9503916449086163,0.46064814814814814,0.6527777777777778
2200,0.1412037037037037,0.6118143459915611,0.22945121081235326,0.30792227204783257,0.8865740740740741,-1.3759791122715406,2.0809399477806787,0.4305555555555556,0.625
2201,0.16435185185185186,0.6118143459915611,0.25910126215913526,0.32286995515695066,0.8865740740740741,-1.3550913838120104,2.044386422976501,0.44212962962962965,0.6226851851851852
2202,0.1527777777777778,0.6118143459915611,0.24450065149076416,0.3153961136023916,0.8865740740740741,-1.639686684073107,2.14621409921671,0.4236111111111111,0.6226851851851852
2203,0.1736111111111111,0.6118143459915611,0.2704719268793136,0.32884902840059793,0.8865740740740741,-1.4516971279373367,2.1148825065274153,0.4375,0.5995370370370371
2204,0.1550925925925926,0.6118143459915611,0.24745602975076095,0.31689088191330345,0.8865740740740741,-1.4543080939947781,2.0966057441253265,0.44907407407407407,0.6365740740740741
2205,0.1550925925925926,0.6118143459915611,0.24745602975076095,0.31689088191330345,0.8865740740740741,-1.441253263707572,2.0365535248041775,0.43287037037037035,0.6388888888888888
2206,0.1712962962962963,0.6118143459915611,0.26765446880690463,0.3273542600896861,0.8865740740740741,-1.4621409921671018,2.0261096605744124,0.46064814814814814,0.6226851851851852
2207,0.16203703703703703,0.6118143459915611,0.2562160797677647,0.3213751868460389,0.8865740740740741,-1.4255874673629243,2.02088772845953,0.44212962962962965,0.6157407407407407
2208,0.17824074074074073,0.6118143459915611,0.27605731310808634,0.33183856502242154,0.8865740740740741,-1.433420365535248,2.023498694516971,0.46064814814814814,0.6412037037037037
2209,0.1597222222222222,0.6118143459915611,0.25331358474801563,0.31988041853512705,0.8865740740740741,-1.391644908616188,2.0652741514360313,0.4375,0.6273148148148148
2210,0.16203703703703703,0.6118143459915611,0.2562160797677647,0.3213751868460389,0.8865740740740741,-1.5822454308093994,2.1096605744125325,0.42824074074074076,0.6157407407407407
2211,0.1574074074074074,0.6118143459915611,0.2503936208034943,0.3183856502242152,0.8865740740740741,-1.349869451697128,2.0757180156657964,0.44907407407407407,0.625
2212,0.1736111111111111,0.6118143459915611,0.2704719268793136,0.32884902840059793,0.8865740740740741,-1.3890339425587468,2.093994778067885,0.4375,0.6134259259259259
2213,0.1550925925925926,0.6118143459915611,0.24745602975076095,0.31689088191330345,0.8865740740740741,-1.516971279373368,2.033942558746736,0.4236111111111111,0.6273148148148148
2214,0.125,0.6118143459915611,0.20758768790264853,0.2974588938714499,0.8865740740740741,-1.4308093994778068,2.151436031331593,0.42824074074074076,0.6064814814814815
2215,0.14351851851851852,0.6118143459915611,0.23249799570693358,0.3094170403587444,0.8865740740740741,-1.360313315926893,2.0809399477806787,0.44907407407407407,0.6203703703703703
2216,0.17824074074074073,0.6118143459915611,0.27605731310808634,0.33183856502242154,0.8865740740740741,-1.3890339425587468,2.0678851174934727,0.43287037037037035,0.6203703703703703
2217,0.16666666666666666,0.6118143459915611,0.26196928635953026,0.3243647234678625,0.8865740740740741,-1.443864229765013,2.0704960835509136,0.4675925925925926,0.6365740740740741
2218,0.16898148148148148,0.6118143459915611,0.264820304974919,0.32585949177877427,0.8865740740740741,-1.412532637075718,2.0652741514360313,0.45601851851851855,0.625
2219,0.16898148148148148,0.6118143459915611,0.264820304974919,0.32585949177877427,0.8865740740740741,-1.524804177545692,2.0992167101827675,0.42824074074074076,0.6296296296296297
2220,0.16203703703703703,0.6118143459915611,0.2562160797677647,0.3213751868460389,0.8865740740740741,-1.4386422976501305,2.122715404699739,0.41898148148148145,0.6180555555555556
2221,0.16666666666666666,0.6118143459915611,0.26196928635953026,0.3243647234678625,0.8865740740740741,-1.3342036553524803,2.143603133159269,0.4351851851851852,0.5995370370370371
2222,0.15046296296296297,0.6118143459915611,0.2415273239797553,0.31390134529147984,0.8865740740740741,-1.370757180156658,2.0704960835509136,0.4166666666666667,0.6087962962962963
2223,0.1712962962962963,0.6118143459915611,0.26765446880690463,0.3273542600896861,0.8865740740740741,-1.4203655352480418,1.9947780678851175,0.4699074074074074,0.6527777777777778
2224,0.1736111111111111,0.6118143459915611,0.2704719268793136,0.32884902840059793,0.8865740740740741,-1.483028720626632,2.1201044386422976,0.4351851851851852,0.6018518518518519
2225,0.13194444444444445,0.6118143459915611,0.21707441988732618,0.30194319880418535,0.8865740740740741,-1.6161879895561357,2.174934725848564,0.4027777777777778,0.5879629629629629
2226,0.18055555555555555,0.6118143459915611,0.27882553065601656,0.3333333333333333,0.8865740740740741,-1.3733681462140992,2.0469973890339426,0.4513888888888889,0.6203703703703703
2227,0.1597222222222222,0.6118143459915611,0.25331358474801563,0.31988041853512705,0.8865740740740741,-1.3080939947780679,2.1383812010443863,0.4166666666666667,0.6273148148148148
2228,0.16666666666666666,0.6118143459915611,0.26196928635953026,0.3243647234678625,0.8865740740740741,-1.4804177545691906,2.0548302872062663,0.4375,0.6134259259259259
2229,0.1550925925925926,0.6118143459915611,0.24745602975076095,0.31689088191330345,0.8865740740740741,-1.4386422976501305,2.1592689295039165,0.4074074074074074,0.6041666666666666
2230,0.16435185185185186,0.6118143459915611,0.25910126215913526,0.32286995515695066,0.8865740740740741,-1.3864229765013054,2.0757180156657964,0.4398148148148148,0.6180555555555556
2231,0.1574074074074074,0.6118143459915611,0.2503936208034943,0.3183856502242152,0.8865740740740741,-1.4986945169712793,2.0678851174934727,0.4305555555555556,0.6111111111111112
2232,0.16666666666666666,0.6118143459915611,0.26196928635953026,0.3243647234678625,0.8865740740740741,-1.4882506527415145,2.0469973890339426,0.44212962962962965,0.6296296296296297
2233,0.16435185185185186,0.6118143459915611,0.25910126215913526,0.32286995515695066,0.8865740740740741,-1.5483028720626633,2.0809399477806787,0.4398148148148148,0.6296296296296297
2234,0.15046296296296297,0.6118143459915611,0.2415273239797553,0.31390134529147984,0.8865740740740741,-1.5117493472584855,2.0757180156657964,0.42824074074074076,0.6296296296296297
2235,0.16203703703703703,0.6118143459915611,0.2562160797677647,0.3213751868460389,0.8865740740740741,-1.597911227154047,2.135770234986945,0.43287037037037035,0.6087962962962963
2236,0.16666666666666666,0.6118143459915611,0.26196928635953026,0.3243647234678625,0.8865740740740741,-1.6005221932114881,2.122715404699739,0.4305555555555556,0.6157407407407407
2237,0.1597222222222222,0.6118143459915611,0.25331358474801563,0.31988041853512705,0.8865740740740741,-1.422976501305483,2.0130548302872064,0.4583333333333333,0.625
2238,0.17824074074074073,0.6118143459915611,0.27605731310808634,0.33183856502242154,0.8865740740740741,-1.4569190600522193,2.0783289817232378,0.4305555555555556,0.6203703703703703
2239,0.1574074074074074,0.6118143459915611,0.2503936208034943,0.3183856502242152,0.8865740740740741,-1.4960835509138382,2.060052219321149,0.4351851851851852,0.6134259259259259
2240,0.16435185185185186,0.6118143459915611,0.25910126215913526,0.32286995515695066,0.8865740740740741,-1.5535248041775458,2.0548302872062663,0.43287037037037035,0.6273148148148148
2241,0.1550925925925926,0.6118143459915611,0.24745602975076095,0.31689088191330345,0.8865740740740741,-1.516971279373368,2.1383812010443863,0.4305555555555556,0.6041666666666666
2242,0.1550925925925926,0.6118143459915611,0.24745602975076095,0.31689088191330345,0.8865740740740741,-1.4360313315926894,2.0574412532637076,0.44675925925925924,0.6481481481481481
2243,0.17824074074074073,0.6118143459915611,0.27605731310808634,0.33183856502242154,0.8865740740740741,-1.4882506527415145,1.9791122715404699,0.44212962962962965,0.6481481481481481
2244,0.1550925925925926,0.6118143459915611,0.24745602975076095,0.31689088191330345,0.8865740740740741,-1.475195822454308,2.0913838120104438,0.44212962962962965,0.6296296296296297
2245,0.1736111111111111,0.6118143459915611,0.2704719268793136,0.32884902840059793,0.8865740740740741,-1.4699738903394255,2.0861618798955615,0.44212962962962965,0.6180555555555556
2246,0.16435185185185186,0.6118143459915611,0.25910126215913526,0.32286995515695066,0.8865740740740741,-1.3968668407310705,2.049608355091384,0.4305555555555556,0.6203703703703703
2247,0.18287037037037038,0.6118143459915611,0.28157762127748487,0.33482810164424515,0.8865740740740741,-1.4255874673629243,1.9530026109660574,0.4652777777777778,0.6412037037037037
2248,0.1527777777777778,0.6118143459915611,0.24450065149076416,0.3153961136023916,0.8865740740740741,-1.5848563968668408,2.1488250652741514,0.42592592592592593,0.6064814814814815
2249,0.14583333333333334,0.6118143459915611,0.2355261631279731,0.3109118086696562,0.8865740740740741,-1.5300261096605745,2.1148825065274153,0.44212962962962965,0.6157407407407407
2250,0.1574074074074074,0.6118143459915611,0.2503936208034943,0.3183856502242152,0.8865740740740741,-1.4516971279373367,1.989556135770235,0.46064814814814814,0.6296296296296297
2251,0.16666666666666666,0.6118143459915611,0.26196928635953026,0.3243647234678625,0.8865740740740741,-1.4308093994778068,2.0261096605744124,0.4537037037037037,0.6412037037037037
2252,0.1597222222222222,0.6118143459915611,0.25331358474801563,0.31988041853512705,0.8865740740740741,-1.723237597911227,2.240208877284595,0.3819444444444444,0.6111111111111112
2253,0.18055555555555555,0.6118143459915611,0.27882553065601656,0.3333333333333333,0.8865740740740741,-1.5091383812010444,2.1305483028720626,0.42592592592592593,0.6111111111111112
2254,0.18518518518518517,0.6118143459915611,0.284313725490196,0.336322869955157,0.8865740740740741,-1.4203655352480418,2.031331592689295,0.44907407407407407,0.6342592592592593
2255,0.1597222222222222,0.6118143459915611,0.25331358474801563,0.31988041853512705,0.8865740740740741,-1.4203655352480418,2.0469973890339426,0.42592592592592593,0.6319444444444444
2256,0.16203703703703703,0.6118143459915611,0.2562160797677647,0.3213751868460389,0.8865740740740741,-1.443864229765013,1.9973890339425588,0.44907407407407407,0.6365740740740741
2257,0.1574074074074074,0.6118143459915611,0.2503936208034943,0.3183856502242152,0.8865740740740741,-1.4595300261096606,2.033942558746736,0.43287037037037035,0.6388888888888888
2258,0.16435185185185186,0.6118143459915611,0.25910126215913526,0.32286995515695066,0.8865740740740741,-1.412532637075718,1.9660574412532636,0.46064814814814814,0.6504629629629629
2259,0.1712962962962963,0.6118143459915611,0.26765446880690463,0.3273542600896861,0.8865740740740741,-1.566579634464752,2.0992167101827675,0.4513888888888889,0.6111111111111112
2260,0.1388888888888889,0.6118143459915611,0.22638563622170177,0.3064275037369208,0.8865740740740741,-1.3994778067885119,2.151436031331593,0.41898148148148145,0.6157407407407407
2261,0.14814814814814814,0.6118143459915611,0.23853588319967095,0.312406576980568,0.8865740740740741,-1.4569190600522193,2.1253263707571803,0.4166666666666667,0.5949074074074074
2262,0.1597222222222222,0.6118143459915611,0.25331358474801563,0.31988041853512705,0.8865740740740741,-1.4778067885117494,2.0678851174934727,0.46296296296296297,0.6296296296296297
2263,0.1574074074074074,0.6118143459915611,0.2503936208034943,0.3183856502242152,0.8865740740740741,-1.4543080939947781,2.0966057441253265,0.42824074074074076,0.5995370370370371
2264,0.16666666666666666,0.6118143459915611,0.26196928635953026,0.3243647234678625,0.8865740740740741,-1.5039164490861618,2.1409921671018277,0.4212962962962963,0.6365740740740741
2265,0.16435185185185186,0.6118143459915611,0.25910126215913526,0.32286995515695066,0.8865740740740741,-1.4960835509138382,2.0913838120104438,0.42824074074074076,0.6134259259259259
2266,0.16203703703703703,0.6118143459915611,0.2562160797677647,0.3213751868460389,0.8865740740740741,-1.524804177545692,2.0992167101827675,0.4375,0.6041666666666666
2267,0.1388888888888889,0.6118143459915611,0.22638563622170177,0.3064275037369208,0.8865740740740741,-1.4621409921671018,2.08355091383812,0.45601851851851855,0.6365740740740741
2268,0.17592592592592593,0.6118143459915611,0.27327282646431583,0.3303437967115097,0.8865740740740741,-1.370757180156658,1.9921671018276763,0.46064814814814814,0.625
2269,0.16203703703703703,0.6118143459915611,0.2562160797677647,0.3213751868460389,0.8865740740740741,-1.587467362924282,2.156657963446475,0.41435185185185186,0.5972222222222222
2270,0.1712962962962963,0.6118143459915611,0.26765446880690463,0.3273542600896861,0.8865740740740741,-1.4177545691906006,1.9973890339425588,0.44212962962962965,0.6342592592592593
2271,0.16203703703703703,0.6118143459915611,0.2562160797677647,0.3213751868460389,0.8865740740740741,-1.4908616187989556,1.9921671018276763,0.45601851851851855,0.6597222222222222
2272,0.1412037037037037,0.6118143459915611,0.22945121081235326,0.30792227204783257,0.8865740740740741,-1.5796344647519582,2.117493472584856,0.41898148148148145,0.625
2273,0.17592592592592593,0.6118143459915611,0.27327282646431583,0.3303437967115097,0.8865740740740741,-1.3968668407310705,2.2010443864229763,0.4236111111111111,0.6041666666666666
2274,0.16203703703703703,0.6118143459915611,0.2562160797677647,0.3213751868460389,0.8865740740740741,-1.4177545691906006,2.117493472584856,0.41435185185185186,0.6180555555555556
2275,0.1527777777777778,0.6118143459915611,0.24450065149076416,0.3153961136023916,0.8865740740740741,-1.4908616187989556,2.122715404699739,0.41203703703703703,0.6064814814814815
2276,0.1736111111111111,0.6118143459915611,0.2704719268793136,0.32884902840059793,0.8865740740740741,-1.4543080939947781,2.033942558746736,0.44907407407407407,0.6180555555555556
2277,0.14351851851851852,0.6118143459915611,0.23249799570693358,0.3094170403587444,0.8865740740740741,-1.4621409921671018,2.234986945169713,0.42592592592592593,0.6180555555555556
2278,0.1597222222222222,0.6118143459915611,0.25331358474801563,0.31988041853512705,0.8865740740740741,-1.5953002610966058,2.117493472584856,0.42824074074074076,0.6226851851851852
2279,0.1736111111111111,0.6118143459915611,0.2704719268793136,0.32884902840059793,0.8865740740740741,-1.2898172323759791,1.9738903394255876,0.45601851851851855,0.6412037037037037
2280,0.1736111111111111,0.6118143459915611,0.2704719268793136,0.32884902840059793,0.8865740740740741,-1.3994778067885119,2.0469973890339426,0.44675925925925924,0.6041666666666666
2281,0.15046296296296297,0.6118143459915611,0.2415273239797553,0.31390134529147984,0.8865740740740741,-1.4960835509138382,2.1070496083550916,0.4375,0.6087962962962963
2282,0.1574074074074074,0.6118143459915611,0.2503936208034943,0.3183856502242152,0.8865740740740741,-1.475195822454308,2.1592689295039165,0.4351851851851852,0.6087962962962963
2283,0.18287037037037038,0.6118143459915611,0.28157762127748487,0.33482810164424515,0.8865740740740741,-1.4621409921671018,1.9947780678851175,0.4444444444444444,0.6180555555555556
2284,0.14583333333333334,0.6118143459915611,0.2355261631279731,0.3109118086696562,0.8865740740740741,-1.5326370757180157,2.0861618798955615,0.4166666666666667,0.6296296296296297
2285,0.1574074074074074,0.6118143459915611,0.2503936208034943,0.3183856502242152,0.8865740740740741,-1.412532637075718,2.0757180156657964,0.44675925925925924,0.6273148148148148
2286,0.16203703703703703,0.6118143459915611,0.2562160797677647,0.3213751868460389,0.8865740740740741,-1.422976501305483,2.0704960835509136,0.43287037037037035,0.6226851851851852
2287,0.16666666666666666,0.6118143459915611,0.26196928635953026,0.3243647234678625,0.8865740740740741,-1.485639686684073,2.117493472584856,0.4398148148148148,0.6087962962962963
2288,0.16898148148148148,0.6118143459915611,0.264820304974919,0.32585949177877427,0.8865740740740741,-1.650130548302872,2.1148825065274153,0.4027777777777778,0.625
2289,0.14814814814814814,0.6118143459915611,0.23853588319967095,0.312406576980568,0.8865740740740741,-1.5065274151436032,2.060052219321149,0.41898148148148145,0.6319444444444444
2290,0.16203703703703703,0.6118143459915611,0.2562160797677647,0.3213751868460389,0.8865740740740741,-1.3838120104438643,2.0992167101827675,0.4212962962962963,0.6203703703703703
2291,0.16435185185185186,0.6118143459915611,0.25910126215913526,0.32286995515695066,0.8865740740740741,-1.441253263707572,2.0783289817232378,0.4537037037037037,0.6319444444444444
2292,0.15046296296296297,0.6118143459915611,0.2415273239797553,0.31390134529147984,0.8865740740740741,-1.5483028720626633,2.143603133159269,0.4236111111111111,0.625
2293,0.14814814814814814,0.6118143459915611,0.23853588319967095,0.312406576980568,0.8865740740740741,-1.5065274151436032,2.122715404699739,0.41898148148148145,0.6157407407407407
2294,0.1412037037037037,0.6118143459915611,0.22945121081235326,0.30792227204783257,0.8865740740740741,-1.514360313315927,2.0992167101827675,0.4305555555555556,0.6157407407407407
2295,0.14583333333333334,0.6118143459915611,0.2355261631279731,0.3109118086696562,0.8865740740740741,-1.3133159268929504,2.044386422976501,0.44907407407407407,0.6504629629629629
2296,0.1574074074074074,0.6118143459915611,0.2503936208034943,0.3183856502242152,0.8865740740740741,-1.577023498694517,2.093994778067885,0.43287037037037035,0.6319444444444444
2297,0.1527777777777778,0.6118143459915611,0.24450065149076416,0.3153961136023916,0.8865740740740741,-1.5378590078328982,2.0078328981723237,0.43287037037037035,0.6388888888888888
2298,0.16203703703703703,0.6118143459915611,0.2562160797677647,0.3213751868460389,0.8865740740740741,-1.5326370757180157,2.0704960835509136,0.4351851851851852,0.6388888888888888
2299,0.18055555555555555,0.6118143459915611,0.27882553065601656,0.3333333333333333,0.8865740740740741,-1.4960835509138382,2.033942558746736,0.44212962962962965,0.6157407407407407
2300,0.14814814814814814,0.6118143459915611,0.23853588319967095,0.312406576980568,0.8865740740740741,-1.412532637075718,2.1697127937336815,0.41203703703703703,0.6018518518518519
2301,0.17592592592592593,0.6118143459915611,0.27327282646431583,0.3303437967115097,0.8865740740740741,-1.5691906005221932,2.133159268929504,0.4097222222222222,0.6203703703703703
2302,0.16666666666666666,0.6118143459915611,0.26196928635953026,0.3243647234678625,0.8865740740740741,-1.4099216710182767,2.1096605744125325,0.4398148148148148,0.6087962962962963
2303,0.16203703703703703,0.6118143459915611,0.2562160797677647,0.3213751868460389,0.8865740740740741,-1.5430809399477807,2.122715404699739,0.42824074074074076,0.6064814814814815
2304,0.19907407407407407,0.6118143459915611,0.30040230300402304,0.3452914798206278,0.8865740740740741,-1.4073107049608355,2.1279373368146213,0.4166666666666667,0.6018518518518519
2305,0.17824074074074073,0.6118143459915611,0.27605731310808634,0.33183856502242154,0.8865740740740741,-1.3759791122715406,2.0548302872062663,0.44907407407407407,0.6319444444444444
2306,0.18055555555555555,0.6118143459915611,0.27882553065601656,0.3333333333333333,0.8865740740740741,-1.3550913838120104,1.9086161879895562,0.46064814814814814,0.6527777777777778
2307,0.19212962962962962,0.6118143459915611,0.2924275005770796,0.34080717488789236,0.8865740740740741,-1.4960835509138382,2.0861618798955615,0.4236111111111111,0.6203703703703703
2308,0.18518518518518517,0.6118143459915611,0.284313725490196,0.336322869955157,0.8865740740740741,-1.422976501305483,1.9973890339425588,0.4675925925925926,0.6481481481481481
2309,0.1712962962962963,0.6118143459915611,0.26765446880690463,0.3273542600896861,0.8865740740740741,-1.4151436031331592,2.0678851174934727,0.4398148148148148,0.6180555555555556
2310,0.17592592592592593,0.6118143459915611,0.27327282646431583,0.3303437967115097,0.8865740740740741,-1.4647519582245432,2.1488250652741514,0.3888888888888889,0.6134259259259259
2311,0.1527777777777778,0.6118143459915611,0.24450065149076416,0.3153961136023916,0.8865740740740741,-1.516971279373368,2.143603133159269,0.4305555555555556,0.6064814814814815
2312,0.1712962962962963,0.6118143459915611,0.26765446880690463,0.3273542600896861,0.8865740740740741,-1.4986945169712793,2.0992167101827675,0.42824074074074076,0.6273148148148148
2313,0.18287037037037038,0.6118143459915611,0.28157762127748487,0.33482810164424515,0.8865740740740741,-1.5744125326370757,2.0130548302872064,0.4583333333333333,0.6319444444444444
2314,0.17824074074074073,0.6118143459915611,0.27605731310808634,0.33183856502242154,0.8865740740740741,-1.5065274151436032,2.033942558746736,0.4398148148148148,0.625
2315,0.16203703703703703,0.6118143459915611,0.2562160797677647,0.3213751868460389,0.8865740740740741,-1.6031331592689295,2.1201044386422976,0.4351851851851852,0.6041666666666666
2316,0.1712962962962963,0.6118143459915611,0.26765446880690463,0.3273542600896861,0.8865740740740741,-1.5718015665796345,2.172323759791123,0.42824074074074076,0.6064814814814815
2317,0.16666666666666666,0.6118143459915611,0.26196928635953026,0.3243647234678625,0.8865740740740741,-1.4960835509138382,2.1383812010443863,0.41203703703703703,0.6180555555555556
2318,0.16435185185185186,0.6118143459915611,0.25910126215913526,0.32286995515695066,0.8865740740740741,-1.514360313315927,2.0678851174934727,0.4537037037037037,0.6388888888888888
2319,0.1574074074074074,0.6118143459915611,0.2503936208034943,0.3183856502242152,0.8865740740740741,-1.4673629242819843,1.9373368146214098,0.4583333333333333,0.6550925925925926
2320,0.16435185185185186,0.6118143459915611,0.25910126215913526,0.32286995515695066,0.8865740740740741,-1.485639686684073,2.044386422976501,0.43287037037037035,0.625
2321,0.17592592592592593,0.6118143459915611,0.27327282646431583,0.3303437967115097,0.8865740740740741,-1.3080939947780679,1.9921671018276763,0.46296296296296297,0.6342592592592593
2322,0.16435185185185186,0.6118143459915611,0.25910126215913526,0.32286995515695066,0.8865740740740741,-1.4778067885117494,2.0678851174934727,0.43287037037037035,0.6342592592592593
2323,0.16666666666666666,0.6118143459915611,0.26196928635953026,0.3243647234678625,0.8865740740740741,-1.4151436031331592,2.1305483028720626,0.43287037037037035,0.6041666666666666
2324,0.16898148148148148,0.6118143459915611,0.264820304974919,0.32585949177877427,0.8865740740740741,-1.328981723237598,1.919060052219321,0.4791666666666667,0.6527777777777778
2325,0.18518518518518517,0.6118143459915611,0.284313725490196,0.336322869955157,0.8865740740740741,-1.4046997389033942,2.0678851174934727,0.4212962962962963,0.6064814814814815
2326,0.16898148148148148,0.6118143459915611,0.264820304974919,0.32585949177877427,0.8865740740740741,-1.5274151436031331,2.1383812010443863,0.4097222222222222,0.6180555555555556
2327,0.19212962962962962,0.6118143459915611,0.2924275005770796,0.34080717488789236,0.8865740740740741,-1.4308093994778068,2.0574412532637076,0.4398148148148148,0.6296296296296297
2328,0.1736111111111111,0.6118143459915611,0.2704719268793136,0.32884902840059793,0.8865740740740741,-1.587467362924282,2.14621409921671,0.4236111111111111,0.625
2329,0.16666666666666666,0.6118143459915611,0.26196928635953026,0.3243647234678625,0.8865740740740741,-1.4360313315926894,2.02088772845953,0.4398148148148148,0.6226851851851852
2330,0.1574074074074074,0.6118143459915611,0.2503936208034943,0.3183856502242152,0.8865740740740741,-1.441253263707572,2.1409921671018277,0.4236111111111111,0.6203703703703703
2331,0.1875,0.6118143459915611,0.28703398218409765,0.33781763826606875,0.8865740740740741,-1.5378590078328982,2.0078328981723237,0.46296296296296297,0.6342592592592593
2332,0.1875,0.6118143459915611,0.28703398218409765,0.33781763826606875,0.8865740740740741,-1.4490861618798956,1.9817232375979112,0.4675925925925926,0.6481481481481481
2333,0.16435185185185186,0.6118143459915611,0.25910126215913526,0.32286995515695066,0.8865740740740741,-1.4490861618798956,1.9712793733681462,0.49537037037037035,0.6689814814814815
2334,0.18287037037037038,0.6118143459915611,0.28157762127748487,0.33482810164424515,0.8865740740740741,-1.6057441253263707,2.044386422976501,0.4583333333333333,0.6296296296296297
2335,0.16666666666666666,0.6118143459915611,0.26196928635953026,0.3243647234678625,0.8865740740740741,-1.5848563968668408,2.0861618798955615,0.4236111111111111,0.6157407407407407
2336,0.18981481481481483,0.6118143459915611,0.2897385286448815,0.3393124065769806,0.8865740740740741,-1.4308093994778068,1.95822454308094,0.4722222222222222,0.6458333333333334
2337,0.13657407407407407,0.6118143459915611,0.22330109758166605,0.30493273542600896,0.8865740740740741,-1.4647519582245432,2.033942558746736,0.4398148148148148,0.6504629629629629
2338,0.16435185185185186,0.6118143459915611,0.25910126215913526,0.32286995515695066,0.8865740740740741,-1.4281984334203655,2.0182767624020888,0.4583333333333333,0.6388888888888888
2339,0.1527777777777778,0.6118143459915611,0.24450065149076416,0.3153961136023916,0.8865740740740741,-1.5404699738903394,2.177545691906005,0.4074074074074074,0.6041666666666666
2340,0.17592592592592593,0.6118143459915611,0.27327282646431583,0.3303437967115097,0.8865740740740741,-1.4203655352480418,2.1305483028720626,0.4097222222222222,0.6134259259259259
2341,0.1712962962962963,0.6118143459915611,0.26765446880690463,0.3273542600896861,0.8865740740740741,-1.4203655352480418,2.0574412532637076,0.42824074074074076,0.6180555555555556
2342,0.16666666666666666,0.6118143459915611,0.26196928635953026,0.3243647234678625,0.8865740740740741,-1.4360313315926894,1.9634464751958225,0.4444444444444444,0.625
2343,0.1412037037037037,0.6118143459915611,0.22945121081235326,0.30792227204783257,0.8865740740740741,-1.475195822454308,2.0913838120104438,0.43287037037037035,0.6319444444444444
2344,0.16435185185185186,0.6118143459915611,0.25910126215913526,0.32286995515695066,0.8865740740740741,-1.3342036553524803,2.0026109660574414,0.4513888888888889,0.6319444444444444
2345,0.16435185185185186,0.6118143459915611,0.25910126215913526,0.32286995515695066,0.8865740740740741,-1.485639686684073,1.9869451697127938,0.45601851851851855,0.6388888888888888
2346,0.1550925925925926,0.6118143459915611,0.24745602975076095,0.31689088191330345,0.8865740740740741,-1.4490861618798956,2.0757180156657964,0.41898148148148145,0.6273148148148148
2347,0.1527777777777778,0.6118143459915611,0.24450065149076416,0.3153961136023916,0.8865740740740741,-1.3002610966057442,2.1096605744125325,0.4236111111111111,0.6111111111111112
2348,0.14814814814814814,0.6118143459915611,0.23853588319967095,0.312406576980568,0.8865740740740741,-1.5091383812010444,2.1253263707571803,0.42824074074074076,0.6134259259259259
2349,0.17592592592592593,0.6118143459915611,0.27327282646431583,0.3303437967115097,0.8865740740740741,-1.5039164490861618,2.0574412532637076,0.44675925925925924,0.6157407407407407
2350,0.18055555555555555,0.6118143459915611,0.27882553065601656,0.3333333333333333,0.8865740740740741,-1.4281984334203655,1.9973890339425588,0.4652777777777778,0.6435185185185185
2351,0.1875,0.6118143459915611,0.28703398218409765,0.33781763826606875,0.8865740740740741,-1.3133159268929504,1.9973890339425588,0.44907407407407407,0.6319444444444444
2352,0.18055555555555555,0.6118143459915611,0.27882553065601656,0.3333333333333333,0.8865740740740741,-1.391644908616188,2.133159268929504,0.42592592592592593,0.6134259259259259
2353,0.1412037037037037,0.6118143459915611,0.22945121081235326,0.30792227204783257,0.8865740740740741,-1.3681462140992167,2.088772845953003,0.4375,0.6203703703703703
2354,0.16666666666666666,0.6118143459915611,0.26196928635953026,0.3243647234678625,0.8865740740740741,-1.3942558746736293,2.1827676240208875,0.41898148148148145,0.5995370370370371
2355,0.13425925925925927,0.6118143459915611,0.2201974183750949,0.3034379671150972,0.8865740740740741,-1.475195822454308,2.1592689295039165,0.44212962962962965,0.6134259259259259
2356,0.18518518518518517,0.6118143459915611,0.284313725490196,0.336322869955157,0.8865740740740741,-1.6553524804177546,2.16710182767624,0.43287037037037035,0.6018518518518519
2357,0.1388888888888889,0.6118143459915611,0.22638563622170177,0.3064275037369208,0.8865740740740741,-1.587467362924282,2.177545691906005,0.4305555555555556,0.6157407407407407
2358,0.1527777777777778,0.6118143459915611,0.24450065149076416,0.3153961136023916,0.8865740740740741,-1.650130548302872,2.177545691906005,0.41203703703703703,0.5879629629629629
2359,0.15046296296296297,0.6118143459915611,0.2415273239797553,0.31390134529147984,0.8865740740740741,-1.433420365535248,2.0809399477806787,0.4351851851851852,0.6134259259259259
2360,0.15046296296296297,0.6118143459915611,0.2415273239797553,0.31390134529147984,0.8865740740740741,-1.5065274151436032,2.122715404699739,0.4097222222222222,0.6296296296296297
2361,0.1527777777777778,0.6118143459915611,0.24450065149076416,0.3153961136023916,0.8865740740740741,-1.3159268929503916,2.0,0.4398148148148148,0.625
2362,0.18055555555555555,0.6118143459915611,0.27882553065601656,0.3333333333333333,0.8865740740740741,-1.4099216710182767,2.010443864229765,0.4513888888888889,0.6342592592592593
2363,0.1527777777777778,0.6118143459915611,0.24450065149076416,0.3153961136023916,0.8865740740740741,-1.4647519582245432,2.117493472584856,0.41898148148148145,0.6041666666666666
2364,0.17824074074074073,0.6118143459915611,0.27605731310808634,0.33183856502242154,0.8865740740740741,-1.516971279373368,2.1070496083550916,0.42592592592592593,0.6018518518518519
2365,0.1550925925925926,0.6118143459915611,0.24745602975076095,0.31689088191330345,0.8865740740740741,-1.4360313315926894,2.0417754569190603,0.4537037037037037,0.6296296296296297
2366,0.1527777777777778,0.6118143459915611,0.24450065149076416,0.3153961136023916,0.8865740740740741,-1.4595300261096606,2.1488250652741514,0.42824074074074076,0.6111111111111112
2367,0.16898148148148148,0.6118143459915611,0.264820304974919,0.32585949177877427,0.8865740740740741,-1.4647519582245432,2.039164490861619,0.4398148148148148,0.6273148148148148
2368,0.16666666666666666,0.6118143459915611,0.26196928635953026,0.3243647234678625,0.8865740740740741,-1.433420365535248,2.044386422976501,0.43287037037037035,0.6412037037037037
2369,0.16666666666666666,0.6118143459915611,0.26196928635953026,0.3243647234678625,0.8865740740740741,-1.4360313315926894,2.0365535248041775,0.46296296296296297,0.6342592592592593
2370,0.16666666666666666,0.6118143459915611,0.26196928635953026,0.3243647234678625,0.8865740740740741,-1.485639686684073,2.039164490861619,0.4513888888888889,0.6296296296296297
2371,0.1574074074074074,0.6118143459915611,0.2503936208034943,0.3183856502242152,0.8865740740740741,-1.5378590078328982,2.060052219321149,0.43287037037037035,0.6203703703703703
2372,0.16666666666666666,0.6118143459915611,0.26196928635953026,0.3243647234678625,0.8865740740740741,-1.3890339425587468,2.1096605744125325,0.4305555555555556,0.6087962962962963
2373,0.19444444444444445,0.6118143459915611,0.2951010321267626,0.3423019431988042,0.8865740740740741,-1.4046997389033942,1.9791122715404699,0.4722222222222222,0.6365740740740741
2374,0.19212962962962962,0.6118143459915611,0.2924275005770796,0.34080717488789236,0.8865740740740741,-1.4099216710182767,2.0156657963446474,0.43287037037037035,0.6157407407407407
2375,0.1875,0.6118143459915611,0.28703398218409765,0.33781763826606875,0.8865740740740741,-1.3812010443864229,1.9556135770234986,0.4652777777777778,0.6412037037037037
2376,0.17592592592592593,0.6118143459915611,0.27327282646431583,0.3303437967115097,0.8865740740740741,-1.4255874673629243,2.0052219321148823,0.4513888888888889,0.6365740740740741
2377,0.1527777777777778,0.6118143459915611,0.24450065149076416,0.3153961136023916,0.8865740740740741,-1.5039164490861618,2.10443864229765,0.42592592592592593,0.6365740740740741
2378,0.19444444444444445,0.6118143459915611,0.2951010321267626,0.3423019431988042,0.8865740740740741,-1.4099216710182767,1.9947780678851175,0.4583333333333333,0.6458333333333334
2379,0.1712962962962963,0.6118143459915611,0.26765446880690463,0.3273542600896861,0.8865740740740741,-1.3994778067885119,2.1096605744125325,0.4212962962962963,0.6203703703703703
2380,0.1574074074074074,0.6118143459915611,0.2503936208034943,0.3183856502242152,0.8865740740740741,-1.5195822454308094,2.2088772845953004,0.4097222222222222,0.5995370370370371
2381,0.15046296296296297,0.6118143459915611,0.2415273239797553,0.31390134529147984,0.8865740740740741,-1.3655352480417755,2.0704960835509136,0.4212962962962963,0.6203703703703703
2382,0.18981481481481483,0.6118143459915611,0.2897385286448815,0.3393124065769806,0.8865740740740741,-1.412532637075718,1.9817232375979112,0.44675925925925924,0.6458333333333334
2383,0.19212962962962962,0.6118143459915611,0.2924275005770796,0.34080717488789236,0.8865740740740741,-1.5404699738903394,1.9634464751958225,0.4652777777777778,0.6412037037037037
2384,0.17592592592592593,0.6118143459915611,0.27327282646431583,0.3303437967115097,0.8865740740740741,-1.5378590078328982,2.028720626631854,0.4398148148148148,0.6203703703703703
2385,0.16898148148148148,0.6118143459915611,0.264820304974919,0.32585949177877427,0.8865740740740741,-1.3733681462140992,2.073107049608355,0.4351851851851852,0.625
2386,0.1736111111111111,0.6118143459915611,0.2704719268793136,0.32884902840059793,0.8865740740740741,-1.4778067885117494,2.0261096605744124,0.45601851851851855,0.6342592592592593
2387,0.1574074074074074,0.6118143459915611,0.2503936208034943,0.3183856502242152,0.8865740740740741,-1.3968668407310705,2.0861618798955615,0.4305555555555556,0.6157407407407407
2388,0.16666666666666666,0.6118143459915611,0.26196928635953026,0.3243647234678625,0.8865740740740741,-1.6370757180156659,2.122715404699739,0.4097222222222222,0.5902777777777778
2389,0.1597222222222222,0.6118143459915611,0.25331358474801563,0.31988041853512705,0.8865740740740741,-1.475195822454308,2.039164490861619,0.45601851851851855,0.6273148148148148
2390,0.14583333333333334,0.6118143459915611,0.2355261631279731,0.3109118086696562,0.8865740740740741,-1.3942558746736293,2.0574412532637076,0.41203703703703703,0.6319444444444444
2391,0.17824074074074073,0.6118143459915611,0.27605731310808634,0.33183856502242154,0.8865740740740741,-1.4464751958224542,2.0678851174934727,0.44907407407407407,0.6111111111111112
2392,0.14814814814814814,0.6118143459915611,0.23853588319967095,0.312406576980568,0.8865740740740741,-1.483028720626632,2.1096605744125325,0.41435185185185186,0.6226851851851852
2393,0.17824074074074073,0.6118143459915611,0.27605731310808634,0.33183856502242154,0.8865740740740741,-1.4308093994778068,2.10443864229765,0.4305555555555556,0.6087962962962963
2394,0.16666666666666666,0.6118143459915611,0.26196928635953026,0.3243647234678625,0.8865740740740741,-1.2924281984334203,1.9765013054830287,0.4351851851851852,0.6388888888888888
2395,0.1574074074074074,0.6118143459915611,0.2503936208034943,0.3183856502242152,0.8865740740740741,-1.4960835509138382,2.0913838120104438,0.4212962962962963,0.6296296296296297
2396,0.20833333333333334,0.6118143459915611,0.3108252947481243,0.351270553064275,0.8865740740740741,-1.2715404699738904,1.9973890339425588,0.44907407407407407,0.6342592592592593
2397,0.1412037037037037,0.6118143459915611,0.22945121081235326,0.30792227204783257,0.8865740740740741,-1.4490861618798956,2.0757180156657964,0.4398148148148148,0.6111111111111112
2398,0.16666666666666666,0.6118143459915611,0.26196928635953026,0.3243647234678625,0.8865740740740741,-1.4804177545691906,2.143603133159269,0.4375,0.6041666666666666
2399,0.1412037037037037,0.6118143459915611,0.22945121081235326,0.30792227204783257,0.8865740740740741,-1.4804177545691906,2.101827676240209,0.44212962962962965,0.625
2400,0.1712962962962963,0.6118143459915611,0.26765446880690463,0.3273542600896861,0.8865740740740741,-1.4046997389033942,2.1305483028720626,0.44212962962962965,0.6018518518518519
2401,0.18055555555555555,0.6118143459915611,0.27882553065601656,0.3333333333333333,0.8865740740740741,-1.3890339425587468,1.9738903394255876,0.44907407407407407,0.6296296296296297
2402,0.13425925925925927,0.6118143459915611,0.2201974183750949,0.3034379671150972,0.8865740740740741,-1.4725848563968669,2.1409921671018277,0.4351851851851852,0.6203703703703703
2403,0.15046296296296297,0.6118143459915611,0.2415273239797553,0.31390134529147984,0.8865740740740741,-1.4308093994778068,2.0469973890339426,0.44212962962962965,0.6319444444444444
2404,0.1597222222222222,0.6118143459915611,0.25331358474801563,0.31988041853512705,0.8865740740740741,-1.3263707571801566,1.968668407310705,0.47453703703703703,0.6481481481481481
2405,0.1875,0.6118143459915611,0.28703398218409765,0.33781763826606875,0.8865740740740741,-1.2924281984334203,1.9399477806788512,0.4583333333333333,0.6504629629629629
2406,0.1574074074074074,0.6118143459915611,0.2503936208034943,0.3183856502242152,0.8865740740740741,-1.4386422976501305,2.0861618798955615,0.4050925925925926,0.6458333333333334
2407,0.18055555555555555,0.6118143459915611,0.27882553065601656,0.3333333333333333,0.8865740740740741,-1.4673629242819843,2.0,0.46064814814814814,0.6296296296296297
2408,0.1550925925925926,0.6118143459915611,0.24745602975076095,0.31689088191330345,0.8865740740740741,-1.3733681462140992,2.0783289817232378,0.4351851851851852,0.6018518518518519
2409,0.15046296296296297,0.6118143459915611,0.2415273239797553,0.31390134529147984,0.8865740740740741,-1.3994778067885119,2.135770234986945,0.4236111111111111,0.625
2410,0.19444444444444445,0.6118143459915611,0.2951010321267626,0.3423019431988042,0.8865740740740741,-1.3838120104438643,1.989556135770235,0.45601851851851855,0.6342592592592593
2411,0.18518518518518517,0.6118143459915611,0.284313725490196,0.336322869955157,0.8865740740740741,-1.5613577023498695,2.052219321148825,0.4583333333333333,0.6226851851851852
2412,0.14351851851851852,0.6118143459915611,0.23249799570693358,0.3094170403587444,0.8865740740740741,-1.5639686684073106,2.154046997389034,0.42824074074074076,0.6064814814814815
2413,0.1597222222222222,0.6118143459915611,0.25331358474801563,0.31988041853512705,0.8865740740740741,-1.3577023498694516,2.010443864229765,0.44907407407407407,0.6273148148148148
2414,0.1550925925925926,0.6118143459915611,0.24745602975076095,0.31689088191330345,0.8865740740740741,-1.3237597911227155,1.9556135770234986,0.48148148148148145,0.6504629629629629
2415,0.16666666666666666,0.6118143459915611,0.26196928635953026,0.3243647234678625,0.8865740740740741,-1.5300261096605745,2.08355091383812,0.4236111111111111,0.6157407407407407
2416,0.16203703703703703,0.6118143459915611,0.2562160797677647,0.3213751868460389,0.8865740740740741,-1.5404699738903394,2.1305483028720626,0.43287037037037035,0.6041666666666666
2417,0.14583333333333334,0.6118143459915611,0.2355261631279731,0.3109118086696562,0.8865740740740741,-1.276762402088773,2.0913838120104438,0.42592592592592593,0.6134259259259259
2418,0.1574074074074074,0.6118143459915611,0.2503936208034943,0.3183856502242152,0.8865740740740741,-1.441253263707572,2.0261096605744124,0.4212962962962963,0.6296296296296297
2419,0.17592592592592593,0.6118143459915611,0.27327282646431583,0.3303437967115097,0.8865740740740741,-1.5404699738903394,2.1148825065274153,0.4398148148148148,0.6134259259259259
2420,0.16898148148148148,0.6118143459915611,0.264820304974919,0.32585949177877427,0.8865740740740741,-1.577023498694517,2.161879895561358,0.4305555555555556,0.5995370370370371
2421,0.16666666666666666,0.6118143459915611,0.26196928635953026,0.3243647234678625,0.8865740740740741,-1.4882506527415145,2.073107049608355,0.4236111111111111,0.6203703703703703
2422,0.15046296296296297,0.6118143459915611,0.2415273239797553,0.31390134529147984,0.8865740740740741,-1.4960835509138382,2.1383812010443863,0.41898148148148145,0.6157407407407407
2423,0.19444444444444445,0.6118143459915611,0.2951010321267626,0.3423019431988042,0.8865740740740741,-1.3994778067885119,1.9373368146214098,0.4675925925925926,0.6527777777777778
2424,0.1527777777777778,0.6118143459915611,0.24450065149076416,0.3153961136023916,0.8865740740740741,-1.5456919060052219,2.14621409921671,0.3958333333333333,0.5972222222222222
2425,0.1736111111111111,0.6118143459915611,0.2704719268793136,0.32884902840059793,0.8865740740740741,-1.4595300261096606,2.117493472584856,0.41203703703703703,0.6134259259259259
2426,0.15046296296296297,0.6118143459915611,0.2415273239797553,0.31390134529147984,0.8865740740740741,-1.5509138381201044,2.1253263707571803,0.4166666666666667,0.6342592592592593
2427,0.14583333333333334,0.6118143459915611,0.2355261631279731,0.3109118086696562,0.8865740740740741,-1.485639686684073,2.1488250652741514,0.43287037037037035,0.6180555555555556
2428,0.1550925925925926,0.6118143459915611,0.24745602975076095,0.31689088191330345,0.8865740740740741,-1.4177545691906006,2.0861618798955615,0.4375,0.6064814814814815
2429,0.16898148148148148,0.6118143459915611,0.264820304974919,0.32585949177877427,0.8865740740740741,-1.5195822454308094,2.0365535248041775,0.4305555555555556,0.625
2430,0.17592592592592593,0.6118143459915611,0.27327282646431583,0.3303437967115097,0.8865740740740741,-1.4203655352480418,1.9373368146214098,0.46296296296296297,0.6435185185185185
2431,0.16898148148148148,0.6118143459915611,0.264820304974919,0.32585949177877427,0.8865740740740741,-1.5352480417754568,2.0783289817232378,0.4212962962962963,0.6064814814814815
2432,0.1527777777777778,0.6118143459915611,0.24450065149076416,0.3153961136023916,0.8865740740740741,-1.5404699738903394,2.1148825065274153,0.4236111111111111,0.6203703703703703
2433,0.18981481481481483,0.6118143459915611,0.2897385286448815,0.3393124065769806,0.8865740740740741,-1.3420365535248042,1.9947780678851175,0.44212962962962965,0.6504629629629629
2434,0.16666666666666666,0.6118143459915611,0.26196928635953026,0.3243647234678625,0.8865740740740741,-1.2924281984334203,2.044386422976501,0.4305555555555556,0.625
2435,0.1712962962962963,0.6118143459915611,0.26765446880690463,0.3273542600896861,0.8865740740740741,-1.3942558746736293,2.073107049608355,0.4398148148148148,0.6180555555555556
2436,0.16435185185185186,0.6118143459915611,0.25910126215913526,0.32286995515695066,0.8865740740740741,-1.4073107049608355,2.0548302872062663,0.43287037037037035,0.6226851851851852
2437,0.1527777777777778,0.6118143459915611,0.24450065149076416,0.3153961136023916,0.8865740740740741,-1.3394255874673628,2.0809399477806787,0.44907407407407407,0.6273148148148148
2438,0.18518518518518517,0.6118143459915611,0.284313725490196,0.336322869955157,0.8865740740740741,-1.4516971279373367,2.010443864229765,0.4351851851851852,0.6296296296296297
2439,0.1412037037037037,0.6118143459915611,0.22945121081235326,0.30792227204783257,0.8865740740740741,-1.3812010443864229,2.154046997389034,0.4097222222222222,0.6041666666666666
2440,0.16203703703703703,0.6118143459915611,0.2562160797677647,0.3213751868460389,0.8865740740740741,-1.4281984334203655,2.0861618798955615,0.4305555555555556,0.6226851851851852
2441,0.16435185185185186,0.6118143459915611,0.25910126215913526,0.32286995515695066,0.8865740740740741,-1.5065274151436032,2.1697127937336815,0.41203703703703703,0.6018518518518519
2442,0.18981481481481483,0.6118143459915611,0.2897385286448815,0.3393124065769806,0.8865740740740741,-1.4778067885117494,2.052219321148825,0.44675925925925924,0.5949074074074074
2443,0.13194444444444445,0.6118143459915611,0.21707441988732618,0.30194319880418535,0.8865740740740741,-1.5639686684073106,2.164490861618799,0.4305555555555556,0.6111111111111112
2444,0.16203703703703703,0.6118143459915611,0.2562160797677647,0.3213751868460389,0.8865740740740741,-1.5221932114882506,2.1697127937336815,0.4236111111111111,0.5879629629629629
2445,0.1550925925925926,0.6118143459915611,0.24745602975076095,0.31689088191330345,0.8865740740740741,-1.5613577023498695,2.1096605744125325,0.4305555555555556,0.6203703703703703
2446,0.17592592592592593,0.6118143459915611,0.27327282646431583,0.3303437967115097,0.8865740740740741,-1.3864229765013054,2.028720626631854,0.44907407407407407,0.6157407407407407
2447,0.17592592592592593,0.6118143459915611,0.27327282646431583,0.3303437967115097,0.8865740740740741,-1.577023498694517,2.1201044386422976,0.42824074074074076,0.6087962962962963
2448,0.14583333333333334,0.6118143459915611,0.2355261631279731,0.3109118086696562,0.8865740740740741,-1.3864229765013054,2.0182767624020888,0.4583333333333333,0.6481481481481481
2449,0.17592592592592593,0.6118143459915611,0.27327282646431583,0.3303437967115097,0.8865740740740741,-1.4099216710182767,2.1305483028720626,0.4236111111111111,0.5902777777777778
2450,0.1736111111111111,0.6118143459915611,0.2704719268793136,0.32884902840059793,0.8865740740740741,-1.5274151436031331,2.060052219321149,0.44675925925925924,0.6226851851851852
2451,0.16898148148148148,0.6118143459915611,0.264820304974919,0.32585949177877427,0.8865740740740741,-1.4281984334203655,1.9608355091383811,0.4537037037037037,0.6180555555555556
2452,0.16666666666666666,0.6118143459915611,0.26196928635953026,0.3243647234678625,0.8865740740740741,-1.556135770234987,2.1096605744125325,0.4398148148148148,0.6087962962962963
2453,0.1574074074074074,0.6118143459915611,0.2503936208034943,0.3183856502242152,0.8865740740740741,-1.5404699738903394,2.1409921671018277,0.39814814814814814,0.6273148148148148
2454,0.18287037037037038,0.6118143459915611,0.28157762127748487,0.33482810164424515,0.8865740740740741,-1.4960835509138382,2.0757180156657964,0.42592592592592593,0.6157407407407407
2455,0.17592592592592593,0.6118143459915611,0.27327282646431583,0.3303437967115097,0.8865740740740741,-1.597911227154047,2.156657963446475,0.4444444444444444,0.6018518518518519
2456,0.17592592592592593,0.6118143459915611,0.27327282646431583,0.3303437967115097,0.8865740740740741,-1.4308093994778068,2.010443864229765,0.4513888888888889,0.6296296296296297
2457,0.14814814814814814,0.6118143459915611,0.23853588319967095,0.312406576980568,0.8865740740740741,-1.5691906005221932,2.1488250652741514,0.42592592592592593,0.6087962962962963
2458,0.17824074074074073,0.6118143459915611,0.27605731310808634,0.33183856502242154,0.8865740740740741,-1.433420365535248,2.044386422976501,0.4398148148148148,0.6226851851851852
2459,0.16666666666666666,0.6118143459915611,0.26196928635953026,0.3243647234678625,0.8865740740740741,-1.5613577023498695,2.0783289817232378,0.44675925925925924,0.6203703703703703
2460,0.1712962962962963,0.6118143459915611,0.26765446880690463,0.3273542600896861,0.8865740740740741,-1.4673629242819843,2.073107049608355,0.43287037037037035,0.6226851851851852
2461,0.1574074074074074,0.6118143459915611,0.2503936208034943,0.3183856502242152,0.8865740740740741,-1.5509138381201044,2.0783289817232378,0.42824074074074076,0.6157407407407407
2462,0.15046296296296297,0.6118143459915611,0.2415273239797553,0.31390134529147984,0.8865740740740741,-1.3681462140992167,2.1984334203655354,0.41203703703703703,0.5856481481481481
2463,0.16666666666666666,0.6118143459915611,0.26196928635953026,0.3243647234678625,0.8865740740740741,-1.328981723237598,2.0130548302872064,0.4398148148148148,0.6365740740740741
2464,0.18981481481481483,0.6118143459915611,0.2897385286448815,0.3393124065769806,0.8865740740740741,-1.360313315926893,2.0809399477806787,0.4236111111111111,0.6111111111111112
2465,0.1527777777777778,0.6118143459915611,0.24450065149076416,0.3153961136023916,0.8865740740740741,-1.5744125326370757,2.2010443864229763,0.39814814814814814,0.6018518518518519
2466,0.16435185185185186,0.6118143459915611,0.25910126215913526,0.32286995515695066,0.8865740740740741,-1.402088772845953,1.9973890339425588,0.46064814814814814,0.6458333333333334
2467,0.15046296296296297,0.6118143459915611,0.2415273239797553,0.31390134529147984,0.8865740740740741,-1.6057441253263707,2.1592689295039165,0.41435185185185186,0.6041666666666666
2468,0.1527777777777778,0.6118143459915611,0.24450065149076416,0.3153961136023916,0.8865740740740741,-1.3890339425587468,2.0783289817232378,0.41203703703703703,0.6388888888888888
2469,0.1597222222222222,0.6118143459915611,0.25331358474801563,0.31988041853512705,0.8865740740740741,-1.391644908616188,2.0548302872062663,0.4351851851851852,0.6319444444444444
2470,0.15046296296296297,0.6118143459915611,0.2415273239797553,0.31390134529147984,0.8865740740740741,-1.3968668407310705,2.117493472584856,0.4351851851851852,0.6226851851851852
2471,0.1412037037037037,0.6118143459915611,0.22945121081235326,0.30792227204783257,0.8865740740740741,-1.516971279373368,2.1488250652741514,0.4166666666666667,0.5995370370370371
2472,0.17592592592592593,0.6118143459915611,0.27327282646431583,0.3303437967115097,0.8865740740740741,-1.4699738903394255,2.133159268929504,0.4236111111111111,0.6064814814814815
2473,0.1574074074074074,0.6118143459915611,0.2503936208034943,0.3183856502242152,0.8865740740740741,-1.4647519582245432,2.0913838120104438,0.44212962962962965,0.6203703703703703
2474,0.16203703703703703,0.6118143459915611,0.2562160797677647,0.3213751868460389,0.8865740740740741,-1.3759791122715406,2.0861618798955615,0.46296296296296297,0.6180555555555556
2475,0.14814814814814814,0.6118143459915611,0.23853588319967095,0.312406576980568,0.8865740740740741,-1.6161879895561357,2.117493472584856,0.4212962962962963,0.6041666666666666
2476,0.14583333333333334,0.6118143459915611,0.2355261631279731,0.3109118086696562,0.8865740740740741,-1.6684073107049608,2.117493472584856,0.4305555555555556,0.6412037037037037
2477,0.17824074074074073,0.6118143459915611,0.27605731310808634,0.33183856502242154,0.8865740740740741,-1.5091383812010444,1.9634464751958225,0.4351851851851852,0.6481481481481481
2478,0.13657407407407407,0.6118143459915611,0.22330109758166605,0.30493273542600896,0.8865740740740741,-1.4778067885117494,2.1253263707571803,0.4398148148148148,0.6273148148148148
2479,0.1574074074074074,0.6118143459915611,0.2503936208034943,0.3183856502242152,0.8865740740740741,-1.6005221932114881,2.133159268929504,0.4236111111111111,0.6064814814814815
2480,0.1550925925925926,0.6118143459915611,0.24745602975076095,0.31689088191330345,0.8865740740740741,-1.5509138381201044,2.1253263707571803,0.42824074074074076,0.6203703703703703
2481,0.1550925925925926,0.6118143459915611,0.24745602975076095,0.31689088191330345,0.8865740740740741,-1.5091383812010444,2.0,0.42592592592592593,0.6388888888888888
2482,0.13194444444444445,0.6118143459915611,0.21707441988732618,0.30194319880418535,0.8865740740740741,-1.4673629242819843,2.0678851174934727,0.4351851851851852,0.6527777777777778
2483,0.16898148148148148,0.6118143459915611,0.264820304974919,0.32585949177877427,0.8865740740740741,-1.5039164490861618,2.10443864229765,0.4351851851851852,0.6226851851851852
2484,0.1597222222222222,0.6118143459915611,0.25331358474801563,0.31988041853512705,0.8865740740740741,-1.485639686684073,2.1906005221932117,0.41898148148148145,0.6064814814814815
2485,0.17824074074074073,0.6118143459915611,0.27605731310808634,0.33183856502242154,0.8865740740740741,-1.3472584856396868,2.1148825065274153,0.43287037037037035,0.6203703703703703
2486,0.18287037037037038,0.6118143459915611,0.28157762127748487,0.33482810164424515,0.8865740740740741,-1.4516971279373367,1.9947780678851175,0.4351851851851852,0.6203703703703703
2487,0.16898148148148148,0.6118143459915611,0.264820304974919,0.32585949177877427,0.8865740740740741,-1.3968668407310705,1.9138381201044385,0.4722222222222222,0.6481481481481481
2488,0.1574074074074074,0.6118143459915611,0.2503936208034943,0.3183856502242152,0.8865740740740741,-1.5404699738903394,2.08355091383812,0.4305555555555556,0.6134259259259259
2489,0.1412037037037037,0.6118143459915611,0.22945121081235326,0.30792227204783257,0.8865740740740741,-1.4360313315926894,2.08355091383812,0.4375,0.6412037037037037
2490,0.1712962962962963,0.6118143459915611,0.26765446880690463,0.3273542600896861,0.8865740740740741,-1.4386422976501305,2.044386422976501,0.44907407407407407,0.6412037037037037
2491,0.16666666666666666,0.6118143459915611,0.26196928635953026,0.3243647234678625,0.8865740740740741,-1.587467362924282,2.0261096605744124,0.4375,0.6296296296296297
2492,0.14814814814814814,0.6118143459915611,0.23853588319967095,0.312406576980568,0.8865740740740741,-1.4673629242819843,2.0469973890339426,0.4305555555555556,0.6296296296296297
2493,0.1574074074074074,0.6118143459915611,0.2503936208034943,0.3183856502242152,0.8865740740740741,-1.5195822454308094,2.1096605744125325,0.4166666666666667,0.6226851851851852
2494,0.1736111111111111,0.6118143459915611,0.2704719268793136,0.32884902840059793,0.8865740740740741,-1.4725848563968669,1.9738903394255876,0.4513888888888889,0.6388888888888888
2495,0.17824074074074073,0.6118143459915611,0.27605731310808634,0.33183856502242154,0.8865740740740741,-1.5509138381201044,2.1253263707571803,0.4375,0.6134259259259259
2496,0.1736111111111111,0.6118143459915611,0.2704719268793136,0.32884902840059793,0.8865740740740741,-1.558746736292428,2.101827676240209,0.4212962962962963,0.6064814814814815
2497,0.1712962962962963,0.6118143459915611,0.26765446880690463,0.3273542600896861,0.8865740740740741,-1.3629242819843341,2.0678851174934727,0.44907407407407407,0.6226851851851852
2498,0.18518518518518517,0.6118143459915611,0.284313725490196,0.336322869955157,0.8865740740740741,-1.2845953002610966,1.9425587467362924,0.46296296296296297,0.6504629629629629
2499,0.1597222222222222,0.6118143459915611,0.25331358474801563,0.31988041853512705,0.8865740740740741,-1.5639686684073106,2.1697127937336815,0.41203703703703703,0.6111111111111112
2500,0.18287037037037038,0.6118143459915611,0.28157762127748487,0.33482810164424515,0.8865740740740741,-1.3681462140992167,2.0678851174934727,0.4351851851851852,0.6018518518518519
2501,0.1574074074074074,0.6118143459915611,0.2503936208034943,0.3183856502242152,0.8865740740740741,-1.4673629242819843,2.0156657963446474,0.4305555555555556,0.6296296296296297
2502,0.16666666666666666,0.6118143459915611,0.26196928635953026,0.3243647234678625,0.8865740740740741,-1.5796344647519582,2.0130548302872064,0.44675925925925924,0.6481481481481481
2503,0.1550925925925926,0.6118143459915611,0.24745602975076095,0.31689088191330345,0.8865740740740741,-1.4934725848563968,2.073107049608355,0.4444444444444444,0.6273148148148148
2504,0.1550925925925926,0.6118143459915611,0.24745602975076095,0.31689088191330345,0.8865740740740741,-1.4490861618798956,2.1801566579634466,0.42592592592592593,0.5949074074074074
2505,0.19212962962962962,0.6118143459915611,0.2924275005770796,0.34080717488789236,0.8865740740740741,-1.566579634464752,1.968668407310705,0.46064814814814814,0.6342592592592593
2506,0.18518518518518517,0.6118143459915611,0.284313725490196,0.336322869955157,0.8865740740740741,-1.4464751958224542,2.0469973890339426,0.4513888888888889,0.6319444444444444
2507,0.16435185185185186,0.6118143459915611,0.25910126215913526,0.32286995515695066,0.8865740740740741,-1.5300261096605745,2.1096605744125325,0.4398148148148148,0.6203703703703703
2508,0.16666666666666666,0.6118143459915611,0.26196928635953026,0.3243647234678625,0.8865740740740741,-1.4595300261096606,2.0861618798955615,0.43287037037037035,0.6087962962962963
2509,0.1087962962962963,0.6118143459915611,0.18474091543664187,0.28699551569506726,0.8865740740740741,-1.516971279373368,2.2323759791122715,0.41898148148148145,0.5949074074074074
2510,0.1550925925925926,0.6118143459915611,0.24745602975076095,0.31689088191330345,0.8865740740740741,-1.4177545691906006,2.0548302872062663,0.44907407407407407,0.6435185185185185
2511,0.16666666666666666,0.6118143459915611,0.26196928635953026,0.3243647234678625,0.8865740740740741,-1.4490861618798956,2.039164490861619,0.44212962962962965,0.6412037037037037
2512,0.1412037037037037,0.6118143459915611,0.22945121081235326,0.30792227204783257,0.8865740740740741,-1.4804177545691906,2.1070496083550916,0.4305555555555556,0.625
2513,0.1388888888888889,0.6118143459915611,0.22638563622170177,0.3064275037369208,0.8865740740740741,-1.4281984334203655,2.0861618798955615,0.43287037037037035,0.6435185185185185
2514,0.1574074074074074,0.6118143459915611,0.2503936208034943,0.3183856502242152,0.8865740740740741,-1.4099216710182767,2.1096605744125325,0.4537037037037037,0.625
2515,0.1388888888888889,0.6118143459915611,0.22638563622170177,0.3064275037369208,0.8865740740740741,-1.3315926892950392,2.073107049608355,0.42824074074074076,0.6296296296296297
2516,0.16666666666666666,0.6118143459915611,0.26196928635953026,0.3243647234678625,0.8865740740740741,-1.4569190600522193,2.1827676240208875,0.4166666666666667,0.6111111111111112
2517,0.1875,0.6118143459915611,0.28703398218409765,0.33781763826606875,0.8865740740740741,-1.5352480417754568,2.0783289817232378,0.42592592592592593,0.6180555555555556
2518,0.16666666666666666,0.6118143459915611,0.26196928635953026,0.3243647234678625,0.8865740740740741,-1.3838120104438643,1.9843342036553524,0.4513888888888889,0.6296296296296297
2519,0.16898148148148148,0.6118143459915611,0.264820304974919,0.32585949177877427,0.8865740740740741,-1.4203655352480418,2.0417754569190603,0.4305555555555556,0.6296296296296297
2520,0.1574074074074074,0.6118143459915611,0.2503936208034943,0.3183856502242152,0.8865740740740741,-1.3838120104438643,2.10443864229765,0.42592592592592593,0.6041666666666666
2521,0.1574074074074074,0.6118143459915611,0.2503936208034943,0.3183856502242152,0.8865740740740741,-1.4882506527415145,2.0469973890339426,0.46064814814814814,0.6273148148148148
2522,0.1574074074074074,0.6118143459915611,0.2503936208034943,0.3183856502242152,0.8865740740740741,-1.566579634464752,2.093994778067885,0.4305555555555556,0.6180555555555556
2523,0.17824074074074073,0.6118143459915611,0.27605731310808634,0.33183856502242154,0.8865740740740741,-1.514360313315927,1.989556135770235,0.44907407407407407,0.6365740740740741
2524,0.1597222222222222,0.6118143459915611,0.25331358474801563,0.31988041853512705,0.8865740740740741,-1.5483028720626633,2.1801566579634466,0.4027777777777778,0.5902777777777778
2525,0.16898148148148148,0.6118143459915611,0.264820304974919,0.32585949177877427,0.8865740740740741,-1.4543080939947781,2.0652741514360313,0.44907407407407407,0.6134259259259259
2526,0.16898148148148148,0.6118143459915611,0.264820304974919,0.32585949177877427,0.8865740740740741,-1.4699738903394255,2.112271540469974,0.44212962962962965,0.6087962962962963
2527,0.1712962962962963,0.6118143459915611,0.26765446880690463,0.3273542600896861,0.8865740740740741,-1.4647519582245432,2.044386422976501,0.4236111111111111,0.6180555555555556
2528,0.18055555555555555,0.6118143459915611,0.27882553065601656,0.3333333333333333,0.8865740740740741,-1.4595300261096606,2.028720626631854,0.4675925925925926,0.6319444444444444
2529,0.16666666666666666,0.6118143459915611,0.26196928635953026,0.3243647234678625,0.8865740740740741,-1.370757180156658,1.9660574412532636,0.4398148148148148,0.6504629629629629
2530,0.13657407407407407,0.6118143459915611,0.22330109758166605,0.30493273542600896,0.8865740740740741,-1.4960835509138382,2.164490861618799,0.4212962962962963,0.625
2531,0.17824074074074073,0.6118143459915611,0.27605731310808634,0.33183856502242154,0.8865740740740741,-1.4725848563968669,1.9843342036553524,0.4513888888888889,0.6574074074074074
2532,0.16666666666666666,0.6118143459915611,0.26196928635953026,0.3243647234678625,0.8865740740740741,-1.4490861618798956,1.9817232375979112,0.4722222222222222,0.6527777777777778
2533,0.16666666666666666,0.6118143459915611,0.26196928635953026,0.3243647234678625,0.8865740740740741,-1.4960835509138382,2.0704960835509136,0.45601851851851855,0.6273148148148148
2534,0.16203703703703703,0.6118143459915611,0.2562160797677647,0.3213751868460389,0.8865740740740741,-1.4046997389033942,1.9947780678851175,0.46296296296296297,0.6342592592592593
2535,0.18518518518518517,0.6118143459915611,0.284313725490196,0.336322869955157,0.8865740740740741,-1.4543080939947781,2.033942558746736,0.45601851851851855,0.6319444444444444
2536,0.12731481481481483,0.6118143459915611,0.21076973901552695,0.29895366218236175,0.8865740740740741,-1.4543080939947781,2.1697127937336815,0.4166666666666667,0.6087962962962963
2537,0.12962962962962962,0.6118143459915611,0.2139319211718832,0.3004484304932735,0.8865740740740741,-1.597911227154047,2.135770234986945,0.39814814814814814,0.6157407407407407
2538,0.18518518518518517,0.6118143459915611,0.284313725490196,0.336322869955157,0.8865740740740741,-1.514360313315927,2.0417754569190603,0.45601851851851855,0.6018518518518519
2539,0.1527777777777778,0.6118143459915611,0.24450065149076416,0.3153961136023916,0.8865740740740741,-1.4308093994778068,1.968668407310705,0.42824074074074076,0.6365740740740741
2540,0.1712962962962963,0.6118143459915611,0.26765446880690463,0.3273542600896861,0.8865740740740741,-1.443864229765013,2.0809399477806787,0.4444444444444444,0.6180555555555556
2541,0.16898148148148148,0.6118143459915611,0.264820304974919,0.32585949177877427,0.8865740740740741,-1.5300261096605745,2.073107049608355,0.43287037037037035,0.6018518518518519
2542,0.16203703703703703,0.6118143459915611,0.2562160797677647,0.3213751868460389,0.8865740740740741,-1.4934725848563968,2.06266318537859,0.45601851851851855,0.6180555555555556
2543,0.16203703703703703,0.6118143459915611,0.2562160797677647,0.3213751868460389,0.8865740740740741,-1.475195822454308,2.033942558746736,0.4444444444444444,0.6226851851851852
2544,0.14814814814814814,0.6118143459915611,0.23853588319967095,0.312406576980568,0.8865740740740741,-1.4281984334203655,2.174934725848564,0.41435185185185186,0.5879629629629629
2545,0.1597222222222222,0.6118143459915611,0.25331358474801563,0.31988041853512705,0.8865740740740741,-1.441253263707572,2.010443864229765,0.4675925925925926,0.6412037037037037
2546,0.1412037037037037,0.6118143459915611,0.22945121081235326,0.30792227204783257,0.8865740740740741,-1.4490861618798956,2.133159268929504,0.3888888888888889,0.6342592592592593
2547,0.16666666666666666,0.6118143459915611,0.26196928635953026,0.3243647234678625,0.8865740740740741,-1.412532637075718,2.039164490861619,0.4351851851851852,0.6319444444444444
2548,0.1527777777777778,0.6118143459915611,0.24450065149076416,0.3153961136023916,0.8865740740740741,-1.483028720626632,2.088772845953003,0.4351851851851852,0.6157407407407407
2549,0.14583333333333334,0.6118143459915611,0.2355261631279731,0.3109118086696562,0.8865740740740741,-1.3472584856396868,2.031331592689295,0.4583333333333333,0.6435185185185185
2550,0.16435185185185186,0.6118143459915611,0.25910126215913526,0.32286995515695066,0.8865740740740741,-1.4308093994778068,2.093994778067885,0.4513888888888889,0.6319444444444444
2551,0.1597222222222222,0.6118143459915611,0.25331358474801563,0.31988041853512705,0.8865740740740741,-1.5039164490861618,2.10443864229765,0.42824074074074076,0.6134259259259259
2552,0.17824074074074073,0.6118143459915611,0.27605731310808634,0.33183856502242154,0.8865740740740741,-1.3890339425587468,2.0574412532637076,0.46296296296296297,0.6203703703703703
2553,0.17592592592592593,0.6118143459915611,0.27327282646431583,0.3303437967115097,0.8865740740740741,-1.422976501305483,1.9295039164490861,0.46296296296296297,0.6527777777777778
2554,0.1388888888888889,0.6118143459915611,0.22638563622170177,0.3064275037369208,0.8865740740740741,-1.4699738903394255,2.174934725848564,0.41203703703703703,0.6157407407407407
2555,0.16435185185185186,0.6118143459915611,0.25910126215913526,0.32286995515695066,0.8865740740740741,-1.4725848563968669,2.1096605744125325,0.4212962962962963,0.6134259259259259
2556,0.16898148148148148,0.6118143459915611,0.264820304974919,0.32585949177877427,0.8865740740740741,-1.4595300261096606,1.9295039164490861,0.4583333333333333,0.6550925925925926
2557,0.1574074074074074,0.6118143459915611,0.2503936208034943,0.3183856502242152,0.8865740740740741,-1.5483028720626633,2.174934725848564,0.41435185185185186,0.6041666666666666
2558,0.16898148148148148,0.6118143459915611,0.264820304974919,0.32585949177877427,0.8865740740740741,-1.4621409921671018,2.088772845953003,0.4166666666666667,0.6111111111111112
2559,0.1712962962962963,0.6118143459915611,0.26765446880690463,0.3273542600896861,0.8865740740740741,-1.5509138381201044,2.1201044386422976,0.4212962962962963,0.5856481481481481
2560,0.1712962962962963,0.6118143459915611,0.26765446880690463,0.3273542600896861,0.8865740740740741,-1.349869451697128,2.0861618798955615,0.43287037037037035,0.6203703703703703
2561,0.16435185185185186,0.6118143459915611,0.25910126215913526,0.32286995515695066,0.8865740740740741,-1.4621409921671018,2.06266318537859,0.44907407407407407,0.625
2562,0.17824074074074073,0.6118143459915611,0.27605731310808634,0.33183856502242154,0.8865740740740741,-1.3812010443864229,2.0757180156657964,0.4351851851851852,0.6157407407407407
2563,0.14814814814814814,0.6118143459915611,0.23853588319967095,0.312406576980568,0.8865740740740741,-1.3472584856396868,2.161879895561358,0.4166666666666667,0.6180555555555556
2564,0.18287037037037038,0.6118143459915611,0.28157762127748487,0.33482810164424515,0.8865740740740741,-1.3655352480417755,2.0548302872062663,0.45601851851851855,0.6342592592592593
2565,0.15046296296296297,0.6118143459915611,0.2415273239797553,0.31390134529147984,0.8865740740740741,-1.2584856396866841,2.0365535248041775,0.44212962962962965,0.6435185185185185
2566,0.1527777777777778,0.6118143459915611,0.24450065149076416,0.3153961136023916,0.8865740740740741,-1.5065274151436032,2.101827676240209,0.44907407407407407,0.625
2567,0.17592592592592593,0.6118143459915611,0.27327282646431583,0.3303437967115097,0.8865740740740741,-1.6057441253263707,2.1488250652741514,0.3912037037037037,0.6111111111111112
2568,0.17824074074074073,0.6118143459915611,0.27605731310808634,0.33183856502242154,0.8865740740740741,-1.5535248041775458,2.044386422976501,0.4351851851851852,0.6157407407407407
2569,0.1736111111111111,0.6118143459915611,0.2704719268793136,0.32884902840059793,0.8865740740740741,-1.3785900783289817,2.031331592689295,0.4398148148148148,0.625
2570,0.14814814814814814,0.6118143459915611,0.23853588319967095,0.312406576980568,0.8865740740740741,-1.483028720626632,2.08355091383812,0.4398148148148148,0.6296296296296297
2571,0.15046296296296297,0.6118143459915611,0.2415273239797553,0.31390134529147984,0.8865740740740741,-1.485639686684073,2.0652741514360313,0.42592592592592593,0.6180555555555556
2572,0.15046296296296297,0.6118143459915611,0.2415273239797553,0.31390134529147984,0.8865740740740741,-1.433420365535248,2.216710182767624,0.4097222222222222,0.6064814814814815
2573,0.16435185185185186,0.6118143459915611,0.25910126215913526,0.32286995515695066,0.8865740740740741,-1.4804177545691906,2.101827676240209,0.46064814814814814,0.6134259259259259
2574,0.13657407407407407,0.6118143459915611,0.22330109758166605,0.30493273542600896,0.8865740740740741,-1.4360313315926894,2.1253263707571803,0.43287037037037035,0.6041666666666666
2575,0.14351851851851852,0.6118143459915611,0.23249799570693358,0.3094170403587444,0.8865740740740741,-1.3054830287206267,2.16710182767624,0.39814814814814814,0.6064814814814815
2576,0.16666666666666666,0.6118143459915611,0.26196928635953026,0.3243647234678625,0.8865740740740741,-1.5274151436031331,2.1801566579634466,0.41203703703703703,0.6087962962962963
2577,0.1574074074074074,0.6118143459915611,0.2503936208034943,0.3183856502242152,0.8865740740740741,-1.4569190600522193,1.9947780678851175,0.44907407407407407,0.6643518518518519
2578,0.1736111111111111,0.6118143459915611,0.2704719268793136,0.32884902840059793,0.8865740740740741,-1.5039164490861618,2.0261096605744124,0.44907407407407407,0.6226851851851852
2579,0.1597222222222222,0.6118143459915611,0.25331358474801563,0.31988041853512705,0.8865740740740741,-1.443864229765013,2.033942558746736,0.44675925925925924,0.6319444444444444
2580,0.1412037037037037,0.6118143459915611,0.22945121081235326,0.30792227204783257,0.8865740740740741,-1.4255874673629243,2.0783289817232378,0.42824074074074076,0.6412037037037037
2581,0.17592592592592593,0.6118143459915611,0.27327282646431583,0.3303437967115097,0.8865740740740741,-1.412532637075718,2.049608355091384,0.44907407407407407,0.6273148148148148
2582,0.1736111111111111,0.6118143459915611,0.2704719268793136,0.32884902840059793,0.8865740740740741,-1.5352480417754568,2.010443864229765,0.44907407407407407,0.6365740740740741
2583,0.17824074074074073,0.6118143459915611,0.27605731310808634,0.33183856502242154,0.8865740740740741,-1.4151436031331592,2.0469973890339426,0.4444444444444444,0.6203703703703703
2584,0.1597222222222222,0.6118143459915611,0.25331358474801563,0.31988041853512705,0.8865740740740741,-1.4543080939947781,2.0130548302872064,0.42592592592592593,0.6412037037037037
2585,0.19212962962962962,0.6118143459915611,0.2924275005770796,0.34080717488789236,0.8865740740740741,-1.5195822454308094,2.1253263707571803,0.41435185185185186,0.6041666666666666
2586,0.16666666666666666,0.6118143459915611,0.26196928635953026,0.3243647234678625,0.8865740740740741,-1.3655352480417755,2.044386422976501,0.4444444444444444,0.6180555555555556
2587,0.16435185185185186,0.6118143459915611,0.25910126215913526,0.32286995515695066,0.8865740740740741,-1.5117493472584855,1.9817232375979112,0.46296296296296297,0.6365740740740741
2588,0.1597222222222222,0.6118143459915611,0.25331358474801563,0.31988041853512705,0.8865740740740741,-1.4151436031331592,2.224543080939948,0.4166666666666667,0.5972222222222222
2589,0.17824074074074073,0.6118143459915611,0.27605731310808634,0.33183856502242154,0.8865740740740741,-1.433420365535248,2.0130548302872064,0.4375,0.6412037037037037
2590,0.16203703703703703,0.6118143459915611,0.2562160797677647,0.3213751868460389,0.8865740740740741,-1.5378590078328982,2.122715404699739,0.41203703703703703,0.6111111111111112
2591,0.1597222222222222,0.6118143459915611,0.25331358474801563,0.31988041853512705,0.8865740740740741,-1.5456919060052219,2.1305483028720626,0.4375,0.6296296296296297
2592,0.16666666666666666,0.6118143459915611,0.26196928635953026,0.3243647234678625,0.8865740740740741,-1.514360313315927,2.06266318537859,0.4305555555555556,0.6134259259259259
2593,0.15046296296296297,0.6118143459915611,0.2415273239797553,0.31390134529147984,0.8865740740740741,-1.5796344647519582,2.0966057441253265,0.4375,0.6087962962962963
2594,0.16435185185185186,0.6118143459915611,0.25910126215913526,0.32286995515695066,0.8865740740740741,-1.5639686684073106,2.060052219321149,0.42824074074074076,0.6319444444444444
2595,0.1550925925925926,0.6118143459915611,0.24745602975076095,0.31689088191330345,0.8865740740740741,-1.3420365535248042,2.0574412532637076,0.43287037037037035,0.6180555555555556
2596,0.16203703703703703,0.6118143459915611,0.2562160797677647,0.3213751868460389,0.8865740740740741,-1.3838120104438643,2.093994778067885,0.41898148148148145,0.6226851851851852
2597,0.1527777777777778,0.6118143459915611,0.24450065149076416,0.3153961136023916,0.8865740740740741,-1.5718015665796345,2.16710182767624,0.42592592592592593,0.6018518518518519
2598,0.1574074074074074,0.6118143459915611,0.2503936208034943,0.3183856502242152,0.8865740740740741,-1.4073107049608355,1.9817232375979112,0.4444444444444444,0.6412037037037037
2599,0.17824074074074073,0.6118143459915611,0.27605731310808634,0.33183856502242154,0.8865740740740741,-1.4464751958224542,1.91644908616188,0.44907407407407407,0.6759259259259259
2600,0.16898148148148148,0.6118143459915611,0.264820304974919,0.32585949177877427,0.8865740740740741,-1.4621409921671018,2.0678851174934727,0.46296296296296297,0.625
2601,0.1736111111111111,0.6118143459915611,0.2704719268793136,0.32884902840059793,0.8865740740740741,-1.3942558746736293,2.052219321148825,0.4351851851851852,0.6296296296296297
2602,0.1574074074074074,0.6118143459915611,0.2503936208034943,0.3183856502242152,0.8865740740740741,-1.475195822454308,2.0809399477806787,0.4444444444444444,0.6319444444444444
2603,0.14583333333333334,0.6118143459915611,0.2355261631279731,0.3109118086696562,0.8865740740740741,-1.5300261096605745,2.0992167101827675,0.41435185185185186,0.625
2604,0.1597222222222222,0.6118143459915611,0.25331358474801563,0.31988041853512705,0.8865740740740741,-1.370757180156658,1.9817232375979112,0.43287037037037035,0.6527777777777778
2605,0.1597222222222222,0.6118143459915611,0.25331358474801563,0.31988041853512705,0.8865740740740741,-1.4725848563968669,2.093994778067885,0.4398148148148148,0.625
2606,0.14351851851851852,0.6118143459915611,0.23249799570693358,0.3094170403587444,0.8865740740740741,-1.577023498694517,2.135770234986945,0.4166666666666667,0.6203703703703703
2607,0.17824074074074073,0.6118143459915611,0.27605731310808634,0.33183856502242154,0.8865740740740741,-1.3812010443864229,2.039164490861619,0.4351851851851852,0.6296296296296297
2608,0.14351851851851852,0.6118143459915611,0.23249799570693358,0.3094170403587444,0.8865740740740741,-1.3420365535248042,2.16710182767624,0.4166666666666667,0.6018518518518519
2609,0.18055555555555555,0.6118143459915611,0.27882553065601656,0.3333333333333333,0.8865740740740741,-1.4177545691906006,1.9817232375979112,0.4675925925925926,0.6365740740740741
2610,0.1736111111111111,0.6118143459915611,0.2704719268793136,0.32884902840059793,0.8865740740740741,-1.475195822454308,1.9921671018276763,0.4652777777777778,0.6203703703703703
2611,0.19444444444444445,0.6118143459915611,0.2951010321267626,0.3423019431988042,0.8865740740740741,-1.475195822454308,2.0130548302872064,0.4652777777777778,0.6319444444444444
2612,0.18981481481481483,0.6118143459915611,0.2897385286448815,0.3393124065769806,0.8865740740740741,-1.4099216710182767,2.0417754569190603,0.4537037037037037,0.6226851851851852
2613,0.16666666666666666,0.6118143459915611,0.26196928635953026,0.3243647234678625,0.8865740740740741,-1.5065274151436032,2.023498694516971,0.42592592592592593,0.6203703703703703
2614,0.16435185185185186,0.6118143459915611,0.25910126215913526,0.32286995515695066,0.8865740740740741,-1.5691906005221932,2.1279373368146213,0.43287037037037035,0.6134259259259259
2615,0.1597222222222222,0.6118143459915611,0.25331358474801563,0.31988041853512705,0.8865740740740741,-1.4725848563968669,2.1409921671018277,0.4212962962962963,0.6180555555555556
2616,0.16203703703703703,0.6118143459915611,0.2562160797677647,0.3213751868460389,0.8865740740740741,-1.4778067885117494,1.968668407310705,0.4537037037037037,0.6435185185185185
2617,0.1712962962962963,0.6118143459915611,0.26765446880690463,0.3273542600896861,0.8865740740740741,-1.3733681462140992,1.989556135770235,0.47685185185185186,0.6388888888888888
2618,0.1388888888888889,0.6118143459915611,0.22638563622170177,0.3064275037369208,0.8865740740740741,-1.475195822454308,2.0861618798955615,0.41898148148148145,0.6342592592592593
2619,0.1527777777777778,0.6118143459915611,0.24450065149076416,0.3153961136023916,0.8865740740740741,-1.3968668407310705,2.0704960835509136,0.42824074074074076,0.6180555555555556
2620,0.16898148148148148,0.6118143459915611,0.264820304974919,0.32585949177877427,0.8865740740740741,-1.3994778067885119,2.052219321148825,0.42824074074074076,0.6226851851851852
2621,0.1574074074074074,0.6118143459915611,0.2503936208034943,0.3183856502242152,0.8865740740740741,-1.5352480417754568,2.1409921671018277,0.41898148148148145,0.6041666666666666
2622,0.18518518518518517,0.6118143459915611,0.284313725490196,0.336322869955157,0.8865740740740741,-1.4569190600522193,2.02088772845953,0.4398148148148148,0.6064814814814815
2623,0.18981481481481483,0.6118143459915611,0.2897385286448815,0.3393124065769806,0.8865740740740741,-1.5039164490861618,2.052219321148825,0.44212962962962965,0.6087962962962963
2624,0.18287037037037038,0.6118143459915611,0.28157762127748487,0.33482810164424515,0.8865740740740741,-1.6631853785900783,2.133159268929504,0.4236111111111111,0.6018518518518519
2625,0.17592592592592593,0.6118143459915611,0.27327282646431583,0.3303437967115097,0.8865740740740741,-1.4543080939947781,1.9556135770234986,0.44907407407407407,0.6412037037037037
2626,0.18518518518518517,0.6118143459915611,0.284313725490196,0.336322869955157,0.8865740740740741,-1.4647519582245432,2.039164490861619,0.44675925925925924,0.6296296296296297
2627,0.1574074074074074,0.6118143459915611,0.2503936208034943,0.3183856502242152,0.8865740740740741,-1.4882506527415145,2.0992167101827675,0.43287037037037035,0.6203703703703703
2628,0.1736111111111111,0.6118143459915611,0.2704719268793136,0.32884902840059793,0.8865740740740741,-1.4778067885117494,2.0992167101827675,0.4305555555555556,0.6111111111111112
2629,0.14351851851851852,0.6118143459915611,0.23249799570693358,0.3094170403587444,0.8865740740740741,-1.4621409921671018,2.0261096605744124,0.44675925925925924,0.6342592592592593
2630,0.14814814814814814,0.6118143459915611,0.23853588319967095,0.312406576980568,0.8865740740740741,-1.433420365535248,2.1592689295039165,0.4074074074074074,0.6180555555555556
2631,0.16666666666666666,0.6118143459915611,0.26196928635953026,0.3243647234678625,0.8865740740740741,-1.4882506527415145,2.10443864229765,0.42592592592592593,0.6111111111111112
2632,0.1412037037037037,0.6118143459915611,0.22945121081235326,0.30792227204783257,0.8865740740740741,-1.558746736292428,2.154046997389034,0.4212962962962963,0.5856481481481481
2633,0.1574074074074074,0.6118143459915611,0.2503936208034943,0.3183856502242152,0.8865740740740741,-1.516971279373368,2.1279373368146213,0.42592592592592593,0.6157407407407407
2634,0.2013888888888889,0.6118143459915611,0.30303030303030304,0.34678624813153963,0.8865740740740741,-1.2715404699738904,1.919060052219321,0.4699074074074074,0.6550925925925926
2635,0.16898148148148148,0.6118143459915611,0.264820304974919,0.32585949177877427,0.8865740740740741,-1.4882506527415145,2.0992167101827675,0.4212962962962963,0.6319444444444444
2636,0.16203703703703703,0.6118143459915611,0.2562160797677647,0.3213751868460389,0.8865740740740741,-1.5091383812010444,2.0783289817232378,0.44675925925925924,0.6296296296296297
2637,0.16203703703703703,0.6118143459915611,0.2562160797677647,0.3213751868460389,0.8865740740740741,-1.514360313315927,2.1305483028720626,0.4444444444444444,0.6273148148148148
2638,0.2152777777777778,0.6118143459915611,0.31848938959152584,0.35575485799701045,0.8865740740740741,-1.5117493472584855,2.0182767624020888,0.44212962962962965,0.6203703703703703
2639,0.1388888888888889,0.6118143459915611,0.22638563622170177,0.3064275037369208,0.8865740740740741,-1.4464751958224542,2.0783289817232378,0.41435185185185186,0.625
2640,0.16203703703703703,0.6118143459915611,0.2562160797677647,0.3213751868460389,0.8865740740740741,-1.4386422976501305,2.0652741514360313,0.4212962962962963,0.6203703703703703
2641,0.1412037037037037,0.6118143459915611,0.22945121081235326,0.30792227204783257,0.8865740740740741,-1.4725848563968669,2.1409921671018277,0.4074074074074074,0.6018518518518519
2642,0.13657407407407407,0.6118143459915611,0.22330109758166605,0.30493273542600896,0.8865740740740741,-1.391644908616188,2.122715404699739,0.42824074074074076,0.6203703703703703
2643,0.13657407407407407,0.6118143459915611,0.22330109758166605,0.30493273542600896,0.8865740740740741,-1.4804177545691906,2.101827676240209,0.4398148148148148,0.6388888888888888
2644,0.16898148148148148,0.6118143459915611,0.264820304974919,0.32585949177877427,0.8865740740740741,-1.483028720626632,2.0783289817232378,0.4513888888888889,0.625
2645,0.16203703703703703,0.6118143459915611,0.2562160797677647,0.3213751868460389,0.8865740740740741,-1.4725848563968669,2.1253263707571803,0.42592592592592593,0.6087962962962963
2646,0.1527777777777778,0.6118143459915611,0.24450065149076416,0.3153961136023916,0.8865740740740741,-1.412532637075718,2.0548302872062663,0.42824074074074076,0.6504629629629629
2647,0.1712962962962963,0.6118143459915611,0.26765446880690463,0.3273542600896861,0.8865740740740741,-1.5404699738903394,2.1201044386422976,0.4236111111111111,0.6226851851851852
2648,0.17824074074074073,0.6118143459915611,0.27605731310808634,0.33183856502242154,0.8865740740740741,-1.5744125326370757,2.0130548302872064,0.4305555555555556,0.6342592592592593
2649,0.1574074074074074,0.6118143459915611,0.2503936208034943,0.3183856502242152,0.8865740740740741,-1.6475195822454307,2.122715404699739,0.4375,0.6226851851851852
2650,0.14814814814814814,0.6118143459915611,0.23853588319967095,0.312406576980568,0.8865740740740741,-1.556135770234987,2.16710182767624,0.41203703703703703,0.6018518518518519
2651,0.1574074074074074,0.6118143459915611,0.2503936208034943,0.3183856502242152,0.8865740740740741,-1.4046997389033942,2.093994778067885,0.4375,0.6157407407407407
2652,0.18981481481481483,0.6118143459915611,0.2897385286448815,0.3393124065769806,0.8865740740740741,-1.3472584856396868,2.02088772845953,0.4444444444444444,0.6203703703703703
2653,0.1574074074074074,0.6118143459915611,0.2503936208034943,0.3183856502242152,0.8865740740740741,-1.360313315926893,2.023498694516971,0.4537037037037037,0.625
2654,0.16898148148148148,0.6118143459915611,0.264820304974919,0.32585949177877427,0.8865740740740741,-1.5378590078328982,2.0809399477806787,0.4166666666666667,0.6273148148148148
2655,0.16898148148148148,0.6118143459915611,0.264820304974919,0.32585949177877427,0.8865740740740741,-1.4255874673629243,2.031331592689295,0.4537037037037037,0.6273148148148148
2656,0.1388888888888889,0.6118143459915611,0.22638563622170177,0.3064275037369208,0.8865740740740741,-1.5352480417754568,2.093994778067885,0.4375,0.6342592592592593
2657,0.1736111111111111,0.6118143459915611,0.2704719268793136,0.32884902840059793,0.8865740740740741,-1.3864229765013054,2.033942558746736,0.4166666666666667,0.6273148148148148
2658,0.1412037037037037,0.6118143459915611,0.22945121081235326,0.30792227204783257,0.8865740740740741,-1.5430809399477807,2.112271540469974,0.43287037037037035,0.6296296296296297
2659,0.1574074074074074,0.6118143459915611,0.2503936208034943,0.3183856502242152,0.8865740740740741,-1.6057441253263707,2.122715404699739,0.4236111111111111,0.625
2660,0.1597222222222222,0.6118143459915611,0.25331358474801563,0.31988041853512705,0.8865740740740741,-1.422976501305483,2.023498694516971,0.4444444444444444,0.6273148148148148
2661,0.14583333333333334,0.6118143459915611,0.2355261631279731,0.3109118086696562,0.8865740740740741,-1.443864229765013,2.185378590078329,0.4074074074074074,0.5810185185185185
2662,0.18518518518518517,0.6118143459915611,0.284313725490196,0.336322869955157,0.8865740740740741,-1.5065274151436032,2.122715404699739,0.44907407407407407,0.5949074074074074
2663,0.16203703703703703,0.6118143459915611,0.2562160797677647,0.3213751868460389,0.8865740740740741,-1.5535248041775458,2.1697127937336815,0.4305555555555556,0.5995370370370371
2664,0.16898148148148148,0.6118143459915611,0.264820304974919,0.32585949177877427,0.8865740740740741,-1.5483028720626633,2.0861618798955615,0.43287037037037035,0.6226851851851852
2665,0.16435185185185186,0.6118143459915611,0.25910126215913526,0.32286995515695066,0.8865740740740741,-1.485639686684073,2.023498694516971,0.4444444444444444,0.6365740740740741
2666,0.1597222222222222,0.6118143459915611,0.25331358474801563,0.31988041853512705,0.8865740740740741,-1.3785900783289817,2.1253263707571803,0.43287037037037035,0.6157407407407407
2667,0.1875,0.6118143459915611,0.28703398218409765,0.33781763826606875,0.8865740740740741,-1.577023498694517,2.052219321148825,0.4699074074074074,0.625
2668,0.18287037037037038,0.6118143459915611,0.28157762127748487,0.33482810164424515,0.8865740740740741,-1.577023498694517,2.06266318537859,0.42592592592592593,0.6180555555555556
2669,0.1550925925925926,0.6118143459915611,0.24745602975076095,0.31689088191330345,0.8865740740740741,-1.3942558746736293,2.1409921671018277,0.41898148148148145,0.6180555555555556
2670,0.1597222222222222,0.6118143459915611,0.25331358474801563,0.31988041853512705,0.8865740740740741,-1.5509138381201044,2.093994778067885,0.42824074074074076,0.6134259259259259
2671,0.1597222222222222,0.6118143459915611,0.25331358474801563,0.31988041853512705,0.8865740740740741,-1.5274151436031331,2.216710182767624,0.42592592592592593,0.6018518518518519
2672,0.14814814814814814,0.6118143459915611,0.23853588319967095,0.312406576980568,0.8865740740740741,-1.5378590078328982,2.133159268929504,0.4398148148148148,0.6203703703703703
2673,0.1597222222222222,0.6118143459915611,0.25331358474801563,0.31988041853512705,0.8865740740740741,-1.5483028720626633,2.0913838120104438,0.43287037037037035,0.6365740740740741
2674,0.16435185185185186,0.6118143459915611,0.25910126215913526,0.32286995515695066,0.8865740740740741,-1.5221932114882506,2.0757180156657964,0.44907407407407407,0.6226851851851852
2675,0.16898148148148148,0.6118143459915611,0.264820304974919,0.32585949177877427,0.8865740740740741,-1.3629242819843341,1.9947780678851175,0.4583333333333333,0.6412037037037037
2676,0.16666666666666666,0.6118143459915611,0.26196928635953026,0.3243647234678625,0.8865740740740741,-1.360313315926893,2.0757180156657964,0.4513888888888889,0.6226851851851852
2677,0.17824074074074073,0.6118143459915611,0.27605731310808634,0.33183856502242154,0.8865740740740741,-1.4908616187989556,2.1383812010443863,0.41898148148148145,0.6064814814814815
2678,0.1597222222222222,0.6118143459915611,0.25331358474801563,0.31988041853512705,0.8865740740740741,-1.556135770234987,2.0783289817232378,0.4375,0.6226851851851852
2679,0.1597222222222222,0.6118143459915611,0.25331358474801563,0.31988041853512705,0.8865740740740741,-1.4595300261096606,2.060052219321149,0.4375,0.625
2680,0.17824074074074073,0.6118143459915611,0.27605731310808634,0.33183856502242154,0.8865740740740741,-1.318537859007833,1.9608355091383811,0.4513888888888889,0.6458333333333334
2681,0.16435185185185186,0.6118143459915611,0.25910126215913526,0.32286995515695066,0.8865740740740741,-1.4960835509138382,2.060052219321149,0.4537037037037037,0.6226851851851852
2682,0.16435185185185186,0.6118143459915611,0.25910126215913526,0.32286995515695066,0.8865740740740741,-1.597911227154047,2.08355091383812,0.41898148148148145,0.6111111111111112
2683,0.16203703703703703,0.6118143459915611,0.2562160797677647,0.3213751868460389,0.8865740740740741,-1.5900783289817233,2.0809399477806787,0.4398148148148148,0.6134259259259259
2684,0.1736111111111111,0.6118143459915611,0.2704719268793136,0.32884902840059793,0.8865740740740741,-1.475195822454308,1.9973890339425588,0.49074074074074076,0.6388888888888888
2685,0.18518518518518517,0.6118143459915611,0.284313725490196,0.336322869955157,0.8865740740740741,-1.3838120104438643,2.010443864229765,0.42592592592592593,0.625
2686,0.16898148148148148,0.6118143459915611,0.264820304974919,0.32585949177877427,0.8865740740740741,-1.3968668407310705,2.028720626631854,0.44675925925925924,0.6388888888888888
2687,0.1550925925925926,0.6118143459915611,0.24745602975076095,0.31689088191330345,0.8865740740740741,-1.5065274151436032,2.060052219321149,0.4375,0.6180555555555556
2688,0.1574074074074074,0.6118143459915611,0.2503936208034943,0.3183856502242152,0.8865740740740741,-1.4360313315926894,2.161879895561358,0.42592592592592593,0.5949074074074074
2689,0.1736111111111111,0.6118143459915611,0.2704719268793136,0.32884902840059793,0.8865740740740741,-1.4099216710182767,1.9634464751958225,0.47453703703703703,0.6412037037037037
2690,0.14351851851851852,0.6118143459915611,0.23249799570693358,0.3094170403587444,0.8865740740740741,-1.524804177545692,2.151436031331593,0.3958333333333333,0.6041666666666666
2691,0.17592592592592593,0.6118143459915611,0.27327282646431583,0.3303437967115097,0.8865740740740741,-1.441253263707572,1.9634464751958225,0.4398148148148148,0.6458333333333334
2692,0.1736111111111111,0.6118143459915611,0.2704719268793136,0.32884902840059793,0.8865740740740741,-1.4595300261096606,2.133159268929504,0.4212962962962963,0.6180555555555556
2693,0.16203703703703703,0.6118143459915611,0.2562160797677647,0.3213751868460389,0.8865740740740741,-1.5300261096605745,2.073107049608355,0.4398148148148148,0.6226851851851852
2694,0.17824074074074073,0.6118143459915611,0.27605731310808634,0.33183856502242154,0.8865740740740741,-1.4778067885117494,2.1409921671018277,0.43287037037037035,0.6064814814814815
2695,0.18055555555555555,0.6118143459915611,0.27882553065601656,0.3333333333333333,0.8865740740740741,-1.3342036553524803,2.023498694516971,0.4444444444444444,0.6226851851851852
2696,0.19444444444444445,0.6118143459915611,0.2951010321267626,0.3423019431988042,0.8865740740740741,-1.485639686684073,1.9295039164490861,0.4699074074074074,0.6481481481481481
2697,0.14814814814814814,0.6118143459915611,0.23853588319967095,0.312406576980568,0.8865740740740741,-1.4151436031331592,2.08355091383812,0.4212962962962963,0.625
2698,0.1550925925925926,0.6118143459915611,0.24745602975076095,0.31689088191330345,0.8865740740740741,-1.443864229765013,2.1279373368146213,0.44212962962962965,0.6064814814814815
2699,0.1597222222222222,0.6118143459915611,0.25331358474801563,0.31988041853512705,0.8865740740740741,-1.4464751958224542,2.073107049608355,0.43287037037037035,0.6064814814814815
2700,0.15046296296296297,0.6118143459915611,0.2415273239797553,0.31390134529147984,0.8865740740740741,-1.3838120104438643,2.0261096605744124,0.4444444444444444,0.6296296296296297
2701,0.1527777777777778,0.6118143459915611,0.24450065149076416,0.3153961136023916,0.8865740740740741,-1.4621409921671018,2.1409921671018277,0.4305555555555556,0.6111111111111112
2702,0.1736111111111111,0.6118143459915611,0.2704719268793136,0.32884902840059793,0.8865740740740741,-1.4073107049608355,2.0652741514360313,0.4212962962962963,0.6111111111111112
2703,0.1712962962962963,0.6118143459915611,0.26765446880690463,0.3273542600896861,0.8865740740740741,-1.3472584856396868,2.073107049608355,0.4513888888888889,0.6296296296296297
2704,0.1527777777777778,0.6118143459915611,0.24450065149076416,0.3153961136023916,0.8865740740740741,-1.4699738903394255,2.039164490861619,0.4166666666666667,0.6319444444444444
2705,0.17592592592592593,0.6118143459915611,0.27327282646431583,0.3303437967115097,0.8865740740740741,-1.5300261096605745,2.1201044386422976,0.4305555555555556,0.6180555555555556
2706,0.16666666666666666,0.6118143459915611,0.26196928635953026,0.3243647234678625,0.8865740740740741,-1.5274151436031331,2.1592689295039165,0.4097222222222222,0.5949074074074074
2707,0.1574074074074074,0.6118143459915611,0.2503936208034943,0.3183856502242152,0.8865740740740741,-1.5456919060052219,2.0678851174934727,0.4398148148148148,0.6111111111111112
2708,0.1712962962962963,0.6118143459915611,0.26765446880690463,0.3273542600896861,0.8865740740740741,-1.650130548302872,2.1148825065274153,0.44907407407407407,0.6203703703703703
2709,0.14351851851851852,0.6118143459915611,0.23249799570693358,0.3094170403587444,0.8865740740740741,-1.4804177545691906,2.122715404699739,0.41898148148148145,0.6203703703703703
2710,0.1736111111111111,0.6118143459915611,0.2704719268793136,0.32884902840059793,0.8865740740740741,-1.5483028720626633,2.060052219321149,0.4351851851851852,0.6319444444444444
2711,0.1412037037037037,0.6118143459915611,0.22945121081235326,0.30792227204783257,0.8865740740740741,-1.3133159268929504,2.028720626631854,0.4537037037037037,0.6203703703703703
2712,0.16203703703703703,0.6118143459915611,0.2562160797677647,0.3213751868460389,0.8865740740740741,-1.3994778067885119,2.1305483028720626,0.4212962962962963,0.6064814814814815
2713,0.16435185185185186,0.6118143459915611,0.25910126215913526,0.32286995515695066,0.8865740740740741,-1.402088772845953,2.0704960835509136,0.42824074074074076,0.6180555555555556
2714,0.1712962962962963,0.6118143459915611,0.26765446880690463,0.3273542600896861,0.8865740740740741,-1.5300261096605745,2.06266318537859,0.4212962962962963,0.6180555555555556
2715,0.1597222222222222,0.6118143459915611,0.25331358474801563,0.31988041853512705,0.8865740740740741,-1.524804177545692,2.088772845953003,0.42592592592592593,0.6273148148148148
2716,0.15046296296296297,0.6118143459915611,0.2415273239797553,0.31390134529147984,0.8865740740740741,-1.524804177545692,2.093994778067885,0.4398148148148148,0.6111111111111112
2717,0.18981481481481483,0.6118143459915611,0.2897385286448815,0.3393124065769806,0.8865740740740741,-1.4281984334203655,2.0548302872062663,0.44212962962962965,0.625
2718,0.1574074074074074,0.6118143459915611,0.2503936208034943,0.3183856502242152,0.8865740740740741,-1.5091383812010444,2.161879895561358,0.4305555555555556,0.6157407407407407
2719,0.16898148148148148,0.6118143459915611,0.264820304974919,0.32585949177877427,0.8865740740740741,-1.2349869451697129,2.0757180156657964,0.44675925925925924,0.6226851851851852
2720,0.1875,0.6118143459915611,0.28703398218409765,0.33781763826606875,0.8865740740740741,-1.5326370757180157,1.9921671018276763,0.4699074074074074,0.6365740740740741
2721,0.1550925925925926,0.6118143459915611,0.24745602975076095,0.31689088191330345,0.8865740740740741,-1.514360313315927,2.10443864229765,0.41898148148148145,0.6203703703703703
2722,0.16203703703703703,0.6118143459915611,0.2562160797677647,0.3213751868460389,0.8865740740740741,-1.4778067885117494,2.073107049608355,0.4212962962962963,0.6296296296296297
2723,0.1597222222222222,0.6118143459915611,0.25331358474801563,0.31988041853512705,0.8865740740740741,-1.514360313315927,2.1201044386422976,0.42592592592592593,0.6180555555555556
2724,0.17592592592592593,0.6118143459915611,0.27327282646431583,0.3303437967115097,0.8865740740740741,-1.370757180156658,1.9817232375979112,0.44907407407407407,0.6736111111111112
2725,0.16203703703703703,0.6118143459915611,0.2562160797677647,0.3213751868460389,0.8865740740740741,-1.422976501305483,2.0548302872062663,0.42824074074074076,0.6319444444444444
2726,0.16435185185185186,0.6118143459915611,0.25910126215913526,0.32286995515695066,0.8865740740740741,-1.3629242819843341,2.0469973890339426,0.43287037037037035,0.625
2727,0.1527777777777778,0.6118143459915611,0.24450065149076416,0.3153961136023916,0.8865740740740741,-1.608355091383812,2.093994778067885,0.4236111111111111,0.6180555555555556
2728,0.1597222222222222,0.6118143459915611,0.25331358474801563,0.31988041853512705,0.8865740740740741,-1.4177545691906006,2.1697127937336815,0.4212962962962963,0.6180555555555556
2729,0.14814814814814814,0.6118143459915611,0.23853588319967095,0.312406576980568,0.8865740740740741,-1.5195822454308094,2.0783289817232378,0.42824074074074076,0.6157407407407407
2730,0.1550925925925926,0.6118143459915611,0.24745602975076095,0.31689088191330345,0.8865740740740741,-1.4934725848563968,2.135770234986945,0.4375,0.6157407407407407
2731,0.18518518518518517,0.6118143459915611,0.284313725490196,0.336322869955157,0.8865740740740741,-1.370757180156658,1.9660574412532636,0.4537037037037037,0.6388888888888888
2732,0.1550925925925926,0.6118143459915611,0.24745602975076095,0.31689088191330345,0.8865740740740741,-1.412532637075718,2.1383812010443863,0.41898148148148145,0.6157407407407407
2733,0.13194444444444445,0.6118143459915611,0.21707441988732618,0.30194319880418535,0.8865740740740741,-1.516971279373368,2.060052219321149,0.4212962962962963,0.6273148148148148
2734,0.1597222222222222,0.6118143459915611,0.25331358474801563,0.31988041853512705,0.8865740740740741,-1.3994778067885119,2.052219321148825,0.42824074074074076,0.6273148148148148
2735,0.15046296296296297,0.6118143459915611,0.2415273239797553,0.31390134529147984,0.8865740740740741,-1.6318537859007833,2.174934725848564,0.42824074074074076,0.5949074074074074
2736,0.16435185185185186,0.6118143459915611,0.25910126215913526,0.32286995515695066,0.8865740740740741,-1.360313315926893,2.122715404699739,0.4398148148148148,0.6064814814814815
2737,0.1527777777777778,0.6118143459915611,0.24450065149076416,0.3153961136023916,0.8865740740740741,-1.5535248041775458,2.1279373368146213,0.4305555555555556,0.6064814814814815
2738,0.1550925925925926,0.6118143459915611,0.24745602975076095,0.31689088191330345,0.8865740740740741,-1.5718015665796345,2.02088772845953,0.4398148148148148,0.625
2739,0.16435185185185186,0.6118143459915611,0.25910126215913526,0.32286995515695066,0.8865740740740741,-1.3890339425587468,2.1305483028720626,0.42824074074074076,0.6180555555555556
2740,0.1527777777777778,0.6118143459915611,0.24450065149076416,0.3153961136023916,0.8865740740740741,-1.5378590078328982,2.122715404699739,0.42592592592592593,0.5995370370370371
2741,0.1527777777777778,0.6118143459915611,0.24450065149076416,0.3153961136023916,0.8865740740740741,-1.4960835509138382,2.174934725848564,0.4212962962962963,0.6134259259259259
2742,0.1875,0.6118143459915611,0.28703398218409765,0.33781763826606875,0.8865740740740741,-1.5639686684073106,2.0078328981723237,0.4398148148148148,0.6180555555555556
2743,0.17592592592592593,0.6118143459915611,0.27327282646431583,0.3303437967115097,0.8865740740740741,-1.5404699738903394,2.010443864229765,0.4375,0.6342592592592593
2744,0.16435185185185186,0.6118143459915611,0.25910126215913526,0.32286995515695066,0.8865740740740741,-1.608355091383812,2.2088772845953004,0.41203703703703703,0.5995370370370371
2745,0.1527777777777778,0.6118143459915611,0.24450065149076416,0.3153961136023916,0.8865740740740741,-1.360313315926893,2.0861618798955615,0.42592592592592593,0.6388888888888888
2746,0.1736111111111111,0.6118143459915611,0.2704719268793136,0.32884902840059793,0.8865740740740741,-1.3942558746736293,2.052219321148825,0.4375,0.6180555555555556
2747,0.1736111111111111,0.6118143459915611,0.2704719268793136,0.32884902840059793,0.8865740740740741,-1.443864229765013,2.1070496083550916,0.42824074074074076,0.6134259259259259
2748,0.14814814814814814,0.6118143459915611,0.23853588319967095,0.312406576980568,0.8865740740740741,-1.5718015665796345,2.10443864229765,0.41203703703703703,0.6134259259259259
2749,0.16898148148148148,0.6118143459915611,0.264820304974919,0.32585949177877427,0.8865740740740741,-1.5221932114882506,2.2010443864229763,0.41898148148148145,0.6087962962962963
2750,0.13657407407407407,0.6118143459915611,0.22330109758166605,0.30493273542600896,0.8865740740740741,-1.566579634464752,2.2872062663185377,0.3819444444444444,0.5995370370370371
2751,0.16898148148148148,0.6118143459915611,0.264820304974919,0.32585949177877427,0.8865740740740741,-1.5039164490861618,2.088772845953003,0.4305555555555556,0.6273148148148148
2752,0.1527777777777778,0.6118143459915611,0.24450065149076416,0.3153961136023916,0.8865740740740741,-1.5639686684073106,2.0966057441253265,0.42592592592592593,0.6226851851851852
2753,0.17592592592592593,0.6118143459915611,0.27327282646431583,0.3303437967115097,0.8865740740740741,-1.4621409921671018,2.0261096605744124,0.4375,0.6296296296296297
2754,0.1527777777777778,0.6118143459915611,0.24450065149076416,0.3153961136023916,0.8865740740740741,-1.4595300261096606,1.9921671018276763,0.4305555555555556,0.6342592592592593
2755,0.1712962962962963,0.6118143459915611,0.26765446880690463,0.3273542600896861,0.8865740740740741,-1.433420365535248,2.0913838120104438,0.41898148148148145,0.6041666666666666
2756,0.1597222222222222,0.6118143459915611,0.25331358474801563,0.31988041853512705,0.8865740740740741,-1.3994778067885119,2.172323759791123,0.41898148148148145,0.6041666666666666
2757,0.1597222222222222,0.6118143459915611,0.25331358474801563,0.31988041853512705,0.8865740740740741,-1.4595300261096606,2.117493472584856,0.4166666666666667,0.5949074074074074
2758,0.1712962962962963,0.6118143459915611,0.26765446880690463,0.3273542600896861,0.8865740740740741,-1.5456919060052219,2.1409921671018277,0.41203703703703703,0.625
2759,0.13425925925925927,0.6118143459915611,0.2201974183750949,0.3034379671150972,0.8865740740740741,-1.433420365535248,2.143603133159269,0.4074074074074074,0.625
2760,0.16666666666666666,0.6118143459915611,0.26196928635953026,0.3243647234678625,0.8865740740740741,-1.5900783289817233,2.117493472584856,0.41435185185185186,0.6111111111111112
2761,0.1736111111111111,0.6118143459915611,0.2704719268793136,0.32884902840059793,0.8865740740740741,-1.4203655352480418,2.0417754569190603,0.4375,0.6087962962962963
2762,0.13194444444444445,0.6118143459915611,0.21707441988732618,0.30194319880418535,0.8865740740740741,-1.4934725848563968,2.14621409921671,0.43287037037037035,0.6203703703703703
2763,0.16435185185185186,0.6118143459915611,0.25910126215913526,0.32286995515695066,0.8865740740740741,-1.4569190600522193,2.093994778067885,0.42824074074074076,0.6087962962962963
2764,0.1574074074074074,0.6118143459915611,0.2503936208034943,0.3183856502242152,0.8865740740740741,-1.4960835509138382,2.044386422976501,0.4513888888888889,0.6435185185185185
2765,0.1736111111111111,0.6118143459915611,0.2704719268793136,0.32884902840059793,0.8865740740740741,-1.3968668407310705,2.049608355091384,0.4351851851851852,0.6273148148148148
2766,0.15046296296296297,0.6118143459915611,0.2415273239797553,0.31390134529147984,0.8865740740740741,-1.5013054830287207,2.1801566579634466,0.4351851851851852,0.6203703703703703
2767,0.1712962962962963,0.6118143459915611,0.26765446880690463,0.3273542600896861,0.8865740740740741,-1.4595300261096606,2.0861618798955615,0.44675925925925924,0.6203703703703703
2768,0.14814814814814814,0.6118143459915611,0.23853588319967095,0.312406576980568,0.8865740740740741,-1.4699738903394255,2.0704960835509136,0.4236111111111111,0.6319444444444444
2769,0.16898148148148148,0.6118143459915611,0.264820304974919,0.32585949177877427,0.8865740740740741,-1.516971279373368,2.174934725848564,0.3912037037037037,0.5995370370370371
2770,0.1550925925925926,0.6118143459915611,0.24745602975076095,0.31689088191330345,0.8865740740740741,-1.391644908616188,2.0757180156657964,0.4375,0.6273148148148148
2771,0.1527777777777778,0.6118143459915611,0.24450065149076416,0.3153961136023916,0.8865740740740741,-1.4516971279373367,2.02088772845953,0.4398148148148148,0.6296296296296297
2772,0.15046296296296297,0.6118143459915611,0.2415273239797553,0.31390134529147984,0.8865740740740741,-1.483028720626632,1.989556135770235,0.4513888888888889,0.6388888888888888
2773,0.18287037037037038,0.6118143459915611,0.28157762127748487,0.33482810164424515,0.8865740740740741,-1.4986945169712793,2.052219321148825,0.4375,0.6203703703703703
2774,0.16666666666666666,0.6118143459915611,0.26196928635953026,0.3243647234678625,0.8865740740740741,-1.6266318537859008,2.143603133159269,0.41898148148148145,0.6064814814814815
2775,0.1412037037037037,0.6118143459915611,0.22945121081235326,0.30792227204783257,0.8865740740740741,-1.3420365535248042,2.088772845953003,0.4537037037037037,0.6134259259259259
2776,0.16898148148148148,0.6118143459915611,0.264820304974919,0.32585949177877427,0.8865740740740741,-1.4151436031331592,2.08355091383812,0.4444444444444444,0.6203703703703703
2777,0.18055555555555555,0.6118143459915611,0.27882553065601656,0.3333333333333333,0.8865740740740741,-1.5195822454308094,2.0469973890339426,0.4537037037037037,0.6180555555555556
2778,0.1527777777777778,0.6118143459915611,0.24450065149076416,0.3153961136023916,0.8865740740740741,-1.4073107049608355,2.0078328981723237,0.44675925925925924,0.6203703703703703
2779,0.13194444444444445,0.6118143459915611,0.21707441988732618,0.30194319880418535,0.8865740740740741,-1.5509138381201044,2.1879895561357703,0.4097222222222222,0.5949074074074074
2780,0.1574074074074074,0.6118143459915611,0.2503936208034943,0.3183856502242152,0.8865740740740741,-1.4934725848563968,2.10443864229765,0.42592592592592593,0.6134259259259259
2781,0.1574074074074074,0.6118143459915611,0.2503936208034943,0.3183856502242152,0.8865740740740741,-1.4464751958224542,2.0992167101827675,0.4375,0.6180555555555556
2782,0.15046296296296297,0.6118143459915611,0.2415273239797553,0.31390134529147984,0.8865740740740741,-1.3890339425587468,2.08355091383812,0.4375,0.6203703703703703
2783,0.1736111111111111,0.6118143459915611,0.2704719268793136,0.32884902840059793,0.8865740740740741,-1.4046997389033942,1.989556135770235,0.4583333333333333,0.6550925925925926
2784,0.1597222222222222,0.6118143459915611,0.25331358474801563,0.31988041853512705,0.8865740740740741,-1.4308093994778068,2.0574412532637076,0.42592592592592593,0.6342592592592593
2785,0.16666666666666666,0.6118143459915611,0.26196928635953026,0.3243647234678625,0.8865740740740741,-1.4569190600522193,2.0678851174934727,0.4236111111111111,0.6203703703703703
2786,0.1527777777777778,0.6118143459915611,0.24450065149076416,0.3153961136023916,0.8865740740740741,-1.483028720626632,2.06266318537859,0.4305555555555556,0.6203703703703703
2787,0.2037037037037037,0.6118143459915611,0.30564338411420905,0.3482810164424514,0.8865740740740741,-1.3629242819843341,2.0156657963446474,0.4513888888888889,0.6203703703703703
2788,0.18055555555555555,0.6118143459915611,0.27882553065601656,0.3333333333333333,0.8865740740740741,-1.4046997389033942,2.010443864229765,0.44907407407407407,0.6504629629629629
2789,0.12037037037037036,0.6118143459915611,0.2011632250146737,0.2944693572496263,0.8865740740740741,-1.5378590078328982,2.1279373368146213,0.4166666666666667,0.6296296296296297
2790,0.1574074074074074,0.6118143459915611,0.2503936208034943,0.3183856502242152,0.8865740740740741,-1.4099216710182767,2.02088772845953,0.44212962962962965,0.6365740740740741
2791,0.1550925925925926,0.6118143459915611,0.24745602975076095,0.31689088191330345,0.8865740740740741,-1.4908616187989556,2.1592689295039165,0.40046296296296297,0.6087962962962963
2792,0.1597222222222222,0.6118143459915611,0.25331358474801563,0.31988041853512705,0.8865740740740741,-1.475195822454308,2.023498694516971,0.4513888888888889,0.6435185185185185
2793,0.14583333333333334,0.6118143459915611,0.2355261631279731,0.3109118086696562,0.8865740740740741,-1.514360313315927,2.172323759791123,0.41898148148148145,0.6018518518518519
2794,0.20601851851851852,0.6118143459915611,0.3082416729365961,0.34977578475336324,0.8865740740740741,-1.4699738903394255,1.9712793733681462,0.44675925925925924,0.6180555555555556
2795,0.16203703703703703,0.6118143459915611,0.2562160797677647,0.3213751868460389,0.8865740740740741,-1.4778067885117494,2.0574412532637076,0.44907407407407407,0.6226851851851852
2796,0.15046296296296297,0.6118143459915611,0.2415273239797553,0.31390134529147984,0.8865740740740741,-1.441253263707572,2.0992167101827675,0.41203703703703703,0.6273148148148148
2797,0.1712962962962963,0.6118143459915611,0.26765446880690463,0.3273542600896861,0.8865740740740741,-1.2610966057441253,2.023498694516971,0.46064814814814814,0.6296296296296297
2798,0.1736111111111111,0.6118143459915611,0.2704719268793136,0.32884902840059793,0.8865740740740741,-1.4725848563968669,2.0574412532637076,0.4305555555555556,0.6504629629629629
2799,0.1736111111111111,0.6118143459915611,0.2704719268793136,0.32884902840059793,0.8865740740740741,-1.4543080939947781,2.060052219321149,0.4513888888888889,0.625
2800,0.16666666666666666,0.6118143459915611,0.26196928635953026,0.3243647234678625,0.8865740740740741,-1.5065274151436032,2.143603133159269,0.4212962962962963,0.6273148148148148
2801,0.1574074074074074,0.6118143459915611,0.2503936208034943,0.3183856502242152,0.8865740740740741,-1.4046997389033942,2.135770234986945,0.4305555555555556,0.6226851851851852
2802,0.18518518518518517,0.6118143459915611,0.284313725490196,0.336322869955157,0.8865740740740741,-1.5326370757180157,2.0130548302872064,0.4236111111111111,0.6319444444444444
2803,0.15046296296296297,0.6118143459915611,0.2415273239797553,0.31390134529147984,0.8865740740740741,-1.3968668407310705,2.0757180156657964,0.43287037037037035,0.6273148148148148
2804,0.1527777777777778,0.6118143459915611,0.24450065149076416,0.3153961136023916,0.8865740740740741,-1.5352480417754568,2.10443864229765,0.42592592592592593,0.6087962962962963
2805,0.16666666666666666,0.6118143459915611,0.26196928635953026,0.3243647234678625,0.8865740740740741,-1.4934725848563968,2.088772845953003,0.4212962962962963,0.6180555555555556
2806,0.16203703703703703,0.6118143459915611,0.2562160797677647,0.3213751868460389,0.8865740740740741,-1.433420365535248,2.0704960835509136,0.4212962962962963,0.6319444444444444
2807,0.16666666666666666,0.6118143459915611,0.26196928635953026,0.3243647234678625,0.8865740740740741,-1.5535248041775458,2.0966057441253265,0.4444444444444444,0.6296296296296297
2808,0.16898148148148148,0.6118143459915611,0.264820304974919,0.32585949177877427,0.8865740740740741,-1.4046997389033942,2.135770234986945,0.4166666666666667,0.6064814814814815
2809,0.15046296296296297,0.6118143459915611,0.2415273239797553,0.31390134529147984,0.8865740740740741,-1.4464751958224542,2.0417754569190603,0.4375,0.6226851851851852
2810,0.13657407407407407,0.6118143459915611,0.22330109758166605,0.30493273542600896,0.8865740740740741,-1.5378590078328982,2.174934725848564,0.3912037037037037,0.5949074074074074
2811,0.16898148148148148,0.6118143459915611,0.264820304974919,0.32585949177877427,0.8865740740740741,-1.4177545691906006,2.0704960835509136,0.4699074074074074,0.6296296296296297
2812,0.1574074074074074,0.6118143459915611,0.2503936208034943,0.3183856502242152,0.8865740740740741,-1.5639686684073106,2.122715404699739,0.4305555555555556,0.6087962962962963
2813,0.16435185185185186,0.6118143459915611,0.25910126215913526,0.32286995515695066,0.8865740740740741,-1.349869451697128,2.0704960835509136,0.4375,0.6111111111111112
2814,0.1712962962962963,0.6118143459915611,0.26765446880690463,0.3273542600896861,0.8865740740740741,-1.5013054830287207,2.164490861618799,0.44212962962962965,0.5995370370370371
2815,0.18055555555555555,0.6118143459915611,0.27882553065601656,0.3333333333333333,0.8865740740740741,-1.4099216710182767,1.9791122715404699,0.46296296296296297,0.6296296296296297
2816,0.16203703703703703,0.6118143459915611,0.2562160797677647,0.3213751868460389,0.8865740740740741,-1.4386422976501305,2.0809399477806787,0.41435185185185186,0.6134259259259259
2817,0.16435185185185186,0.6118143459915611,0.25910126215913526,0.32286995515695066,0.8865740740740741,-1.5117493472584855,2.0757180156657964,0.42592592592592593,0.6203703703703703
2818,0.1527777777777778,0.6118143459915611,0.24450065149076416,0.3153961136023916,0.8865740740740741,-1.4046997389033942,2.0417754569190603,0.4513888888888889,0.6180555555555556
2819,0.1712962962962963,0.6118143459915611,0.26765446880690463,0.3273542600896861,0.8865740740740741,-1.5378590078328982,2.0548302872062663,0.44907407407407407,0.6342592592592593
2820,0.16435185185185186,0.6118143459915611,0.25910126215913526,0.32286995515695066,0.8865740740740741,-1.4281984334203655,2.1383812010443863,0.41435185185185186,0.6157407407407407
2821,0.16203703703703703,0.6118143459915611,0.2562160797677647,0.3213751868460389,0.8865740740740741,-1.3838120104438643,2.1096605744125325,0.44907407407407407,0.6273148148148148
2822,0.18287037037037038,0.6118143459915611,0.28157762127748487,0.33482810164424515,0.8865740740740741,-1.5718015665796345,1.9738903394255876,0.44675925925925924,0.6412037037037037
2823,0.1712962962962963,0.6118143459915611,0.26765446880690463,0.3273542600896861,0.8865740740740741,-1.4099216710182767,2.10443864229765,0.4305555555555556,0.6157407407407407
2824,0.17592592592592593,0.6118143459915611,0.27327282646431583,0.3303437967115097,0.8865740740740741,-1.3942558746736293,2.02088772845953,0.4398148148148148,0.6226851851851852
2825,0.14814814814814814,0.6118143459915611,0.23853588319967095,0.312406576980568,0.8865740740740741,-1.3838120104438643,2.06266318537859,0.41898148148148145,0.6388888888888888
2826,0.15046296296296297,0.6118143459915611,0.2415273239797553,0.31390134529147984,0.8865740740740741,-1.5639686684073106,2.195822454308094,0.4166666666666667,0.5925925925925926
2827,0.17592592592592593,0.6118143459915611,0.27327282646431583,0.3303437967115097,0.8865740740740741,-1.4673629242819843,2.0156657963446474,0.44675925925925924,0.6527777777777778
2828,0.1736111111111111,0.6118143459915611,0.2704719268793136,0.32884902840059793,0.8865740740740741,-1.5274151436031331,2.1488250652741514,0.4305555555555556,0.6041666666666666
2829,0.1597222222222222,0.6118143459915611,0.25331358474801563,0.31988041853512705,0.8865740740740741,-1.4046997389033942,2.1305483028720626,0.41898148148148145,0.6134259259259259
2830,0.14583333333333334,0.6118143459915611,0.2355261631279731,0.3109118086696562,0.8865740740740741,-1.4647519582245432,2.143603133159269,0.4236111111111111,0.6064814814814815
2831,0.18055555555555555,0.6118143459915611,0.27882553065601656,0.3333333333333333,0.8865740740740741,-1.5091383812010444,2.06266318537859,0.46064814814814814,0.6481481481481481
2832,0.1574074074074074,0.6118143459915611,0.2503936208034943,0.3183856502242152,0.8865740740740741,-1.4308093994778068,2.10443864229765,0.4212962962962963,0.6157407407407407
2833,0.1712962962962963,0.6118143459915611,0.26765446880690463,0.3273542600896861,0.8865740740740741,-1.475195822454308,1.9869451697127938,0.44907407407407407,0.6435185185185185
2834,0.1574074074074074,0.6118143459915611,0.2503936208034943,0.3183856502242152,0.8865740740740741,-1.5300261096605745,2.0574412532637076,0.41435185185185186,0.6296296296296297
2835,0.16203703703703703,0.6118143459915611,0.2562160797677647,0.3213751868460389,0.8865740740740741,-1.4360313315926894,2.0678851174934727,0.4444444444444444,0.6180555555555556
2836,0.15046296296296297,0.6118143459915611,0.2415273239797553,0.31390134529147984,0.8865740740740741,-1.5613577023498695,2.0417754569190603,0.4375,0.6203703703703703
2837,0.1574074074074074,0.6118143459915611,0.2503936208034943,0.3183856502242152,0.8865740740740741,-1.4255874673629243,2.073107049608355,0.42824074074074076,0.6296296296296297
2838,0.17824074074074073,0.6118143459915611,0.27605731310808634,0.33183856502242154,0.8865740740740741,-1.4673629242819843,2.0365535248041775,0.4444444444444444,0.6180555555555556
2839,0.18518518518518517,0.6118143459915611,0.284313725490196,0.336322869955157,0.8865740740740741,-1.4725848563968669,2.088772845953003,0.44675925925925924,0.6087962962962963
2840,0.1527777777777778,0.6118143459915611,0.24450065149076416,0.3153961136023916,0.8865740740740741,-1.3942558746736293,2.0365535248041775,0.42592592592592593,0.6180555555555556
2841,0.14814814814814814,0.6118143459915611,0.23853588319967095,0.312406576980568,0.8865740740740741,-1.3759791122715406,2.033942558746736,0.4398148148148148,0.6319444444444444
2842,0.14351851851851852,0.6118143459915611,0.23249799570693358,0.3094170403587444,0.8865740740740741,-1.328981723237598,1.9973890339425588,0.4444444444444444,0.6504629629629629
2843,0.19212962962962962,0.6118143459915611,0.2924275005770796,0.34080717488789236,0.8865740740740741,-1.4621409921671018,2.02088772845953,0.44907407407407407,0.6157407407407407
2844,0.16666666666666666,0.6118143459915611,0.26196928635953026,0.3243647234678625,0.8865740740740741,-1.4516971279373367,2.0678851174934727,0.4166666666666667,0.6087962962962963
2845,0.1574074074074074,0.6118143459915611,0.2503936208034943,0.3183856502242152,0.8865740740740741,-1.3942558746736293,2.0052219321148823,0.44212962962962965,0.6365740740740741
2846,0.1574074074074074,0.6118143459915611,0.2503936208034943,0.3183856502242152,0.8865740740740741,-1.3785900783289817,2.0992167101827675,0.4236111111111111,0.6180555555555556
2847,0.17592592592592593,0.6118143459915611,0.27327282646431583,0.3303437967115097,0.8865740740740741,-1.4778067885117494,2.1253263707571803,0.41898148148148145,0.6041666666666666
2848,0.16435185185185186,0.6118143459915611,0.25910126215913526,0.32286995515695066,0.8865740740740741,-1.5065274151436032,2.0913838120104438,0.4444444444444444,0.6087962962962963
2849,0.1527777777777778,0.6118143459915611,0.24450065149076416,0.3153961136023916,0.8865740740740741,-1.5326370757180157,2.1383812010443863,0.4097222222222222,0.6319444444444444
2850,0.18981481481481483,0.6118143459915611,0.2897385286448815,0.3393124065769806,0.8865740740740741,-1.402088772845953,1.9921671018276763,0.44212962962962965,0.6365740740740741
2851,0.1550925925925926,0.6118143459915611,0.24745602975076095,0.31689088191330345,0.8865740740740741,-1.556135770234987,2.1932114882506526,0.40046296296296297,0.5902777777777778
2852,0.1736111111111111,0.6118143459915611,0.2704719268793136,0.32884902840059793,0.8865740740740741,-1.4255874673629243,2.0678851174934727,0.44907407407407407,0.6157407407407407
2853,0.1527777777777778,0.6118143459915611,0.24450065149076416,0.3153961136023916,0.8865740740740741,-1.4308093994778068,2.093994778067885,0.41898148148148145,0.6134259259259259
2854,0.1550925925925926,0.6118143459915611,0.24745602975076095,0.31689088191330345,0.8865740740740741,-1.4386422976501305,1.9921671018276763,0.4513888888888889,0.6527777777777778
2855,0.1527777777777778,0.6118143459915611,0.24450065149076416,0.3153961136023916,0.8865740740740741,-1.483028720626632,2.093994778067885,0.43287037037037035,0.6226851851851852
2856,0.16666666666666666,0.6118143459915611,0.26196928635953026,0.3243647234678625,0.8865740740740741,-1.4908616187989556,2.049608355091384,0.4537037037037037,0.625
2857,0.17824074074074073,0.6118143459915611,0.27605731310808634,0.33183856502242154,0.8865740740740741,-1.5822454308093994,2.16710182767624,0.42592592592592593,0.6157407407407407
2858,0.1550925925925926,0.6118143459915611,0.24745602975076095,0.31689088191330345,0.8865740740740741,-1.4595300261096606,2.0652741514360313,0.42824074074074076,0.6273148148148148
2859,0.16435185185185186,0.6118143459915611,0.25910126215913526,0.32286995515695066,0.8865740740740741,-1.577023498694517,2.0992167101827675,0.42824074074074076,0.6134259259259259
2860,0.16898148148148148,0.6118143459915611,0.264820304974919,0.32585949177877427,0.8865740740740741,-1.4621409921671018,2.0417754569190603,0.4583333333333333,0.6273148148148148
2861,0.17592592592592593,0.6118143459915611,0.27327282646431583,0.3303437967115097,0.8865740740740741,-1.360313315926893,2.0182767624020888,0.4444444444444444,0.6180555555555556
2862,0.17824074074074073,0.6118143459915611,0.27605731310808634,0.33183856502242154,0.8865740740740741,-1.4386422976501305,2.1070496083550916,0.4212962962962963,0.6064814814814815
2863,0.1597222222222222,0.6118143459915611,0.25331358474801563,0.31988041853512705,0.8865740740740741,-1.5013054830287207,2.0809399477806787,0.4444444444444444,0.6157407407407407
2864,0.1550925925925926,0.6118143459915611,0.24745602975076095,0.31689088191330345,0.8865740740740741,-1.4647519582245432,2.044386422976501,0.46296296296296297,0.6365740740740741
2865,0.1712962962962963,0.6118143459915611,0.26765446880690463,0.3273542600896861,0.8865740740740741,-1.3681462140992167,2.0783289817232378,0.4236111111111111,0.6087962962962963
2866,0.16666666666666666,0.6118143459915611,0.26196928635953026,0.3243647234678625,0.8865740740740741,-1.4699738903394255,2.195822454308094,0.41898148148148145,0.5925925925925926
2867,0.17592592592592593,0.6118143459915611,0.27327282646431583,0.3303437967115097,0.8865740740740741,-1.412532637075718,2.049608355091384,0.46064814814814814,0.6388888888888888
2868,0.16898148148148148,0.6118143459915611,0.264820304974919,0.32585949177877427,0.8865740740740741,-1.4882506527415145,2.0783289817232378,0.4537037037037037,0.625
2869,0.1736111111111111,0.6118143459915611,0.2704719268793136,0.32884902840059793,0.8865740740740741,-1.4882506527415145,2.2088772845953004,0.4050925925925926,0.5995370370370371
2870,0.16898148148148148,0.6118143459915611,0.264820304974919,0.32585949177877427,0.8865740740740741,-1.5691906005221932,2.0966057441253265,0.4305555555555556,0.6087962962962963
2871,0.18518518518518517,0.6118143459915611,0.284313725490196,0.336322869955157,0.8865740740740741,-1.4203655352480418,2.0417754569190603,0.44907407407407407,0.6087962962962963
2872,0.1597222222222222,0.6118143459915611,0.25331358474801563,0.31988041853512705,0.8865740740740741,-1.5039164490861618,2.135770234986945,0.43287037037037035,0.625
2873,0.16203703703703703,0.6118143459915611,0.2562160797677647,0.3213751868460389,0.8865740740740741,-1.6318537859007833,2.1801566579634466,0.4236111111111111,0.5925925925925926
2874,0.15046296296296297,0.6118143459915611,0.2415273239797553,0.31390134529147984,0.8865740740740741,-1.2976501305483028,2.044386422976501,0.4537037037037037,0.6319444444444444
2875,0.14814814814814814,0.6118143459915611,0.23853588319967095,0.312406576980568,0.8865740740740741,-1.6657963446475197,2.1879895561357703,0.4166666666666667,0.6041666666666666
2876,0.16203703703703703,0.6118143459915611,0.2562160797677647,0.3213751868460389,0.8865740740740741,-1.5039164490861618,2.10443864229765,0.4375,0.6134259259259259
2877,0.1388888888888889,0.6118143459915611,0.22638563622170177,0.3064275037369208,0.8865740740740741,-1.5195822454308094,2.1409921671018277,0.42592592592592593,0.6157407407407407
2878,0.1712962962962963,0.6118143459915611,0.26765446880690463,0.3273542600896861,0.8865740740740741,-1.4986945169712793,2.052219321148825,0.4166666666666667,0.6111111111111112
2879,0.16435185185185186,0.6118143459915611,0.25910126215913526,0.32286995515695066,0.8865740740740741,-1.3524804177545693,2.1409921671018277,0.4212962962962963,0.6157407407407407
2880,0.18981481481481483,0.6118143459915611,0.2897385286448815,0.3393124065769806,0.8865740740740741,-1.360313315926893,2.0078328981723237,0.4652777777777778,0.6226851851851852
2881,0.1574074074074074,0.6118143459915611,0.2503936208034943,0.3183856502242152,0.8865740740740741,-1.4281984334203655,2.0704960835509136,0.4166666666666667,0.6203703703703703
2882,0.2013888888888889,0.6118143459915611,0.30303030303030304,0.34678624813153963,0.8865740740740741,-1.412532637075718,1.9921671018276763,0.4375,0.6296296296296297
2883,0.1712962962962963,0.6118143459915611,0.26765446880690463,0.3273542600896861,0.8865740740740741,-1.4046997389033942,2.156657963446475,0.4444444444444444,0.6041666666666666
2884,0.1574074074074074,0.6118143459915611,0.2503936208034943,0.3183856502242152,0.8865740740740741,-1.4934725848563968,2.052219321148825,0.42824074074074076,0.6319444444444444
2885,0.14583333333333334,0.6118143459915611,0.2355261631279731,0.3109118086696562,0.8865740740740741,-1.516971279373368,2.117493472584856,0.4444444444444444,0.6203703703703703
2886,0.18055555555555555,0.6118143459915611,0.27882553065601656,0.3333333333333333,0.8865740740740741,-1.3394255874673628,1.9503916449086163,0.44212962962962965,0.6458333333333334
2887,0.17824074074074073,0.6118143459915611,0.27605731310808634,0.33183856502242154,0.8865740740740741,-1.3263707571801566,2.0417754569190603,0.42824074074074076,0.625
2888,0.1527777777777778,0.6118143459915611,0.24450065149076416,0.3153961136023916,0.8865740740740741,-1.4490861618798956,2.1279373368146213,0.41435185185185186,0.6180555555555556
2889,0.16666666666666666,0.6118143459915611,0.26196928635953026,0.3243647234678625,0.8865740740740741,-1.597911227154047,2.1253263707571803,0.41435185185185186,0.6203703703703703
2890,0.1574074074074074,0.6118143459915611,0.2503936208034943,0.3183856502242152,0.8865740740740741,-1.3655352480417755,2.0861618798955615,0.43287037037037035,0.6041666666666666
2891,0.1597222222222222,0.6118143459915611,0.25331358474801563,0.31988041853512705,0.8865740740740741,-1.6266318537859008,2.164490861618799,0.4097222222222222,0.5902777777777778
2892,0.14351851851851852,0.6118143459915611,0.23249799570693358,0.3094170403587444,0.8865740740740741,-1.4778067885117494,2.172323759791123,0.4050925925925926,0.5995370370370371
2893,0.1527777777777778,0.6118143459915611,0.24450065149076416,0.3153961136023916,0.8865740740740741,-1.4308093994778068,2.0783289817232378,0.4375,0.6226851851851852
2894,0.1527777777777778,0.6118143459915611,0.24450065149076416,0.3153961136023916,0.8865740740740741,-1.4099216710182767,2.073107049608355,0.42824074074074076,0.6157407407407407
2895,0.1574074074074074,0.6118143459915611,0.2503936208034943,0.3183856502242152,0.8865740740740741,-1.4151436031331592,2.052219321148825,0.41898148148148145,0.6203703703703703
2896,0.1574074074074074,0.6118143459915611,0.2503936208034943,0.3183856502242152,0.8865740740740741,-1.485639686684073,2.1592689295039165,0.41203703703703703,0.6064814814814815
2897,0.1550925925925926,0.6118143459915611,0.24745602975076095,0.31689088191330345,0.8865740740740741,-1.5117493472584855,2.0757180156657964,0.4375,0.6435185185185185
2898,0.17592592592592593,0.6118143459915611,0.27327282646431583,0.3303437967115097,0.8865740740740741,-1.5300261096605745,2.031331592689295,0.4212962962962963,0.6342592592592593
2899,0.17592592592592593,0.6118143459915611,0.27327282646431583,0.3303437967115097,0.8865740740740741,-1.4386422976501305,2.060052219321149,0.4398148148148148,0.6342592592592593
2900,0.16435185185185186,0.6118143459915611,0.25910126215913526,0.32286995515695066,0.8865740740740741,-1.441253263707572,2.1201044386422976,0.42592592592592593,0.6018518518518519
2901,0.19212962962962962,0.6118143459915611,0.2924275005770796,0.34080717488789236,0.8865740740740741,-1.4177545691906006,2.044386422976501,0.44212962962962965,0.6319444444444444
2902,0.2013888888888889,0.6118143459915611,0.30303030303030304,0.34678624813153963,0.8865740740740741,-1.4647519582245432,2.028720626631854,0.44675925925925924,0.625
2903,0.16666666666666666,0.6118143459915611,0.26196928635953026,0.3243647234678625,0.8865740740740741,-1.3420365535248042,2.06266318537859,0.4398148148148148,0.6226851851851852
2904,0.17824074074074073,0.6118143459915611,0.27605731310808634,0.33183856502242154,0.8865740740740741,-1.3394255874673628,2.0861618798955615,0.4305555555555556,0.6018518518518519
2905,0.1875,0.6118143459915611,0.28703398218409765,0.33781763826606875,0.8865740740740741,-1.3942558746736293,1.95822454308094,0.4583333333333333,0.6273148148148148
2906,0.1412037037037037,0.6118143459915611,0.22945121081235326,0.30792227204783257,0.8865740740740741,-1.391644908616188,2.0861618798955615,0.46064814814814814,0.6157407407407407
2907,0.16203703703703703,0.6118143459915611,0.2562160797677647,0.3213751868460389,0.8865740740740741,-1.4960835509138382,2.039164490861619,0.4375,0.6458333333333334
2908,0.1412037037037037,0.6118143459915611,0.22945121081235326,0.30792227204783257,0.8865740740740741,-1.4934725848563968,2.0783289817232378,0.41435185185185186,0.625
2909,0.1875,0.6118143459915611,0.28703398218409765,0.33781763826606875,0.8865740740740741,-1.5483028720626633,2.112271540469974,0.4351851851851852,0.6157407407407407
2910,0.1597222222222222,0.6118143459915611,0.25331358474801563,0.31988041853512705,0.8865740740740741,-1.556135770234987,2.1201044386422976,0.42824074074074076,0.625
2911,0.15046296296296297,0.6118143459915611,0.2415273239797553,0.31390134529147984,0.8865740740740741,-1.3812010443864229,2.0652741514360313,0.41898148148148145,0.6203703703703703
2912,0.1597222222222222,0.6118143459915611,0.25331358474801563,0.31988041853512705,0.8865740740740741,-1.6214099216710183,2.0966057441253265,0.41898148148148145,0.6319444444444444
2913,0.1574074074074074,0.6118143459915611,0.2503936208034943,0.3183856502242152,0.8865740740740741,-1.4647519582245432,2.143603133159269,0.4513888888888889,0.6064814814814815
2914,0.18981481481481483,0.6118143459915611,0.2897385286448815,0.3393124065769806,0.8865740740740741,-1.5274151436031331,2.0026109660574414,0.44907407407407407,0.6296296296296297
2915,0.1527777777777778,0.6118143459915611,0.24450065149076416,0.3153961136023916,0.8865740740740741,-1.3968668407310705,2.060052219321149,0.4444444444444444,0.6273148148148148
2916,0.1388888888888889,0.6118143459915611,0.22638563622170177,0.3064275037369208,0.8865740740740741,-1.485639686684073,2.117493472584856,0.41435185185185186,0.6157407407407407
2917,0.17592592592592593,0.6118143459915611,0.27327282646431583,0.3303437967115097,0.8865740740740741,-1.4490861618798956,2.0652741514360313,0.4398148148148148,0.6203703703703703
2918,0.1412037037037037,0.6118143459915611,0.22945121081235326,0.30792227204783257,0.8865740740740741,-1.4308093994778068,2.156657963446475,0.4212962962962963,0.6111111111111112
2919,0.14351851851851852,0.6118143459915611,0.23249799570693358,0.3094170403587444,0.8865740740740741,-1.5274151436031331,2.0861618798955615,0.4351851851851852,0.6226851851851852
2920,0.1388888888888889,0.6118143459915611,0.22638563622170177,0.3064275037369208,0.8865740740740741,-1.5483028720626633,2.1592689295039165,0.4166666666666667,0.6226851851851852
2921,0.1875,0.6118143459915611,0.28703398218409765,0.33781763826606875,0.8865740740740741,-1.5274151436031331,2.033942558746736,0.44675925925925924,0.6203703703703703
2922,0.16898148148148148,0.6118143459915611,0.264820304974919,0.32585949177877427,0.8865740740740741,-1.4046997389033942,2.0417754569190603,0.46064814814814814,0.6134259259259259
2923,0.1712962962962963,0.6118143459915611,0.26765446880690463,0.3273542600896861,0.8865740740740741,-1.3785900783289817,1.9843342036553524,0.44907407407407407,0.625
2924,0.18055555555555555,0.6118143459915611,0.27882553065601656,0.3333333333333333,0.8865740740740741,-1.4725848563968669,2.1253263707571803,0.4375,0.6064814814814815
2925,0.19444444444444445,0.6118143459915611,0.2951010321267626,0.3423019431988042,0.8865740740740741,-1.597911227154047,2.0783289817232378,0.4675925925925926,0.6157407407407407
2926,0.14351851851851852,0.6118143459915611,0.23249799570693358,0.3094170403587444,0.8865740740740741,-1.422976501305483,2.1592689295039165,0.4166666666666667,0.6180555555555556
2927,0.14814814814814814,0.6118143459915611,0.23853588319967095,0.312406576980568,0.8865740740740741,-1.433420365535248,2.0652741514360313,0.44212962962962965,0.6157407407407407
2928,0.1550925925925926,0.6118143459915611,0.24745602975076095,0.31689088191330345,0.8865740740740741,-1.3838120104438643,2.135770234986945,0.43287037037037035,0.5949074074074074
2929,0.18287037037037038,0.6118143459915611,0.28157762127748487,0.33482810164424515,0.8865740740740741,-1.5378590078328982,2.154046997389034,0.4212962962962963,0.5833333333333334
2930,0.14583333333333334,0.6118143459915611,0.2355261631279731,0.3109118086696562,0.8865740740740741,-1.5456919060052219,2.172323759791123,0.41435185185185186,0.6134259259259259
2931,0.17592592592592593,0.6118143459915611,0.27327282646431583,0.3303437967115097,0.8865740740740741,-1.483028720626632,2.1148825065274153,0.4212962962962963,0.6087962962962963
2932,0.16898148148148148,0.6118143459915611,0.264820304974919,0.32585949177877427,0.8865740740740741,-1.422976501305483,2.0652741514360313,0.4398148148148148,0.6342592592592593
2933,0.16435185185185186,0.6118143459915611,0.25910126215913526,0.32286995515695066,0.8865740740740741,-1.5430809399477807,2.0548302872062663,0.45601851851851855,0.625
2934,0.1712962962962963,0.6118143459915611,0.26765446880690463,0.3273542600896861,0.8865740740740741,-1.4908616187989556,2.0704960835509136,0.4305555555555556,0.6203703703703703
2935,0.1550925925925926,0.6118143459915611,0.24745602975076095,0.31689088191330345,0.8865740740740741,-1.5117493472584855,2.1279373368146213,0.4351851851851852,0.6134259259259259
2936,0.1574074074074074,0.6118143459915611,0.2503936208034943,0.3183856502242152,0.8865740740740741,-1.566579634464752,2.10443864229765,0.42592592592592593,0.6180555555555556
2937,0.1527777777777778,0.6118143459915611,0.24450065149076416,0.3153961136023916,0.8865740740740741,-1.5195822454308094,2.1096605744125325,0.4097222222222222,0.6203703703703703
2938,0.13657407407407407,0.6118143459915611,0.22330109758166605,0.30493273542600896,0.8865740740740741,-1.433420365535248,2.049608355091384,0.45601851851851855,0.6226851851851852
2939,0.15046296296296297,0.6118143459915611,0.2415273239797553,0.31390134529147984,0.8865740740740741,-1.4543080939947781,2.033942558746736,0.4375,0.6203703703703703
2940,0.16435185185185186,0.6118143459915611,0.25910126215913526,0.32286995515695066,0.8865740740740741,-1.4360313315926894,2.02088772845953,0.4583333333333333,0.6157407407407407
2941,0.1875,0.6118143459915611,0.28703398218409765,0.33781763826606875,0.8865740740740741,-1.349869451697128,1.9451697127937337,0.4444444444444444,0.6458333333333334
2942,0.2037037037037037,0.6118143459915611,0.30564338411420905,0.3482810164424514,0.8865740740740741,-1.4464751958224542,1.989556135770235,0.4675925925925926,0.6342592592592593
2943,0.15046296296296297,0.6118143459915611,0.2415273239797553,0.31390134529147984,0.8865740740740741,-1.3733681462140992,2.0574412532637076,0.4444444444444444,0.6296296296296297
2944,0.14583333333333334,0.6118143459915611,0.2355261631279731,0.3109118086696562,0.8865740740740741,-1.5483028720626633,2.174934725848564,0.41203703703703703,0.5995370370370371
2945,0.1597222222222222,0.6118143459915611,0.25331358474801563,0.31988041853512705,0.8865740740740741,-1.5352480417754568,2.088772845953003,0.4375,0.6180555555555556
2946,0.1550925925925926,0.6118143459915611,0.24745602975076095,0.31689088191330345,0.8865740740740741,-1.5456919060052219,2.0992167101827675,0.3912037037037037,0.6157407407407407
2947,0.18287037037037038,0.6118143459915611,0.28157762127748487,0.33482810164424515,0.8865740740740741,-1.422976501305483,2.0078328981723237,0.44907407407407407,0.6412037037037037
2948,0.18981481481481483,0.6118143459915611,0.2897385286448815,0.3393124065769806,0.8865740740740741,-1.4647519582245432,2.028720626631854,0.4583333333333333,0.625
2949,0.1527777777777778,0.6118143459915611,0.24450065149076416,0.3153961136023916,0.8865740740740741,-1.5039164490861618,2.1253263707571803,0.4305555555555556,0.6018518518518519
2950,0.1736111111111111,0.6118143459915611,0.2704719268793136,0.32884902840059793,0.8865740740740741,-1.3629242819843341,1.9947780678851175,0.43287037037037035,0.6342592592592593
2951,0.14351851851851852,0.6118143459915611,0.23249799570693358,0.3094170403587444,0.8865740740740741,-1.5352480417754568,2.156657963446475,0.4375,0.6134259259259259
2952,0.16666666666666666,0.6118143459915611,0.26196928635953026,0.3243647234678625,0.8865740740740741,-1.4308093994778068,2.0052219321148823,0.4375,0.6365740740740741
2953,0.16435185185185186,0.6118143459915611,0.25910126215913526,0.32286995515695066,0.8865740740740741,-1.5039164490861618,2.093994778067885,0.4375,0.6273148148148148
2954,0.19444444444444445,0.6118143459915611,0.2951010321267626,0.3423019431988042,0.8865740740740741,-1.3864229765013054,1.9817232375979112,0.4305555555555556,0.6273148148148148
2955,0.16203703703703703,0.6118143459915611,0.2562160797677647,0.3213751868460389,0.8865740740740741,-1.3446475195822454,2.0966057441253265,0.4375,0.6180555555555556
2956,0.18981481481481483,0.6118143459915611,0.2897385286448815,0.3393124065769806,0.8865740740740741,-1.4203655352480418,2.0052219321148823,0.4699074074074074,0.6365740740740741
2957,0.16666666666666666,0.6118143459915611,0.26196928635953026,0.3243647234678625,0.8865740740740741,-1.4360313315926894,2.0678851174934727,0.44907407407407407,0.6087962962962963
2958,0.16435185185185186,0.6118143459915611,0.25910126215913526,0.32286995515695066,0.8865740740740741,-1.3133159268929504,2.0704960835509136,0.42592592592592593,0.6134259259259259
2959,0.14583333333333334,0.6118143459915611,0.2355261631279731,0.3109118086696562,0.8865740740740741,-1.5404699738903394,2.177545691906005,0.4212962962962963,0.6087962962962963
2960,0.16203703703703703,0.6118143459915611,0.2562160797677647,0.3213751868460389,0.8865740740740741,-1.422976501305483,2.039164490861619,0.4537037037037037,0.6180555555555556
2961,0.19444444444444445,0.6118143459915611,0.2951010321267626,0.3423019431988042,0.8865740740740741,-1.3785900783289817,1.9843342036553524,0.45601851851851855,0.6203703703703703
2962,0.16203703703703703,0.6118143459915611,0.2562160797677647,0.3213751868460389,0.8865740740740741,-1.5378590078328982,2.0704960835509136,0.41898148148148145,0.625
2963,0.1550925925925926,0.6118143459915611,0.24745602975076095,0.31689088191330345,0.8865740740740741,-1.5509138381201044,2.1305483028720626,0.43287037037037035,0.6180555555555556
2964,0.1875,0.6118143459915611,0.28703398218409765,0.33781763826606875,0.8865740740740741,-1.3838120104438643,2.0365535248041775,0.44907407407407407,0.6203703703703703
2965,0.16666666666666666,0.6118143459915611,0.26196928635953026,0.3243647234678625,0.8865740740740741,-1.4073107049608355,2.1279373368146213,0.42824074074074076,0.6087962962962963
2966,0.19675925925925927,0.6118143459915611,0.29775925590384733,0.34379671150971597,0.8865740740740741,-1.4203655352480418,2.0052219321148823,0.4444444444444444,0.6203703703703703
2967,0.1550925925925926,0.6118143459915611,0.24745602975076095,0.31689088191330345,0.8865740740740741,-1.483028720626632,1.9947780678851175,0.4513888888888889,0.6388888888888888
2968,0.1597222222222222,0.6118143459915611,0.25331358474801563,0.31988041853512705,0.8865740740740741,-1.3733681462140992,2.0365535248041775,0.4351851851851852,0.6388888888888888
2969,0.13657407407407407,0.6118143459915611,0.22330109758166605,0.30493273542600896,0.8865740740740741,-1.587467362924282,2.161879895561358,0.42592592592592593,0.5995370370370371
2970,0.1550925925925926,0.6118143459915611,0.24745602975076095,0.31689088191330345,0.8865740740740741,-1.4647519582245432,2.0757180156657964,0.4398148148148148,0.6134259259259259
2971,0.16203703703703703,0.6118143459915611,0.2562160797677647,0.3213751868460389,0.8865740740740741,-1.516971279373368,2.0861618798955615,0.4166666666666667,0.6226851851851852
2972,0.16435185185185186,0.6118143459915611,0.25910126215913526,0.32286995515695066,0.8865740740740741,-1.5430809399477807,2.206266318537859,0.42824074074074076,0.6203703703703703
2973,0.1597222222222222,0.6118143459915611,0.25331358474801563,0.31988041853512705,0.8865740740740741,-1.4960835509138382,2.117493472584856,0.4351851851851852,0.6180555555555556
2974,0.16435185185185186,0.6118143459915611,0.25910126215913526,0.32286995515695066,0.8865740740740741,-1.5900783289817233,2.1279373368146213,0.4305555555555556,0.6180555555555556
2975,0.1527777777777778,0.6118143459915611,0.24450065149076416,0.3153961136023916,0.8865740740740741,-1.5483028720626633,2.0966057441253265,0.4212962962962963,0.6296296296296297
2976,0.1550925925925926,0.6118143459915611,0.24745602975076095,0.31689088191330345,0.8865740740740741,-1.475195822454308,2.0757180156657964,0.4513888888888889,0.6273148148148148
2977,0.15046296296296297,0.6118143459915611,0.2415273239797553,0.31390134529147984,0.8865740740740741,-1.2898172323759791,1.9843342036553524,0.4398148148148148,0.6435185185185185
2978,0.1527777777777778,0.6118143459915611,0.24450065149076416,0.3153961136023916,0.8865740740740741,-1.5274151436031331,2.0652741514360313,0.4375,0.6273148148148148
2979,0.1388888888888889,0.6118143459915611,0.22638563622170177,0.3064275037369208,0.8865740740740741,-1.4621409921671018,2.1409921671018277,0.40046296296296297,0.6111111111111112
2980,0.17592592592592593,0.6118143459915611,0.27327282646431583,0.3303437967115097,0.8865740740740741,-1.4464751958224542,2.0417754569190603,0.4236111111111111,0.625
2981,0.16898148148148148,0.6118143459915611,0.264820304974919,0.32585949177877427,0.8865740740740741,-1.412532637075718,2.0861618798955615,0.42824074074074076,0.6157407407407407
2982,0.13657407407407407,0.6118143459915611,0.22330109758166605,0.30493273542600896,0.8865740740740741,-1.3420365535248042,2.0365535248041775,0.42592592592592593,0.6435185185185185
2983,0.1875,0.6118143459915611,0.28703398218409765,0.33781763826606875,0.8865740740740741,-1.433420365535248,1.9817232375979112,0.44907407407407407,0.6342592592592593
2984,0.1597222222222222,0.6118143459915611,0.25331358474801563,0.31988041853512705,0.8865740740740741,-1.4647519582245432,2.0966057441253265,0.4305555555555556,0.6273148148148148
2985,0.16435185185185186,0.6118143459915611,0.25910126215913526,0.32286995515695066,0.8865740740740741,-1.4882506527415145,2.1096605744125325,0.41435185185185186,0.6064814814814815
2986,0.16666666666666666,0.6118143459915611,0.26196928635953026,0.3243647234678625,0.8865740740740741,-1.3002610966057442,1.9634464751958225,0.4444444444444444,0.6388888888888888
2987,0.16898148148148148,0.6118143459915611,0.264820304974919,0.32585949177877427,0.8865740740740741,-1.4203655352480418,2.093994778067885,0.4351851851851852,0.6273148148148148
2988,0.20601851851851852,0.6118143459915611,0.3082416729365961,0.34977578475336324,0.8865740740740741,-1.422976501305483,1.9503916449086163,0.4699074074074074,0.6388888888888888
2989,0.15046296296296297,0.6118143459915611,0.2415273239797553,0.31390134529147984,0.8865740740740741,-1.3785900783289817,2.0261096605744124,0.4722222222222222,0.6226851851851852
2990,0.18981481481481483,0.6118143459915611,0.2897385286448815,0.3393124065769806,0.8865740740740741,-1.5744125326370757,2.033942558746736,0.44212962962962965,0.6180555555555556
2991,0.1550925925925926,0.6118143459915611,0.24745602975076095,0.31689088191330345,0.8865740740740741,-1.4177545691906006,2.1801566579634466,0.41898148148148145,0.6180555555555556
2992,0.1527777777777778,0.6118143459915611,0.24450065149076416,0.3153961136023916,0.8865740740740741,-1.566579634464752,2.1827676240208875,0.39814814814814814,0.6134259259259259
2993,0.17824074074074073,0.6118143459915611,0.27605731310808634,0.33183856502242154,0.8865740740740741,-1.4308093994778068,2.0,0.4537037037037037,0.6388888888888888
2994,0.1574074074074074,0.6118143459915611,0.2503936208034943,0.3183856502242152,0.8865740740740741,-1.5926892950391645,2.1409921671018277,0.4236111111111111,0.6180555555555556
2995,0.16435185185185186,0.6118143459915611,0.25910126215913526,0.32286995515695066,0.8865740740740741,-1.318537859007833,2.0966057441253265,0.4166666666666667,0.6087962962962963
2996,0.15046296296296297,0.6118143459915611,0.2415273239797553,0.31390134529147984,0.8865740740740741,-1.2715404699738904,2.028720626631854,0.4398148148148148,0.6504629629629629
2997,0.16435185185185186,0.6118143459915611,0.25910126215913526,0.32286995515695066,0.8865740740740741,-1.5900783289817233,2.0809399477806787,0.4305555555555556,0.625
2998,0.17592592592592593,0.6118143459915611,0.27327282646431583,0.3303437967115097,0.8865740740740741,-1.4073107049608355,2.0966057441253265,0.44675925925925924,0.6134259259259259
2999,0.14583333333333334,0.6118143459915611,0.2355261631279731,0.3109118086696562,0.8865740740740741,-1.4621409921671018,2.1201044386422976,0.4097222222222222,0.6134259259259259
3000,0.1597222222222222,0.6118143459915611,0.25331358474801563,0.31988041853512705,0.8865740740740741,-1.3759791122715406,2.0026109660574414,0.46064814814814814,0.6273148148148148
3001,0.16666666666666666,0.6118143459915611,0.26196928635953026,0.3243647234678625,0.8865740740740741,-1.5744125326370757,2.044386422976501,0.44675925925925924,0.6203703703703703
3002,0.14583333333333334,0.6118143459915611,0.2355261631279731,0.3109118086696562,0.8865740740740741,-1.5900783289817233,2.185378590078329,0.4097222222222222,0.6111111111111112
3003,0.17592592592592593,0.6118143459915611,0.27327282646431583,0.3303437967115097,0.8865740740740741,-1.5718015665796345,2.0417754569190603,0.4398148148148148,0.6203703703703703
3004,0.15046296296296297,0.6118143459915611,0.2415273239797553,0.31390134529147984,0.8865740740740741,-1.516971279373368,2.0861618798955615,0.43287037037037035,0.6157407407407407
3005,0.1527777777777778,0.6118143459915611,0.24450065149076416,0.3153961136023916,0.8865740740740741,-1.524804177545692,2.0574412532637076,0.4444444444444444,0.6435185185185185
3006,0.16435185185185186,0.6118143459915611,0.25910126215913526,0.32286995515695066,0.8865740740740741,-1.4595300261096606,2.0913838120104438,0.42592592592592593,0.6087962962962963
3007,0.14583333333333334,0.6118143459915611,0.2355261631279731,0.3109118086696562,0.8865740740740741,-1.4073107049608355,2.049608355091384,0.4375,0.6157407407407407
3008,0.1574074074074074,0.6118143459915611,0.2503936208034943,0.3183856502242152,0.8865740740740741,-1.3524804177545693,2.06266318537859,0.4444444444444444,0.6203703703703703
3009,0.16898148148148148,0.6118143459915611,0.264820304974919,0.32585949177877427,0.8865740740740741,-1.566579634464752,2.0,0.4513888888888889,0.6134259259259259
3010,0.18981481481481483,0.6118143459915611,0.2897385286448815,0.3393124065769806,0.8865740740740741,-1.5013054830287207,2.023498694516971,0.44212962962962965,0.6412037037037037
3011,0.1574074074074074,0.6118143459915611,0.2503936208034943,0.3183856502242152,0.8865740740740741,-1.514360313315927,2.2036553524804177,0.4212962962962963,0.6157407407407407
3012,0.16898148148148148,0.6118143459915611,0.264820304974919,0.32585949177877427,0.8865740740740741,-1.4177545691906006,2.112271540469974,0.41203703703703703,0.6134259259259259
3013,0.1574074074074074,0.6118143459915611,0.2503936208034943,0.3183856502242152,0.8865740740740741,-1.514360313315927,2.1148825065274153,0.43287037037037035,0.6134259259259259
3014,0.1527777777777778,0.6118143459915611,0.24450065149076416,0.3153961136023916,0.8865740740740741,-1.5065274151436032,2.143603133159269,0.4166666666666667,0.6134259259259259
3015,0.15046296296296297,0.6118143459915611,0.2415273239797553,0.31390134529147984,0.8865740740740741,-1.433420365535248,2.1697127937336815,0.4166666666666667,0.6111111111111112
3016,0.18981481481481483,0.6118143459915611,0.2897385286448815,0.3393124065769806,0.8865740740740741,-1.475195822454308,2.0704960835509136,0.43287037037037035,0.6064814814814815
3017,0.16435185185185186,0.6118143459915611,0.25910126215913526,0.32286995515695066,0.8865740740740741,-1.6422976501305484,2.133159268929504,0.41435185185185186,0.6041666666666666
3018,0.16898148148148148,0.6118143459915611,0.264820304974919,0.32585949177877427,0.8865740740740741,-1.4595300261096606,2.028720626631854,0.4398148148148148,0.6180555555555556
3019,0.18287037037037038,0.6118143459915611,0.28157762127748487,0.33482810164424515,0.8865740740740741,-1.3524804177545693,1.9530026109660574,0.4583333333333333,0.6620370370370371
3020,0.14583333333333334,0.6118143459915611,0.2355261631279731,0.3109118086696562,0.8865740740740741,-1.5613577023498695,2.16710182767624,0.4027777777777778,0.5949074074074074
3021,0.14814814814814814,0.6118143459915611,0.23853588319967095,0.312406576980568,0.8865740740740741,-1.3838120104438643,2.093994778067885,0.4212962962962963,0.6342592592592593
3022,0.17824074074074073,0.6118143459915611,0.27605731310808634,0.33183856502242154,0.8865740740740741,-1.5039164490861618,2.1253263707571803,0.41203703703703703,0.6018518518518519
3023,0.1527777777777778,0.6118143459915611,0.24450065149076416,0.3153961136023916,0.8865740740740741,-1.5456919060052219,2.1409921671018277,0.4166666666666667,0.6157407407407407
3024,0.18055555555555555,0.6118143459915611,0.27882553065601656,0.3333333333333333,0.8865740740740741,-1.5718015665796345,2.0574412532637076,0.44675925925925924,0.6319444444444444
3025,0.16203703703703703,0.6118143459915611,0.2562160797677647,0.3213751868460389,0.8865740740740741,-1.4595300261096606,1.9869451697127938,0.46296296296296297,0.6504629629629629
3026,0.1736111111111111,0.6118143459915611,0.2704719268793136,0.32884902840059793,0.8865740740740741,-1.5065274151436032,2.0548302872062663,0.46064814814814814,0.6504629629629629
3027,0.1736111111111111,0.6118143459915611,0.2704719268793136,0.32884902840059793,0.8865740740740741,-1.4543080939947781,1.9138381201044385,0.46064814814814814,0.6597222222222222
3028,0.15046296296296297,0.6118143459915611,0.2415273239797553,0.31390134529147984,0.8865740740740741,-1.5326370757180157,2.2114882506527413,0.39814814814814814,0.5995370370370371
3029,0.16203703703703703,0.6118143459915611,0.2562160797677647,0.3213751868460389,0.8865740740740741,-1.5404699738903394,2.088772845953003,0.4351851851851852,0.6157407407407407
3030,0.16666666666666666,0.6118143459915611,0.26196928635953026,0.3243647234678625,0.8865740740740741,-1.5300261096605745,2.1932114882506526,0.4236111111111111,0.6064814814814815
3031,0.14583333333333334,0.6118143459915611,0.2355261631279731,0.3109118086696562,0.8865740740740741,-1.4046997389033942,2.0156657963446474,0.46296296296296297,0.6458333333333334
3032,0.16435185185185186,0.6118143459915611,0.25910126215913526,0.32286995515695066,0.8865740740740741,-1.433420365535248,2.0548302872062663,0.4351851851851852,0.6365740740740741
3033,0.1712962962962963,0.6118143459915611,0.26765446880690463,0.3273542600896861,0.8865740740740741,-1.524804177545692,2.06266318537859,0.4351851851851852,0.6226851851851852
3034,0.1712962962962963,0.6118143459915611,0.26765446880690463,0.3273542600896861,0.8865740740740741,-1.5430809399477807,2.101827676240209,0.4050925925925926,0.6296296296296297
3035,0.15046296296296297,0.6118143459915611,0.2415273239797553,0.31390134529147984,0.8865740740740741,-1.4281984334203655,2.112271540469974,0.4074074074074074,0.6064814814814815
3036,0.1875,0.6118143459915611,0.28703398218409765,0.33781763826606875,0.8865740740740741,-1.483028720626632,2.010443864229765,0.4583333333333333,0.6342592592592593
3037,0.1712962962962963,0.6118143459915611,0.26765446880690463,0.3273542600896861,0.8865740740740741,-1.4255874673629243,2.088772845953003,0.4444444444444444,0.6111111111111112
3038,0.1712962962962963,0.6118143459915611,0.26765446880690463,0.3273542600896861,0.8865740740740741,-1.3785900783289817,2.1201044386422976,0.4074074074074074,0.6087962962962963
3039,0.18518518518518517,0.6118143459915611,0.284313725490196,0.336322869955157,0.8865740740740741,-1.3237597911227155,1.9347258485639687,0.46064814814814814,0.6319444444444444
3040,0.1388888888888889,0.6118143459915611,0.22638563622170177,0.3064275037369208,0.8865740740740741,-1.4255874673629243,2.14621409921671,0.4398148148148148,0.5925925925925926
3041,0.1550925925925926,0.6118143459915611,0.24745602975076095,0.31689088191330345,0.8865740740740741,-1.5430809399477807,2.1383812010443863,0.41898148148148145,0.6041666666666666
3042,0.16435185185185186,0.6118143459915611,0.25910126215913526,0.32286995515695066,0.8865740740740741,-1.2819843342036554,1.9295039164490861,0.4583333333333333,0.6481481481481481
3043,0.14351851851851852,0.6118143459915611,0.23249799570693358,0.3094170403587444,0.8865740740740741,-1.4595300261096606,2.117493472584856,0.41898148148148145,0.6157407407407407
3044,0.1597222222222222,0.6118143459915611,0.25331358474801563,0.31988041853512705,0.8865740740740741,-1.3681462140992167,2.0783289817232378,0.4375,0.6296296296296297
3045,0.13657407407407407,0.6118143459915611,0.22330109758166605,0.30493273542600896,0.8865740740740741,-1.5404699738903394,2.135770234986945,0.43287037037037035,0.6064814814814815
3046,0.1527777777777778,0.6118143459915611,0.24450065149076416,0.3153961136023916,0.8865740740740741,-1.3994778067885119,2.135770234986945,0.4305555555555556,0.625
3047,0.1597222222222222,0.6118143459915611,0.25331358474801563,0.31988041853512705,0.8865740740740741,-1.433420365535248,1.9921671018276763,0.46064814814814814,0.6342592592592593
3048,0.16203703703703703,0.6118143459915611,0.2562160797677647,0.3213751868460389,0.8865740740740741,-1.514360313315927,2.08355091383812,0.45601851851851855,0.6157407407407407
3049,0.1574074074074074,0.6118143459915611,0.2503936208034943,0.3183856502242152,0.8865740740740741,-1.3968668407310705,2.033942558746736,0.4166666666666667,0.6273148148148148
3050,0.17592592592592593,0.6118143459915611,0.27327282646431583,0.3303437967115097,0.8865740740740741,-1.3054830287206267,2.0052219321148823,0.45601851851851855,0.625
3051,0.18055555555555555,0.6118143459915611,0.27882553065601656,0.3333333333333333,0.8865740740740741,-1.483028720626632,2.073107049608355,0.44212962962962965,0.6111111111111112
3052,0.15046296296296297,0.6118143459915611,0.2415273239797553,0.31390134529147984,0.8865740740740741,-1.4595300261096606,2.0809399477806787,0.42592592592592593,0.6203703703703703
3053,0.17592592592592593,0.6118143459915611,0.27327282646431583,0.3303437967115097,0.8865740740740741,-1.558746736292428,2.060052219321149,0.4351851851851852,0.6134259259259259
3054,0.1875,0.6118143459915611,0.28703398218409765,0.33781763826606875,0.8865740740740741,-1.514360313315927,1.9791122715404699,0.45601851851851855,0.6365740740740741
3055,0.18518518518518517,0.6118143459915611,0.284313725490196,0.336322869955157,0.8865740740740741,-1.4516971279373367,2.073107049608355,0.46296296296296297,0.6226851851851852
3056,0.17592592592592593,0.6118143459915611,0.27327282646431583,0.3303437967115097,0.8865740740740741,-1.4647519582245432,2.0757180156657964,0.4305555555555556,0.6342592592592593
3057,0.16898148148148148,0.6118143459915611,0.264820304974919,0.32585949177877427,0.8865740740740741,-1.4203655352480418,2.031331592689295,0.4398148148148148,0.6481481481481481
3058,0.125,0.6118143459915611,0.20758768790264853,0.2974588938714499,0.8865740740740741,-1.4908616187989556,2.164490861618799,0.4097222222222222,0.6203703703703703
3059,0.16898148148148148,0.6118143459915611,0.264820304974919,0.32585949177877427,0.8865740740740741,-1.4882506527415145,2.0574412532637076,0.4351851851851852,0.6111111111111112
3060,0.18287037037037038,0.6118143459915611,0.28157762127748487,0.33482810164424515,0.8865740740740741,-1.4986945169712793,2.031331592689295,0.4444444444444444,0.6273148148148148
3061,0.15046296296296297,0.6118143459915611,0.2415273239797553,0.31390134529147984,0.8865740740740741,-1.5639686684073106,2.1279373368146213,0.44212962962962965,0.6134259259259259
3062,0.18518518518518517,0.6118143459915611,0.284313725490196,0.336322869955157,0.8865740740740741,-1.4281984334203655,1.9660574412532636,0.4537037037037037,0.6342592592592593
3063,0.14351851851851852,0.6118143459915611,0.23249799570693358,0.3094170403587444,0.8865740740740741,-1.483028720626632,2.1305483028720626,0.41203703703703703,0.6111111111111112
3064,0.1712962962962963,0.6118143459915611,0.26765446880690463,0.3273542600896861,0.8865740740740741,-1.4595300261096606,2.060052219321149,0.45601851851851855,0.6342592592592593
3065,0.16435185185185186,0.6118143459915611,0.25910126215913526,0.32286995515695066,0.8865740740740741,-1.4673629242819843,2.1201044386422976,0.4305555555555556,0.6296296296296297
3066,0.1712962962962963,0.6118143459915611,0.26765446880690463,0.3273542600896861,0.8865740740740741,-1.3838120104438643,2.1148825065274153,0.4305555555555556,0.6087962962962963
3067,0.1736111111111111,0.6118143459915611,0.2704719268793136,0.32884902840059793,0.8865740740740741,-1.5195822454308094,2.0261096605744124,0.4444444444444444,0.6319444444444444
3068,0.1550925925925926,0.6118143459915611,0.24745602975076095,0.31689088191330345,0.8865740740740741,-1.5117493472584855,2.0757180156657964,0.4351851851851852,0.6203703703703703
3069,0.17592592592592593,0.6118143459915611,0.27327282646431583,0.3303437967115097,0.8865740740740741,-1.6475195822454307,2.0861618798955615,0.4513888888888889,0.6342592592592593
3070,0.17824074074074073,0.6118143459915611,0.27605731310808634,0.33183856502242154,0.8865740740740741,-1.4386422976501305,2.028720626631854,0.41898148148148145,0.6273148148148148
3071,0.1412037037037037,0.6118143459915611,0.22945121081235326,0.30792227204783257,0.8865740740740741,-1.443864229765013,2.0861618798955615,0.4351851851851852,0.6226851851851852
3072,0.14814814814814814,0.6118143459915611,0.23853588319967095,0.312406576980568,0.8865740740740741,-1.4281984334203655,2.0757180156657964,0.44907407407407407,0.6458333333333334
3073,0.1574074074074074,0.6118143459915611,0.2503936208034943,0.3183856502242152,0.8865740740740741,-1.5300261096605745,2.052219321148825,0.43287037037037035,0.6203703703703703
3074,0.16898148148148148,0.6118143459915611,0.264820304974919,0.32585949177877427,0.8865740740740741,-1.4569190600522193,2.0992167101827675,0.4351851851851852,0.6296296296296297
3075,0.18055555555555555,0.6118143459915611,0.27882553065601656,0.3333333333333333,0.8865740740740741,-1.3681462140992167,2.0678851174934727,0.44212962962962965,0.625
3076,0.1527777777777778,0.6118143459915611,0.24450065149076416,0.3153961136023916,0.8865740740740741,-1.3002610966057442,2.0,0.4675925925925926,0.6226851851851852
3077,0.17592592592592593,0.6118143459915611,0.27327282646431583,0.3303437967115097,0.8865740740740741,-1.3028720626631853,1.9869451697127938,0.4699074074074074,0.6481481481481481
3078,0.1712962962962963,0.6118143459915611,0.26765446880690463,0.3273542600896861,0.8865740740740741,-1.4281984334203655,1.9869451697127938,0.44212962962962965,0.6388888888888888
3079,0.1597222222222222,0.6118143459915611,0.25331358474801563,0.31988041853512705,0.8865740740740741,-1.556135770234987,2.1932114882506526,0.4050925925925926,0.6041666666666666
3080,0.1388888888888889,0.6118143459915611,0.22638563622170177,0.3064275037369208,0.8865740740740741,-1.4543080939947781,2.117493472584856,0.4166666666666667,0.6226851851851852
3081,0.1736111111111111,0.6118143459915611,0.2704719268793136,0.32884902840059793,0.8865740740740741,-1.5117493472584855,1.9765013054830287,0.4513888888888889,0.6319444444444444
3082,0.14351851851851852,0.6118143459915611,0.23249799570693358,0.3094170403587444,0.8865740740740741,-1.4673629242819843,2.0156657963446474,0.4537037037037037,0.6365740740740741
3083,0.1388888888888889,0.6118143459915611,0.22638563622170177,0.3064275037369208,0.8865740740740741,-1.566579634464752,2.135770234986945,0.41898148148148145,0.6157407407407407
3084,0.1550925925925926,0.6118143459915611,0.24745602975076095,0.31689088191330345,0.8865740740740741,-1.4464751958224542,1.989556135770235,0.45601851851851855,0.6365740740740741
3085,0.1597222222222222,0.6118143459915611,0.25331358474801563,0.31988041853512705,0.8865740740740741,-1.5822454308093994,2.031331592689295,0.44212962962962965,0.6157407407407407
3086,0.1875,0.6118143459915611,0.28703398218409765,0.33781763826606875,0.8865740740740741,-1.3550913838120104,2.0548302872062663,0.44675925925925924,0.6296296296296297
3087,0.16203703703703703,0.6118143459915611,0.2562160797677647,0.3213751868460389,0.8865740740740741,-1.5796344647519582,2.0704960835509136,0.45601851851851855,0.6319444444444444
3088,0.1712962962962963,0.6118143459915611,0.26765446880690463,0.3273542600896861,0.8865740740740741,-1.3263707571801566,2.031331592689295,0.46296296296296297,0.6388888888888888
3089,0.18981481481481483,0.6118143459915611,0.2897385286448815,0.3393124065769806,0.8865740740740741,-1.524804177545692,2.02088772845953,0.44907407407407407,0.6180555555555556
3090,0.16203703703703703,0.6118143459915611,0.2562160797677647,0.3213751868460389,0.8865740740740741,-1.318537859007833,2.101827676240209,0.4375,0.6157407407407407
3091,0.16898148148148148,0.6118143459915611,0.264820304974919,0.32585949177877427,0.8865740740740741,-1.4595300261096606,2.060052219321149,0.4398148148148148,0.6365740740740741
3092,0.16666666666666666,0.6118143459915611,0.26196928635953026,0.3243647234678625,0.8865740740740741,-1.422976501305483,2.0704960835509136,0.4375,0.6226851851851852
3093,0.1388888888888889,0.6118143459915611,0.22638563622170177,0.3064275037369208,0.8865740740740741,-1.5039164490861618,2.1305483028720626,0.41203703703703703,0.6319444444444444
3094,0.14814814814814814,0.6118143459915611,0.23853588319967095,0.312406576980568,0.8865740740740741,-1.4934725848563968,2.0992167101827675,0.4351851851851852,0.625
3095,0.1597222222222222,0.6118143459915611,0.25331358474801563,0.31988041853512705,0.8865740740740741,-1.4360313315926894,2.0156657963446474,0.46064814814814814,0.6412037037037037
3096,0.16435185185185186,0.6118143459915611,0.25910126215913526,0.32286995515695066,0.8865740740740741,-1.3890339425587468,2.151436031331593,0.41203703703703703,0.6111111111111112
3097,0.17824074074074073,0.6118143459915611,0.27605731310808634,0.33183856502242154,0.8865740740740741,-1.3133159268929504,2.0026109660574414,0.44212962962962965,0.6365740740740741
3098,0.1712962962962963,0.6118143459915611,0.26765446880690463,0.3273542600896861,0.8865740740740741,-1.6579634464751958,2.1279373368146213,0.4236111111111111,0.6041666666666666
3099,0.15046296296296297,0.6118143459915611,0.2415273239797553,0.31390134529147984,0.8865740740740741,-1.3785900783289817,2.08355091383812,0.42592592592592593,0.6180555555555556
3100,0.14351851851851852,0.6118143459915611,0.23249799570693358,0.3094170403587444,0.8865740740740741,-1.5639686684073106,2.0913838120104438,0.43287037037037035,0.6319444444444444
3101,0.18055555555555555,0.6118143459915611,0.27882553065601656,0.3333333333333333,0.8865740740740741,-1.5039164490861618,2.0261096605744124,0.43287037037037035,0.6296296296296297
3102,0.16898148148148148,0.6118143459915611,0.264820304974919,0.32585949177877427,0.8865740740740741,-1.629242819843342,2.177545691906005,0.4212962962962963,0.6064814814814815
3103,0.1550925925925926,0.6118143459915611,0.24745602975076095,0.31689088191330345,0.8865740740740741,-1.5274151436031331,2.185378590078329,0.4236111111111111,0.5856481481481481
3104,0.1527777777777778,0.6118143459915611,0.24450065149076416,0.3153961136023916,0.8865740740740741,-1.4647519582245432,2.0652741514360313,0.42824074074074076,0.6180555555555556
3105,0.20601851851851852,0.6118143459915611,0.3082416729365961,0.34977578475336324,0.8865740740740741,-1.3107049608355092,2.010443864229765,0.44907407407407407,0.6203703703703703
3106,0.1597222222222222,0.6118143459915611,0.25331358474801563,0.31988041853512705,0.8865740740740741,-1.3968668407310705,2.060052219321149,0.44675925925925924,0.6296296296296297
3107,0.16898148148148148,0.6118143459915611,0.264820304974919,0.32585949177877427,0.8865740740740741,-1.3942558746736293,2.073107049608355,0.42592592592592593,0.625
3108,0.17592592592592593,0.6118143459915611,0.27327282646431583,0.3303437967115097,0.8865740740740741,-1.4177545691906006,2.044386422976501,0.46064814814814814,0.6226851851851852
3109,0.16203703703703703,0.6118143459915611,0.2562160797677647,0.3213751868460389,0.8865740740740741,-1.516971279373368,2.164490861618799,0.3912037037037037,0.6041666666666666
3110,0.18287037037037038,0.6118143459915611,0.28157762127748487,0.33482810164424515,0.8865740740740741,-1.4255874673629243,2.052219321148825,0.4583333333333333,0.6180555555555556
3111,0.1527777777777778,0.6118143459915611,0.24450065149076416,0.3153961136023916,0.8865740740740741,-1.6187989556135771,2.161879895561358,0.3958333333333333,0.6226851851851852
3112,0.1736111111111111,0.6118143459915611,0.2704719268793136,0.32884902840059793,0.8865740740740741,-1.3733681462140992,1.9373368146214098,0.4652777777777778,0.6504629629629629
3113,0.17592592592592593,0.6118143459915611,0.27327282646431583,0.3303437967115097,0.8865740740740741,-1.485639686684073,1.9712793733681462,0.44675925925925924,0.6504629629629629
3114,0.16666666666666666,0.6118143459915611,0.26196928635953026,0.3243647234678625,0.8865740740740741,-1.4046997389033942,1.9947780678851175,0.44907407407407407,0.6342592592592593
3115,0.16898148148148148,0.6118143459915611,0.264820304974919,0.32585949177877427,0.8865740740740741,-1.4177545691906006,2.0548302872062663,0.4537037037037037,0.625
3116,0.16898148148148148,0.6118143459915611,0.264820304974919,0.32585949177877427,0.8865740740740741,-1.4099216710182767,2.1201044386422976,0.43287037037037035,0.6064814814814815
3117,0.16666666666666666,0.6118143459915611,0.26196928635953026,0.3243647234678625,0.8865740740740741,-1.5613577023498695,2.0,0.45601851851851855,0.6296296296296297
3118,0.18518518518518517,0.6118143459915611,0.284313725490196,0.336322869955157,0.8865740740740741,-1.4804177545691906,2.117493472584856,0.4398148148148148,0.6041666666666666
3119,0.1597222222222222,0.6118143459915611,0.25331358474801563,0.31988041853512705,0.8865740740740741,-1.4934725848563968,2.1148825065274153,0.38425925925925924,0.6180555555555556
3120,0.14814814814814814,0.6118143459915611,0.23853588319967095,0.312406576980568,0.8865740740740741,-1.4255874673629243,2.1409921671018277,0.4166666666666667,0.6111111111111112
3121,0.1527777777777778,0.6118143459915611,0.24450065149076416,0.3153961136023916,0.8865740740740741,-1.5456919060052219,2.135770234986945,0.4351851851851852,0.6134259259259259
3122,0.16666666666666666,0.6118143459915611,0.26196928635953026,0.3243647234678625,0.8865740740740741,-1.4699738903394255,2.0913838120104438,0.4537037037037037,0.6319444444444444
3123,0.14814814814814814,0.6118143459915611,0.23853588319967095,0.312406576980568,0.8865740740740741,-1.4621409921671018,2.073107049608355,0.42592592592592593,0.6226851851851852
3124,0.1574074074074074,0.6118143459915611,0.2503936208034943,0.3183856502242152,0.8865740740740741,-1.566579634464752,2.093994778067885,0.42824074074074076,0.6180555555555556
3125,0.1597222222222222,0.6118143459915611,0.25331358474801563,0.31988041853512705,0.8865740740740741,-1.328981723237598,2.0757180156657964,0.4375,0.6273148148148148
3126,0.16898148148148148,0.6118143459915611,0.264820304974919,0.32585949177877427,0.8865740740740741,-1.433420365535248,2.0913838120104438,0.42592592592592593,0.6157407407407407
3127,0.16666666666666666,0.6118143459915611,0.26196928635953026,0.3243647234678625,0.8865740740740741,-1.4203655352480418,2.02088772845953,0.42592592592592593,0.6319444444444444
3128,0.13194444444444445,0.6118143459915611,0.21707441988732618,0.30194319880418535,0.8865740740740741,-1.558746736292428,2.1697127937336815,0.42824074074074076,0.6134259259259259
3129,0.16203703703703703,0.6118143459915611,0.2562160797677647,0.3213751868460389,0.8865740740740741,-1.268929503916449,2.0678851174934727,0.4375,0.6226851851851852
3130,0.1597222222222222,0.6118143459915611,0.25331358474801563,0.31988041853512705,0.8865740740740741,-1.5300261096605745,2.1409921671018277,0.42592592592592593,0.6041666666666666
3131,0.1736111111111111,0.6118143459915611,0.2704719268793136,0.32884902840059793,0.8865740740740741,-1.4699738903394255,2.0182767624020888,0.4513888888888889,0.6296296296296297
3132,0.14814814814814814,0.6118143459915611,0.23853588319967095,0.312406576980568,0.8865740740740741,-1.4621409921671018,2.0469973890339426,0.4351851851851852,0.6342592592592593
3133,0.1736111111111111,0.6118143459915611,0.2704719268793136,0.32884902840059793,0.8865740740740741,-1.4569190600522193,2.0,0.45601851851851855,0.6226851851851852
3134,0.16898148148148148,0.6118143459915611,0.264820304974919,0.32585949177877427,0.8865740740740741,-1.5430809399477807,2.0913838120104438,0.4398148148148148,0.6111111111111112
3135,0.17592592592592593,0.6118143459915611,0.27327282646431583,0.3303437967115097,0.8865740740740741,-1.443864229765013,2.049608355091384,0.4351851851851852,0.6180555555555556
3136,0.1550925925925926,0.6118143459915611,0.24745602975076095,0.31689088191330345,0.8865740740740741,-1.5848563968668408,2.1279373368146213,0.4236111111111111,0.6157407407407407
3137,0.16203703703703703,0.6118143459915611,0.2562160797677647,0.3213751868460389,0.8865740740740741,-1.4073107049608355,2.0966057441253265,0.41898148148148145,0.625
3138,0.17824074074074073,0.6118143459915611,0.27605731310808634,0.33183856502242154,0.8865740740740741,-1.4595300261096606,2.0652741514360313,0.4236111111111111,0.6342592592592593
3139,0.17824074074074073,0.6118143459915611,0.27605731310808634,0.33183856502242154,0.8865740740740741,-1.4934725848563968,2.010443864229765,0.43287037037037035,0.6273148148148148
3140,0.1527777777777778,0.6118143459915611,0.24450065149076416,0.3153961136023916,0.8865740740740741,-1.4281984334203655,2.049608355091384,0.46064814814814814,0.6319444444444444
3141,0.18518518518518517,0.6118143459915611,0.284313725490196,0.336322869955157,0.8865740740740741,-1.402088772845953,2.039164490861619,0.42824074074074076,0.6319444444444444
3142,0.19212962962962962,0.6118143459915611,0.2924275005770796,0.34080717488789236,0.8865740740740741,-1.4804177545691906,1.9451697127937337,0.47453703703703703,0.6365740740740741
3143,0.16435185185185186,0.6118143459915611,0.25910126215913526,0.32286995515695066,0.8865740740740741,-1.5195822454308094,2.1253263707571803,0.4236111111111111,0.6134259259259259
3144,0.1597222222222222,0.6118143459915611,0.25331358474801563,0.31988041853512705,0.8865740740740741,-1.5352480417754568,2.0469973890339426,0.4375,0.6342592592592593
3145,0.11805555555555555,0.6118143459915611,0.19792043036653417,0.2929745889387145,0.8865740740740741,-1.4621409921671018,2.1201044386422976,0.43287037037037035,0.6412037037037037
3146,0.16435185185185186,0.6118143459915611,0.25910126215913526,0.32286995515695066,0.8865740740740741,-1.4569190600522193,2.0417754569190603,0.42592592592592593,0.625
3147,0.16435185185185186,0.6118143459915611,0.25910126215913526,0.32286995515695066,0.8865740740740741,-1.3420365535248042,2.0365535248041775,0.4236111111111111,0.6273148148148148
3148,0.1527777777777778,0.6118143459915611,0.24450065149076416,0.3153961136023916,0.8865740740740741,-1.4255874673629243,2.151436031331593,0.42592592592592593,0.5949074074074074
3149,0.1712962962962963,0.6118143459915611,0.26765446880690463,0.3273542600896861,0.8865740740740741,-1.4882506527415145,2.0261096605744124,0.4097222222222222,0.5972222222222222
3150,0.18287037037037038,0.6118143459915611,0.28157762127748487,0.33482810164424515,0.8865740740740741,-1.2976501305483028,1.9817232375979112,0.46296296296296297,0.6388888888888888
3151,0.16666666666666666,0.6118143459915611,0.26196928635953026,0.3243647234678625,0.8865740740740741,-1.4073107049608355,2.028720626631854,0.4305555555555556,0.6134259259259259
3152,0.16435185185185186,0.6118143459915611,0.25910126215913526,0.32286995515695066,0.8865740740740741,-1.433420365535248,2.060052219321149,0.42824074074074076,0.6319444444444444
3153,0.16435185185185186,0.6118143459915611,0.25910126215913526,0.32286995515695066,0.8865740740740741,-1.4569190600522193,2.1201044386422976,0.4375,0.6157407407407407
3154,0.1527777777777778,0.6118143459915611,0.24450065149076416,0.3153961136023916,0.8865740740740741,-1.422976501305483,2.0704960835509136,0.43287037037037035,0.6203703703703703
3155,0.1574074074074074,0.6118143459915611,0.2503936208034943,0.3183856502242152,0.8865740740740741,-1.4647519582245432,1.9660574412532636,0.46296296296296297,0.6574074074074074
3156,0.18055555555555555,0.6118143459915611,0.27882553065601656,0.3333333333333333,0.8865740740740741,-1.422976501305483,1.9973890339425588,0.44907407407407407,0.6388888888888888
3157,0.1712962962962963,0.6118143459915611,0.26765446880690463,0.3273542600896861,0.8865740740740741,-1.5065274151436032,2.060052219321149,0.4444444444444444,0.625
3158,0.12731481481481483,0.6118143459915611,0.21076973901552695,0.29895366218236175,0.8865740740740741,-1.4464751958224542,2.1148825065274153,0.4166666666666667,0.6226851851851852
3159,0.16666666666666666,0.6118143459915611,0.26196928635953026,0.3243647234678625,0.8865740740740741,-1.4543080939947781,2.0757180156657964,0.4398148148148148,0.6365740740740741
3160,0.1527777777777778,0.6118143459915611,0.24450065149076416,0.3153961136023916,0.8865740740740741,-1.5378590078328982,2.1801566579634466,0.4050925925925926,0.6087962962962963
3161,0.14814814814814814,0.6118143459915611,0.23853588319967095,0.312406576980568,0.8865740740740741,-1.4986945169712793,2.08355091383812,0.43287037037037035,0.6134259259259259
3162,0.1550925925925926,0.6118143459915611,0.24745602975076095,0.31689088191330345,0.8865740740740741,-1.412532637075718,2.0913838120104438,0.43287037037037035,0.6180555555555556
3163,0.16898148148148148,0.6118143459915611,0.264820304974919,0.32585949177877427,0.8865740740740741,-1.5117493472584855,2.0704960835509136,0.4351851851851852,0.6111111111111112
3164,0.14583333333333334,0.6118143459915611,0.2355261631279731,0.3109118086696562,0.8865740740740741,-1.5691906005221932,2.154046997389034,0.4212962962962963,0.6087962962962963
3165,0.2013888888888889,0.6118143459915611,0.30303030303030304,0.34678624813153963,0.8865740740740741,-1.556135770234987,1.9530026109660574,0.4351851851851852,0.6388888888888888
3166,0.15046296296296297,0.6118143459915611,0.2415273239797553,0.31390134529147984,0.8865740740740741,-1.6187989556135771,2.093994778067885,0.41898148148148145,0.6342592592592593
3167,0.14814814814814814,0.6118143459915611,0.23853588319967095,0.312406576980568,0.8865740740740741,-1.4778067885117494,2.1409921671018277,0.4212962962962963,0.6226851851851852
3168,0.1574074074074074,0.6118143459915611,0.2503936208034943,0.3183856502242152,0.8865740740740741,-1.4099216710182767,2.0469973890339426,0.4351851851851852,0.625
3169,0.1597222222222222,0.6118143459915611,0.25331358474801563,0.31988041853512705,0.8865740740740741,-1.433420365535248,2.1488250652741514,0.4166666666666667,0.6111111111111112
3170,0.17592592592592593,0.6118143459915611,0.27327282646431583,0.3303437967115097,0.8865740740740741,-1.4516971279373367,2.073107049608355,0.42592592592592593,0.6203703703703703
3171,0.16435185185185186,0.6118143459915611,0.25910126215913526,0.32286995515695066,0.8865740740740741,-1.3942558746736293,2.0365535248041775,0.4513888888888889,0.6296296296296297
3172,0.1736111111111111,0.6118143459915611,0.2704719268793136,0.32884902840059793,0.8865740740740741,-1.5274151436031331,2.028720626631854,0.4398148148148148,0.6203703703703703
3173,0.15046296296296297,0.6118143459915611,0.2415273239797553,0.31390134529147984,0.8865740740740741,-1.4934725848563968,2.177545691906005,0.4074074074074074,0.5925925925925926
3174,0.1527777777777778,0.6118143459915611,0.24450065149076416,0.3153961136023916,0.8865740740740741,-1.4360313315926894,2.1201044386422976,0.4375,0.6064814814814815
3175,0.1875,0.6118143459915611,0.28703398218409765,0.33781763826606875,0.8865740740740741,-1.3315926892950392,2.02088772845953,0.46296296296296297,0.6273148148148148
3176,0.16666666666666666,0.6118143459915611,0.26196928635953026,0.3243647234678625,0.8865740740740741,-1.3759791122715406,2.060052219321149,0.4444444444444444,0.6273148148148148
3177,0.16435185185185186,0.6118143459915611,0.25910126215913526,0.32286995515695066,0.8865740740740741,-1.516971279373368,2.164490861618799,0.4444444444444444,0.6041666666666666
3178,0.18055555555555555,0.6118143459915611,0.27882553065601656,0.3333333333333333,0.8865740740740741,-1.4621409921671018,2.0783289817232378,0.44675925925925924,0.6087962962962963
3179,0.16203703703703703,0.6118143459915611,0.2562160797677647,0.3213751868460389,0.8865740740740741,-1.516971279373368,2.0913838120104438,0.4652777777777778,0.6273148148148148
3180,0.18055555555555555,0.6118143459915611,0.27882553065601656,0.3333333333333333,0.8865740740740741,-1.4177545691906006,1.9869451697127938,0.44675925925925924,0.6527777777777778
3181,0.19907407407407407,0.6118143459915611,0.30040230300402304,0.3452914798206278,0.8865740740740741,-1.4699738903394255,1.9712793733681462,0.47685185185185186,0.6388888888888888
3182,0.13425925925925927,0.6118143459915611,0.2201974183750949,0.3034379671150972,0.8865740740740741,-1.4621409921671018,2.161879895561358,0.44212962962962965,0.6064814814814815
3183,0.1736111111111111,0.6118143459915611,0.2704719268793136,0.32884902840059793,0.8865740740740741,-1.5509138381201044,2.161879895561358,0.4236111111111111,0.6064814814814815
3184,0.14351851851851852,0.6118143459915611,0.23249799570693358,0.3094170403587444,0.8865740740740741,-1.514360313315927,2.031331592689295,0.4375,0.6435185185185185
3185,0.1527777777777778,0.6118143459915611,0.24450065149076416,0.3153961136023916,0.8865740740740741,-1.5091383812010444,2.156657963446475,0.4097222222222222,0.6018518518518519
3186,0.1527777777777778,0.6118143459915611,0.24450065149076416,0.3153961136023916,0.8865740740740741,-1.3368146214099217,2.073107049608355,0.4444444444444444,0.6180555555555556
3187,0.1597222222222222,0.6118143459915611,0.25331358474801563,0.31988041853512705,0.8865740740740741,-1.5274151436031331,2.101827676240209,0.42592592592592593,0.6134259259259259
3188,0.16435185185185186,0.6118143459915611,0.25910126215913526,0.32286995515695066,0.8865740740740741,-1.4647519582245432,2.0130548302872064,0.44907407407407407,0.6342592592592593
3189,0.18055555555555555,0.6118143459915611,0.27882553065601656,0.3333333333333333,0.8865740740740741,-1.349869451697128,2.0130548302872064,0.44907407407407407,0.6296296296296297
3190,0.1875,0.6118143459915611,0.28703398218409765,0.33781763826606875,0.8865740740740741,-1.485639686684073,2.044386422976501,0.41203703703703703,0.6064814814814815
3191,0.18518518518518517,0.6118143459915611,0.284313725490196,0.336322869955157,0.8865740740740741,-1.4908616187989556,2.023498694516971,0.4699074074074074,0.6273148148148148
3192,0.14814814814814814,0.6118143459915611,0.23853588319967095,0.312406576980568,0.8865740740740741,-1.524804177545692,2.0992167101827675,0.4305555555555556,0.6180555555555556
3193,0.14814814814814814,0.6118143459915611,0.23853588319967095,0.312406576980568,0.8865740740740741,-1.5195822454308094,2.1305483028720626,0.4398148148148148,0.6134259259259259
3194,0.1597222222222222,0.6118143459915611,0.25331358474801563,0.31988041853512705,0.8865740740740741,-1.4595300261096606,2.0809399477806787,0.4305555555555556,0.6273148148148148
3195,0.1712962962962963,0.6118143459915611,0.26765446880690463,0.3273542600896861,0.8865740740740741,-1.4386422976501305,1.9817232375979112,0.4375,0.6458333333333334
3196,0.18287037037037038,0.6118143459915611,0.28157762127748487,0.33482810164424515,0.8865740740740741,-1.3733681462140992,1.989556135770235,0.44212962962962965,0.6342592592592593
3197,0.16898148148148148,0.6118143459915611,0.264820304974919,0.32585949177877427,0.8865740740740741,-1.4255874673629243,2.031331592689295,0.42592592592592593,0.6180555555555556
3198,0.1712962962962963,0.6118143459915611,0.26765446880690463,0.3273542600896861,0.8865740740740741,-1.4386422976501305,2.0966057441253265,0.43287037037037035,0.6157407407407407
3199,0.13657407407407407,0.6118143459915611,0.22330109758166605,0.30493273542600896,0.8865740740740741,-1.422976501305483,2.122715404699739,0.4166666666666667,0.6157407407407407
3200,0.1527777777777778,0.6118143459915611,0.24450065149076416,0.3153961136023916,0.8865740740740741,-1.441253263707572,2.1253263707571803,0.42824074074074076,0.6273148148148148
3201,0.1527777777777778,0.6118143459915611,0.24450065149076416,0.3153961136023916,0.8865740740740741,-1.4099216710182767,2.0678851174934727,0.43287037037037035,0.6296296296296297
3202,0.1736111111111111,0.6118143459915611,0.2704719268793136,0.32884902840059793,0.8865740740740741,-1.5639686684073106,2.122715404699739,0.4444444444444444,0.6180555555555556
3203,0.19212962962962962,0.6118143459915611,0.2924275005770796,0.34080717488789236,0.8865740740740741,-1.5796344647519582,2.028720626631854,0.4675925925925926,0.6365740740740741
3204,0.18055555555555555,0.6118143459915611,0.27882553065601656,0.3333333333333333,0.8865740740740741,-1.5117493472584855,2.0757180156657964,0.4375,0.6157407407407407
3205,0.14351851851851852,0.6118143459915611,0.23249799570693358,0.3094170403587444,0.8865740740740741,-1.5013054830287207,2.1383812010443863,0.41898148148148145,0.6296296296296297
3206,0.16435185185185186,0.6118143459915611,0.25910126215913526,0.32286995515695066,0.8865740740740741,-1.268929503916449,1.9791122715404699,0.44212962962962965,0.6273148148148148
3207,0.18518518518518517,0.6118143459915611,0.284313725490196,0.336322869955157,0.8865740740740741,-1.3812010443864229,2.0078328981723237,0.44675925925925924,0.6273148148148148
3208,0.13425925925925927,0.6118143459915611,0.2201974183750949,0.3034379671150972,0.8865740740740741,-1.514360313315927,2.177545691906005,0.4027777777777778,0.6226851851851852
3209,0.1412037037037037,0.6118143459915611,0.22945121081235326,0.30792227204783257,0.8865740740740741,-1.4778067885117494,2.0678851174934727,0.43287037037037035,0.6134259259259259
3210,0.1597222222222222,0.6118143459915611,0.25331358474801563,0.31988041853512705,0.8865740740740741,-1.412532637075718,2.0548302872062663,0.4513888888888889,0.6342592592592593
3211,0.15046296296296297,0.6118143459915611,0.2415273239797553,0.31390134529147984,0.8865740740740741,-1.5221932114882506,2.028720626631854,0.45601851851851855,0.6388888888888888
3212,0.1574074074074074,0.6118143459915611,0.2503936208034943,0.3183856502242152,0.8865740740740741,-1.5013054830287207,2.117493472584856,0.44675925925925924,0.6342592592592593
3213,0.1412037037037037,0.6118143459915611,0.22945121081235326,0.30792227204783257,0.8865740740740741,-1.5300261096605745,2.161879895561358,0.4027777777777778,0.6157407407407407
3214,0.1550925925925926,0.6118143459915611,0.24745602975076095,0.31689088191330345,0.8865740740740741,-1.5822454308093994,2.2193211488250655,0.4236111111111111,0.5995370370370371
3215,0.12731481481481483,0.6118143459915611,0.21076973901552695,0.29895366218236175,0.8865740740740741,-1.5509138381201044,2.1984334203655354,0.41435185185185186,0.6226851851851852
3216,0.16898148148148148,0.6118143459915611,0.264820304974919,0.32585949177877427,0.8865740740740741,-1.6475195822454307,2.122715404699739,0.4097222222222222,0.6111111111111112
3217,0.17824074074074073,0.6118143459915611,0.27605731310808634,0.33183856502242154,0.8865740740740741,-1.4647519582245432,2.0966057441253265,0.4236111111111111,0.6226851851851852
3218,0.16435185185185186,0.6118143459915611,0.25910126215913526,0.32286995515695066,0.8865740740740741,-1.5065274151436032,2.1906005221932117,0.4027777777777778,0.6157407407407407
3219,0.18518518518518517,0.6118143459915611,0.284313725490196,0.336322869955157,0.8865740740740741,-1.5613577023498695,2.093994778067885,0.43287037037037035,0.6342592592592593
3220,0.12962962962962962,0.6118143459915611,0.2139319211718832,0.3004484304932735,0.8865740740740741,-1.5352480417754568,2.161879895561358,0.4097222222222222,0.6134259259259259
3221,0.14814814814814814,0.6118143459915611,0.23853588319967095,0.312406576980568,0.8865740740740741,-1.5744125326370757,2.1697127937336815,0.41203703703703703,0.5925925925925926
3222,0.1527777777777778,0.6118143459915611,0.24450065149076416,0.3153961136023916,0.8865740740740741,-1.4360313315926894,2.06266318537859,0.41435185185185186,0.6203703703703703
3223,0.19212962962962962,0.6118143459915611,0.2924275005770796,0.34080717488789236,0.8865740740740741,-1.4595300261096606,2.033942558746736,0.44907407407407407,0.6412037037037037
3224,0.16203703703703703,0.6118143459915611,0.2562160797677647,0.3213751868460389,0.8865740740740741,-1.4673629242819843,2.1305483028720626,0.4444444444444444,0.6041666666666666
3225,0.16898148148148148,0.6118143459915611,0.264820304974919,0.32585949177877427,0.8865740740740741,-1.360313315926893,1.9973890339425588,0.44675925925925924,0.6481481481481481
3226,0.1574074074074074,0.6118143459915611,0.2503936208034943,0.3183856502242152,0.8865740740740741,-1.4960835509138382,2.0913838120104438,0.4027777777777778,0.6203703703703703
3227,0.14583333333333334,0.6118143459915611,0.2355261631279731,0.3109118086696562,0.8865740740740741,-1.577023498694517,2.2036553524804177,0.4050925925925926,0.6111111111111112
3228,0.16203703703703703,0.6118143459915611,0.2562160797677647,0.3213751868460389,0.8865740740740741,-1.4308093994778068,2.1148825065274153,0.44212962962962965,0.6087962962962963
3229,0.1550925925925926,0.6118143459915611,0.24745602975076095,0.31689088191330345,0.8865740740740741,-1.4725848563968669,2.06266318537859,0.43287037037037035,0.6319444444444444
3230,0.18518518518518517,0.6118143459915611,0.284313725490196,0.336322869955157,0.8865740740740741,-1.5535248041775458,2.028720626631854,0.4652777777777778,0.6273148148148148
3231,0.12962962962962962,0.6118143459915611,0.2139319211718832,0.3004484304932735,0.8865740740740741,-1.6553524804177546,2.2036553524804177,0.4050925925925926,0.6111111111111112
3232,0.18981481481481483,0.6118143459915611,0.2897385286448815,0.3393124065769806,0.8865740740740741,-1.441253263707572,2.010443864229765,0.4375,0.6203703703703703
3233,0.16203703703703703,0.6118143459915611,0.2562160797677647,0.3213751868460389,0.8865740740740741,-1.483028720626632,2.0574412532637076,0.43287037037037035,0.6203703703703703
3234,0.17824074074074073,0.6118143459915611,0.27605731310808634,0.33183856502242154,0.8865740740740741,-1.3472584856396868,1.968668407310705,0.4699074074074074,0.6435185185185185
3235,0.16666666666666666,0.6118143459915611,0.26196928635953026,0.3243647234678625,0.8865740740740741,-1.4804177545691906,2.0861618798955615,0.4398148148148148,0.625
3236,0.16203703703703703,0.6118143459915611,0.2562160797677647,0.3213751868460389,0.8865740740740741,-1.4099216710182767,1.9843342036553524,0.46296296296296297,0.625
3237,0.1712962962962963,0.6118143459915611,0.26765446880690463,0.3273542600896861,0.8865740740740741,-1.4986945169712793,1.9947780678851175,0.4537037037037037,0.6319444444444444
3238,0.1574074074074074,0.6118143459915611,0.2503936208034943,0.3183856502242152,0.8865740740740741,-1.4725848563968669,2.088772845953003,0.42824074074074076,0.6203703703703703
3239,0.14814814814814814,0.6118143459915611,0.23853588319967095,0.312406576980568,0.8865740740740741,-1.433420365535248,2.0130548302872064,0.4444444444444444,0.6435185185185185
3240,0.16898148148148148,0.6118143459915611,0.264820304974919,0.32585949177877427,0.8865740740740741,-1.4386422976501305,2.154046997389034,0.42592592592592593,0.5949074074074074
3241,0.16203703703703703,0.6118143459915611,0.2562160797677647,0.3213751868460389,0.8865740740740741,-1.4595300261096606,1.9765013054830287,0.44675925925925924,0.6342592592592593
3242,0.1574074074074074,0.6118143459915611,0.2503936208034943,0.3183856502242152,0.8865740740740741,-1.5326370757180157,2.044386422976501,0.4722222222222222,0.6319444444444444
3243,0.18287037037037038,0.6118143459915611,0.28157762127748487,0.33482810164424515,0.8865740740740741,-1.4464751958224542,1.9425587467362924,0.45601851851851855,0.6481481481481481
3244,0.1550925925925926,0.6118143459915611,0.24745602975076095,0.31689088191330345,0.8865740740740741,-1.514360313315927,2.1096605744125325,0.4166666666666667,0.6157407407407407
3245,0.14583333333333334,0.6118143459915611,0.2355261631279731,0.3109118086696562,0.8865740740740741,-1.4673629242819843,2.14621409921671,0.42824074074074076,0.6226851851851852
3246,0.16203703703703703,0.6118143459915611,0.2562160797677647,0.3213751868460389,0.8865740740740741,-1.4699738903394255,2.039164490861619,0.4583333333333333,0.6111111111111112
3247,0.15046296296296297,0.6118143459915611,0.2415273239797553,0.31390134529147984,0.8865740740740741,-1.485639686684073,2.028720626631854,0.4513888888888889,0.6412037037037037
3248,0.18518518518518517,0.6118143459915611,0.284313725490196,0.336322869955157,0.8865740740740741,-1.3315926892950392,2.08355091383812,0.44675925925925924,0.6111111111111112
3249,0.14583333333333334,0.6118143459915611,0.2355261631279731,0.3109118086696562,0.8865740740740741,-1.556135770234987,2.1827676240208875,0.4027777777777778,0.6203703703703703
3250,0.17824074074074073,0.6118143459915611,0.27605731310808634,0.33183856502242154,0.8865740740740741,-1.5065274151436032,1.9869451697127938,0.42592592592592593,0.6342592592592593
3251,0.18055555555555555,0.6118143459915611,0.27882553065601656,0.3333333333333333,0.8865740740740741,-1.433420365535248,1.9712793733681462,0.45601851851851855,0.6481481481481481
3252,0.17824074074074073,0.6118143459915611,0.27605731310808634,0.33183856502242154,0.8865740740740741,-1.4543080939947781,2.0652741514360313,0.47453703703703703,0.6157407407407407
3253,0.1712962962962963,0.6118143459915611,0.26765446880690463,0.3273542600896861,0.8865740740740741,-1.5274151436031331,2.101827676240209,0.4513888888888889,0.6111111111111112
3254,0.16435185185185186,0.6118143459915611,0.25910126215913526,0.32286995515695066,0.8865740740740741,-1.360313315926893,1.9295039164490861,0.44212962962962965,0.6597222222222222
3255,0.16898148148148148,0.6118143459915611,0.264820304974919,0.32585949177877427,0.8865740740740741,-1.5013054830287207,2.1383812010443863,0.39814814814814814,0.6064814814814815
3256,0.17824074074074073,0.6118143459915611,0.27605731310808634,0.33183856502242154,0.8865740740740741,-1.4621409921671018,2.0678851174934727,0.43287037037037035,0.6157407407407407
3257,0.1574074074074074,0.6118143459915611,0.2503936208034943,0.3183856502242152,0.8865740740740741,-1.5013054830287207,2.033942558746736,0.43287037037037035,0.6273148148148148
3258,0.17592592592592593,0.6118143459915611,0.27327282646431583,0.3303437967115097,0.8865740740740741,-1.5483028720626633,2.0809399477806787,0.42824074074074076,0.6180555555555556
3259,0.16435185185185186,0.6118143459915611,0.25910126215913526,0.32286995515695066,0.8865740740740741,-1.443864229765013,2.112271540469974,0.42592592592592593,0.6273148148148148
3260,0.18518518518518517,0.6118143459915611,0.284313725490196,0.336322869955157,0.8865740740740741,-1.3524804177545693,1.968668407310705,0.4444444444444444,0.6296296296296297
3261,0.1736111111111111,0.6118143459915611,0.2704719268793136,0.32884902840059793,0.8865740740740741,-1.4516971279373367,2.1148825065274153,0.4375,0.6273148148148148
3262,0.1550925925925926,0.6118143459915611,0.24745602975076095,0.31689088191330345,0.8865740740740741,-1.4543080939947781,2.154046997389034,0.42824074074074076,0.6041666666666666
3263,0.17592592592592593,0.6118143459915611,0.27327282646431583,0.3303437967115097,0.8865740740740741,-1.485639686684073,2.0026109660574414,0.4444444444444444,0.6273148148148148
3264,0.1527777777777778,0.6118143459915611,0.24450065149076416,0.3153961136023916,0.8865740740740741,-1.3942558746736293,2.0783289817232378,0.42824074074074076,0.6342592592592593
3265,0.16203703703703703,0.6118143459915611,0.2562160797677647,0.3213751868460389,0.8865740740740741,-1.483028720626632,2.06266318537859,0.4212962962962963,0.625
3266,0.16435185185185186,0.6118143459915611,0.25910126215913526,0.32286995515695066,0.8865740740740741,-1.4386422976501305,2.133159268929504,0.4236111111111111,0.6273148148148148
3267,0.1712962962962963,0.6118143459915611,0.26765446880690463,0.3273542600896861,0.8865740740740741,-1.3942558746736293,2.1201044386422976,0.44907407407407407,0.6226851851851852
3268,0.16435185185185186,0.6118143459915611,0.25910126215913526,0.32286995515695066,0.8865740740740741,-1.516971279373368,2.122715404699739,0.41435185185185186,0.6111111111111112
3269,0.19444444444444445,0.6118143459915611,0.2951010321267626,0.3423019431988042,0.8865740740740741,-1.3681462140992167,1.9947780678851175,0.45601851851851855,0.6365740740740741
3270,0.1712962962962963,0.6118143459915611,0.26765446880690463,0.3273542600896861,0.8865740740740741,-1.4647519582245432,2.122715404699739,0.4305555555555556,0.6157407407407407
3271,0.15046296296296297,0.6118143459915611,0.2415273239797553,0.31390134529147984,0.8865740740740741,-1.4804177545691906,2.122715404699739,0.44212962962962965,0.6296296296296297
3272,0.17592592592592593,0.6118143459915611,0.27327282646431583,0.3303437967115097,0.8865740740740741,-1.5300261096605745,2.0574412532637076,0.44675925925925924,0.6226851851851852
3273,0.1712962962962963,0.6118143459915611,0.26765446880690463,0.3273542600896861,0.8865740740740741,-1.6109660574412532,2.101827676240209,0.43287037037037035,0.6087962962962963
3274,0.16898148148148148,0.6118143459915611,0.264820304974919,0.32585949177877427,0.8865740740740741,-1.4073107049608355,2.0130548302872064,0.4305555555555556,0.6319444444444444
3275,0.17824074074074073,0.6118143459915611,0.27605731310808634,0.33183856502242154,0.8865740740740741,-1.5091383812010444,2.02088772845953,0.4699074074074074,0.625
3276,0.16666666666666666,0.6118143459915611,0.26196928635953026,0.3243647234678625,0.8865740740740741,-1.5378590078328982,2.1279373368146213,0.41435185185185186,0.6111111111111112
3277,0.1736111111111111,0.6118143459915611,0.2704719268793136,0.32884902840059793,0.8865740740740741,-1.3994778067885119,2.0156657963446474,0.4537037037037037,0.6226851851851852
3278,0.1712962962962963,0.6118143459915611,0.26765446880690463,0.3273542600896861,0.8865740740740741,-1.3629242819843341,2.0261096605744124,0.4305555555555556,0.6458333333333334
3279,0.18055555555555555,0.6118143459915611,0.27882553065601656,0.3333333333333333,0.8865740740740741,-1.3994778067885119,2.02088772845953,0.4652777777777778,0.6226851851851852
3280,0.16666666666666666,0.6118143459915611,0.26196928635953026,0.3243647234678625,0.8865740740740741,-1.4281984334203655,2.0809399477806787,0.44907407407407407,0.6087962962962963
3281,0.18518518518518517,0.6118143459915611,0.284313725490196,0.336322869955157,0.8865740740740741,-1.3655352480417755,1.9765013054830287,0.47453703703703703,0.6574074074074074
3282,0.2013888888888889,0.6118143459915611,0.30303030303030304,0.34678624813153963,0.8865740740740741,-1.4934725848563968,2.073107049608355,0.4236111111111111,0.6157407407407407
3283,0.16203703703703703,0.6118143459915611,0.2562160797677647,0.3213751868460389,0.8865740740740741,-1.4595300261096606,2.0809399477806787,0.4375,0.5995370370370371
3284,0.1574074074074074,0.6118143459915611,0.2503936208034943,0.3183856502242152,0.8865740740740741,-1.422976501305483,2.117493472584856,0.4236111111111111,0.6134259259259259
3285,0.16203703703703703,0.6118143459915611,0.2562160797677647,0.3213751868460389,0.8865740740740741,-1.4699738903394255,2.044386422976501,0.4398148148148148,0.6342592592592593
3286,0.16203703703703703,0.6118143459915611,0.2562160797677647,0.3213751868460389,0.8865740740740741,-1.4595300261096606,2.060052219321149,0.44675925925925924,0.6226851851851852
3287,0.16203703703703703,0.6118143459915611,0.2562160797677647,0.3213751868460389,0.8865740740740741,-1.566579634464752,2.0469973890339426,0.4351851851851852,0.6226851851851852
3288,0.18518518518518517,0.6118143459915611,0.284313725490196,0.336322869955157,0.8865740740740741,-1.4569190600522193,2.08355091383812,0.4398148148148148,0.6342592592592593
3289,0.1875,0.6118143459915611,0.28703398218409765,0.33781763826606875,0.8865740740740741,-1.3838120104438643,2.0678851174934727,0.44907407407407407,0.6203703703703703
3290,0.1597222222222222,0.6118143459915611,0.25331358474801563,0.31988041853512705,0.8865740740740741,-1.4464751958224542,2.0469973890339426,0.44212962962962965,0.6388888888888888
3291,0.14814814814814814,0.6118143459915611,0.23853588319967095,0.312406576980568,0.8865740740740741,-1.4543080939947781,2.1488250652741514,0.4375,0.6064814814814815
3292,0.17824074074074073,0.6118143459915611,0.27605731310808634,0.33183856502242154,0.8865740740740741,-1.5039164490861618,2.073107049608355,0.4398148148148148,0.6041666666666666
3293,0.16666666666666666,0.6118143459915611,0.26196928635953026,0.3243647234678625,0.8865740740740741,-1.3890339425587468,2.02088772845953,0.4675925925925926,0.6388888888888888
3294,0.1712962962962963,0.6118143459915611,0.26765446880690463,0.3273542600896861,0.8865740740740741,-1.2898172323759791,1.9843342036553524,0.44907407407407407,0.6296296296296297
3295,0.18287037037037038,0.6118143459915611,0.28157762127748487,0.33482810164424515,0.8865740740740741,-1.4778067885117494,2.0783289817232378,0.4236111111111111,0.6157407407407407
3296,0.16898148148148148,0.6118143459915611,0.264820304974919,0.32585949177877427,0.8865740740740741,-1.516971279373368,2.028720626631854,0.42592592592592593,0.6273148148148148
3297,0.17592592592592593,0.6118143459915611,0.27327282646431583,0.3303437967115097,0.8865740740740741,-1.4699738903394255,2.0548302872062663,0.43287037037037035,0.6296296296296297
3298,0.16666666666666666,0.6118143459915611,0.26196928635953026,0.3243647234678625,0.8865740740740741,-1.3577023498694516,2.0678851174934727,0.4513888888888889,0.6226851851851852
3299,0.18518518518518517,0.6118143459915611,0.284313725490196,0.336322869955157,0.8865740740740741,-1.4360313315926894,2.073107049608355,0.4375,0.6273148148148148
3300,0.18055555555555555,0.6118143459915611,0.27882553065601656,0.3333333333333333,0.8865740740740741,-1.4151436031331592,2.073107049608355,0.4444444444444444,0.6134259259259259
3301,0.1388888888888889,0.6118143459915611,0.22638563622170177,0.3064275037369208,0.8865740740740741,-1.5796344647519582,2.1697127937336815,0.4166666666666667,0.6180555555555556
3302,0.14351851851851852,0.6118143459915611,0.23249799570693358,0.3094170403587444,0.8865740740740741,-1.4595300261096606,2.1383812010443863,0.41203703703703703,0.6157407407407407
3303,0.1712962962962963,0.6118143459915611,0.26765446880690463,0.3273542600896861,0.8865740740740741,-1.4725848563968669,2.0678851174934727,0.44907407407407407,0.6087962962962963
3304,0.14351851851851852,0.6118143459915611,0.23249799570693358,0.3094170403587444,0.8865740740740741,-1.4960835509138382,2.164490861618799,0.39814814814814814,0.6134259259259259
3305,0.1736111111111111,0.6118143459915611,0.2704719268793136,0.32884902840059793,0.8865740740740741,-1.3864229765013054,1.9660574412532636,0.46064814814814814,0.6319444444444444
3306,0.1736111111111111,0.6118143459915611,0.2704719268793136,0.32884902840059793,0.8865740740740741,-1.4490861618798956,2.112271540469974,0.40046296296296297,0.6226851851851852
3307,0.1597222222222222,0.6118143459915611,0.25331358474801563,0.31988041853512705,0.8865740740740741,-1.3994778067885119,2.0261096605744124,0.4212962962962963,0.6273148148148148
3308,0.1574074074074074,0.6118143459915611,0.2503936208034943,0.3183856502242152,0.8865740740740741,-1.3968668407310705,2.0757180156657964,0.42824074074074076,0.6157407407407407
3309,0.1550925925925926,0.6118143459915611,0.24745602975076095,0.31689088191330345,0.8865740740740741,-1.5718015665796345,2.1148825065274153,0.4236111111111111,0.6226851851851852
3310,0.1712962962962963,0.6118143459915611,0.26765446880690463,0.3273542600896861,0.8865740740740741,-1.441253263707572,2.08355091383812,0.4305555555555556,0.6203703703703703
3311,0.17824074074074073,0.6118143459915611,0.27605731310808634,0.33183856502242154,0.8865740740740741,-1.402088772845953,2.0704960835509136,0.4375,0.6319444444444444
3312,0.16666666666666666,0.6118143459915611,0.26196928635953026,0.3243647234678625,0.8865740740740741,-1.4725848563968669,2.1253263707571803,0.4305555555555556,0.6180555555555556
3313,0.1550925925925926,0.6118143459915611,0.24745602975076095,0.31689088191330345,0.8865740740740741,-1.6240208877284594,2.1879895561357703,0.40046296296296297,0.6087962962962963
3314,0.1550925925925926,0.6118143459915611,0.24745602975076095,0.31689088191330345,0.8865740740740741,-1.5221932114882506,2.174934725848564,0.4097222222222222,0.6018518518518519
3315,0.1736111111111111,0.6118143459915611,0.2704719268793136,0.32884902840059793,0.8865740740740741,-1.4725848563968669,2.0469973890339426,0.44907407407407407,0.6226851851851852
3316,0.1527777777777778,0.6118143459915611,0.24450065149076416,0.3153961136023916,0.8865740740740741,-1.514360313315927,2.073107049608355,0.47685185185185186,0.6273148148148148
3317,0.16898148148148148,0.6118143459915611,0.264820304974919,0.32585949177877427,0.8865740740740741,-1.5091383812010444,2.1148825065274153,0.42824074074074076,0.6203703703703703
3318,0.17592592592592593,0.6118143459915611,0.27327282646431583,0.3303437967115097,0.8865740740740741,-1.4647519582245432,1.9765013054830287,0.4652777777777778,0.6412037037037037
3319,0.1527777777777778,0.6118143459915611,0.24450065149076416,0.3153961136023916,0.8865740740740741,-1.4699738903394255,2.122715404699739,0.4351851851851852,0.5995370370370371
3320,0.1527777777777778,0.6118143459915611,0.24450065149076416,0.3153961136023916,0.8865740740740741,-1.4673629242819843,2.0783289817232378,0.4583333333333333,0.6273148148148148
3321,0.18981481481481483,0.6118143459915611,0.2897385286448815,0.3393124065769806,0.8865740740740741,-1.4177545691906006,1.9608355091383811,0.4699074074074074,0.6435185185185185
3322,0.18981481481481483,0.6118143459915611,0.2897385286448815,0.3393124065769806,0.8865740740740741,-1.4569190600522193,2.08355091383812,0.4305555555555556,0.6203703703703703
3323,0.14814814814814814,0.6118143459915611,0.23853588319967095,0.312406576980568,0.8865740740740741,-1.4464751958224542,2.177545691906005,0.4236111111111111,0.6087962962962963
3324,0.1597222222222222,0.6118143459915611,0.25331358474801563,0.31988041853512705,0.8865740740740741,-1.556135770234987,2.135770234986945,0.41435185185185186,0.6064814814814815
3325,0.16435185185185186,0.6118143459915611,0.25910126215913526,0.32286995515695066,0.8865740740740741,-1.516971279373368,2.1279373368146213,0.41898148148148145,0.6041666666666666
3326,0.1875,0.6118143459915611,0.28703398218409765,0.33781763826606875,0.8865740740740741,-1.4647519582245432,2.0966057441253265,0.4375,0.5925925925925926
3327,0.16203703703703703,0.6118143459915611,0.2562160797677647,0.3213751868460389,0.8865740740740741,-1.5091383812010444,2.088772845953003,0.4212962962962963,0.6087962962962963
3328,0.17824074074074073,0.6118143459915611,0.27605731310808634,0.33183856502242154,0.8865740740740741,-1.321148825065274,1.8746736292428199,0.4722222222222222,0.6689814814814815
3329,0.1412037037037037,0.6118143459915611,0.22945121081235326,0.30792227204783257,0.8865740740740741,-1.5274151436031331,2.185378590078329,0.4074074074074074,0.6180555555555556
3330,0.1597222222222222,0.6118143459915611,0.25331358474801563,0.31988041853512705,0.8865740740740741,-1.5221932114882506,2.0704960835509136,0.44675925925925924,0.6226851851851852
3331,0.1712962962962963,0.6118143459915611,0.26765446880690463,0.3273542600896861,0.8865740740740741,-1.4464751958224542,2.093994778067885,0.4236111111111111,0.6203703703703703
3332,0.16203703703703703,0.6118143459915611,0.2562160797677647,0.3213751868460389,0.8865740740740741,-1.4725848563968669,2.06266318537859,0.4351851851851852,0.6412037037037037
3333,0.1527777777777778,0.6118143459915611,0.24450065149076416,0.3153961136023916,0.8865740740740741,-1.4882506527415145,2.177545691906005,0.42592592592592593,0.5717592592592593
3334,0.1574074074074074,0.6118143459915611,0.2503936208034943,0.3183856502242152,0.8865740740740741,-1.3864229765013054,2.049608355091384,0.4513888888888889,0.625
3335,0.13425925925925927,0.6118143459915611,0.2201974183750949,0.3034379671150972,0.8865740740740741,-1.4490861618798956,2.1697127937336815,0.43287037037037035,0.5995370370370371
3336,0.1388888888888889,0.6118143459915611,0.22638563622170177,0.3064275037369208,0.8865740740740741,-1.4308093994778068,2.2140992167101827,0.3912037037037037,0.5972222222222222
3337,0.17592592592592593,0.6118143459915611,0.27327282646431583,0.3303437967115097,0.8865740740740741,-1.6005221932114881,2.0913838120104438,0.4398148148148148,0.6041666666666666
3338,0.1388888888888889,0.6118143459915611,0.22638563622170177,0.3064275037369208,0.8865740740740741,-1.4934725848563968,2.1096605744125325,0.4351851851851852,0.6203703703703703
3339,0.16898148148148148,0.6118143459915611,0.264820304974919,0.32585949177877427,0.8865740740740741,-1.4986945169712793,1.989556135770235,0.44675925925925924,0.6342592592592593
3340,0.16203703703703703,0.6118143459915611,0.2562160797677647,0.3213751868460389,0.8865740740740741,-1.485639686684073,2.1279373368146213,0.4166666666666667,0.5995370370370371
3341,0.1574074074074074,0.6118143459915611,0.2503936208034943,0.3183856502242152,0.8865740740740741,-1.4934725848563968,2.1148825065274153,0.42592592592592593,0.6041666666666666
3342,0.15046296296296297,0.6118143459915611,0.2415273239797553,0.31390134529147984,0.8865740740740741,-1.4464751958224542,2.1201044386422976,0.4212962962962963,0.6157407407407407
3343,0.1550925925925926,0.6118143459915611,0.24745602975076095,0.31689088191330345,0.8865740740740741,-1.5430809399477807,2.028720626631854,0.44675925925925924,0.6319444444444444
3344,0.1875,0.6118143459915611,0.28703398218409765,0.33781763826606875,0.8865740740740741,-1.412532637075718,1.9869451697127938,0.4513888888888889,0.6435185185185185
3345,0.1527777777777778,0.6118143459915611,0.24450065149076416,0.3153961136023916,0.8865740740740741,-1.524804177545692,2.1409921671018277,0.4212962962962963,0.6157407407407407
3346,0.1412037037037037,0.6118143459915611,0.22945121081235326,0.30792227204783257,0.8865740740740741,-1.4177545691906006,2.0704960835509136,0.41203703703703703,0.6157407407407407
3347,0.14814814814814814,0.6118143459915611,0.23853588319967095,0.312406576980568,0.8865740740740741,-1.5091383812010444,2.14621409921671,0.42592592592592593,0.6041666666666666
3348,0.14814814814814814,0.6118143459915611,0.23853588319967095,0.312406576980568,0.8865740740740741,-1.4647519582245432,2.101827676240209,0.4351851851851852,0.6226851851851852
3349,0.1527777777777778,0.6118143459915611,0.24450065149076416,0.3153961136023916,0.8865740740740741,-1.4569190600522193,2.1879895561357703,0.4097222222222222,0.5949074074074074
3350,0.16435185185185186,0.6118143459915611,0.25910126215913526,0.32286995515695066,0.8865740740740741,-1.5117493472584855,2.060052219321149,0.4537037037037037,0.6365740740740741
3351,0.18518518518518517,0.6118143459915611,0.284313725490196,0.336322869955157,0.8865740740740741,-1.4699738903394255,2.028720626631854,0.45601851851851855,0.6111111111111112
3352,0.1527777777777778,0.6118143459915611,0.24450065149076416,0.3153961136023916,0.8865740740740741,-1.268929503916449,2.010443864229765,0.4305555555555556,0.6296296296296297
3353,0.14583333333333334,0.6118143459915611,0.2355261631279731,0.3109118086696562,0.8865740740740741,-1.5744125326370757,2.1488250652741514,0.42592592592592593,0.6157407407407407
3354,0.14583333333333334,0.6118143459915611,0.2355261631279731,0.3109118086696562,0.8865740740740741,-1.4882506527415145,2.06266318537859,0.4398148148148148,0.6342592592592593
3355,0.1597222222222222,0.6118143459915611,0.25331358474801563,0.31988041853512705,0.8865740740740741,-1.556135770234987,2.16710182767624,0.41898148148148145,0.6041666666666666
3356,0.1597222222222222,0.6118143459915611,0.25331358474801563,0.31988041853512705,0.8865740740740741,-1.475195822454308,2.049608355091384,0.41898148148148145,0.625
3357,0.16203703703703703,0.6118143459915611,0.2562160797677647,0.3213751868460389,0.8865740740740741,-1.5065274151436032,2.2219321148825064,0.4166666666666667,0.5925925925925926
3358,0.1736111111111111,0.6118143459915611,0.2704719268793136,0.32884902840059793,0.8865740740740741,-1.391644908616188,2.0130548302872064,0.4444444444444444,0.6296296296296297
3359,0.1736111111111111,0.6118143459915611,0.2704719268793136,0.32884902840059793,0.8865740740740741,-1.433420365535248,1.9503916449086163,0.44675925925925924,0.6388888888888888
3360,0.14351851851851852,0.6118143459915611,0.23249799570693358,0.3094170403587444,0.8865740740740741,-1.4725848563968669,2.1201044386422976,0.4305555555555556,0.6087962962962963
3361,0.17824074074074073,0.6118143459915611,0.27605731310808634,0.33183856502242154,0.8865740740740741,-1.433420365535248,1.9765013054830287,0.44907407407407407,0.6342592592592593
3362,0.1550925925925926,0.6118143459915611,0.24745602975076095,0.31689088191330345,0.8865740740740741,-1.3994778067885119,2.08355091383812,0.4444444444444444,0.6226851851851852
3363,0.1550925925925926,0.6118143459915611,0.24745602975076095,0.31689088191330345,0.8865740740740741,-1.3080939947780679,2.0026109660574414,0.4398148148148148,0.6458333333333334
3364,0.15046296296296297,0.6118143459915611,0.2415273239797553,0.31390134529147984,0.8865740740740741,-1.5456919060052219,2.088772845953003,0.4375,0.6134259259259259
3365,0.16666666666666666,0.6118143459915611,0.26196928635953026,0.3243647234678625,0.8865740740740741,-1.5091383812010444,2.1148825065274153,0.4375,0.6319444444444444
3366,0.16666666666666666,0.6118143459915611,0.26196928635953026,0.3243647234678625,0.8865740740740741,-1.5691906005221932,2.0966057441253265,0.42824074074074076,0.6273148148148148
3367,0.1597222222222222,0.6118143459915611,0.25331358474801563,0.31988041853512705,0.8865740740740741,-1.5013054830287207,2.0078328981723237,0.45601851851851855,0.6435185185185185
3368,0.1550925925925926,0.6118143459915611,0.24745602975076095,0.31689088191330345,0.8865740740740741,-1.5378590078328982,2.049608355091384,0.44907407407407407,0.6319444444444444
3369,0.18518518518518517,0.6118143459915611,0.284313725490196,0.336322869955157,0.8865740740740741,-1.4099216710182767,2.010443864229765,0.4444444444444444,0.6273148148148148
3370,0.15046296296296297,0.6118143459915611,0.2415273239797553,0.31390134529147984,0.8865740740740741,-1.4908616187989556,2.122715404699739,0.4236111111111111,0.6087962962962963
3371,0.17592592592592593,0.6118143459915611,0.27327282646431583,0.3303437967115097,0.8865740740740741,-1.5430809399477807,1.9973890339425588,0.4513888888888889,0.6574074074074074
3372,0.1597222222222222,0.6118143459915611,0.25331358474801563,0.31988041853512705,0.8865740740740741,-1.3994778067885119,2.0783289817232378,0.42592592592592593,0.6296296296296297
3373,0.1574074074074074,0.6118143459915611,0.2503936208034943,0.3183856502242152,0.8865740740740741,-1.4804177545691906,2.0809399477806787,0.4513888888888889,0.6203703703703703
3374,0.1597222222222222,0.6118143459915611,0.25331358474801563,0.31988041853512705,0.8865740740740741,-1.5900783289817233,2.1488250652741514,0.4236111111111111,0.6157407407407407
3375,0.1550925925925926,0.6118143459915611,0.24745602975076095,0.31689088191330345,0.8865740740740741,-1.4151436031331592,2.08355091383812,0.42824074074074076,0.625
3376,0.2199074074074074,0.6118143459915611,0.32352768481005223,0.35874439461883406,0.8865740740740741,-1.5091383812010444,1.9321148825065275,0.46064814814814814,0.6504629629629629
3377,0.16666666666666666,0.6118143459915611,0.26196928635953026,0.3243647234678625,0.8865740740740741,-1.4099216710182767,2.0365535248041775,0.47453703703703703,0.6319444444444444
3378,0.14814814814814814,0.6118143459915611,0.23853588319967095,0.312406576980568,0.8865740740740741,-1.4464751958224542,2.16710182767624,0.39814814814814814,0.6180555555555556
3379,0.17592592592592593,0.6118143459915611,0.27327282646431583,0.3303437967115097,0.8865740740740741,-1.5430809399477807,2.101827676240209,0.41435185185185186,0.6087962962962963
3380,0.16435185185185186,0.6118143459915611,0.25910126215913526,0.32286995515695066,0.8865740740740741,-1.4255874673629243,2.0992167101827675,0.41435185185185186,0.6226851851851852
3381,0.1712962962962963,0.6118143459915611,0.26765446880690463,0.3273542600896861,0.8865740740740741,-1.3733681462140992,1.9843342036553524,0.44675925925925924,0.6435185185185185
3382,0.1527777777777778,0.6118143459915611,0.24450065149076416,0.3153961136023916,0.8865740740740741,-1.4621409921671018,2.0783289817232378,0.4444444444444444,0.6319444444444444
3383,0.14351851851851852,0.6118143459915611,0.23249799570693358,0.3094170403587444,0.8865740740740741,-1.3733681462140992,2.0365535248041775,0.4583333333333333,0.6435185185185185
3384,0.16898148148148148,0.6118143459915611,0.264820304974919,0.32585949177877427,0.8865740740740741,-1.4386422976501305,1.9817232375979112,0.4675925925925926,0.6550925925925926
3385,0.14583333333333334,0.6118143459915611,0.2355261631279731,0.3109118086696562,0.8865740740740741,-1.4699738903394255,2.101827676240209,0.4351851851851852,0.5995370370370371
3386,0.16203703703703703,0.6118143459915611,0.2562160797677647,0.3213751868460389,0.8865740740740741,-1.4699738903394255,2.0913838120104438,0.44212962962962965,0.625
3387,0.16898148148148148,0.6118143459915611,0.264820304974919,0.32585949177877427,0.8865740740740741,-1.483028720626632,2.1096605744125325,0.44212962962962965,0.6134259259259259
3388,0.1388888888888889,0.6118143459915611,0.22638563622170177,0.3064275037369208,0.8865740740740741,-1.402088772845953,2.112271540469974,0.4212962962962963,0.6342592592592593
3389,0.15046296296296297,0.6118143459915611,0.2415273239797553,0.31390134529147984,0.8865740740740741,-1.4647519582245432,2.122715404699739,0.43287037037037035,0.5995370370370371
3390,0.16898148148148148,0.6118143459915611,0.264820304974919,0.32585949177877427,0.8865740740740741,-1.4882506527415145,2.0574412532637076,0.44212962962962965,0.6342592592592593
3391,0.14814814814814814,0.6118143459915611,0.23853588319967095,0.312406576980568,0.8865740740740741,-1.441253263707572,2.093994778067885,0.4212962962962963,0.6018518518518519
3392,0.14814814814814814,0.6118143459915611,0.23853588319967095,0.312406576980568,0.8865740740740741,-1.6109660574412532,2.133159268929504,0.41898148148148145,0.6134259259259259
3393,0.16203703703703703,0.6118143459915611,0.2562160797677647,0.3213751868460389,0.8865740740740741,-1.4778067885117494,2.10443864229765,0.42824074074074076,0.6157407407407407
3394,0.1712962962962963,0.6118143459915611,0.26765446880690463,0.3273542600896861,0.8865740740740741,-1.4960835509138382,2.0757180156657964,0.44907407407407407,0.6296296296296297
3395,0.1550925925925926,0.6118143459915611,0.24745602975076095,0.31689088191330345,0.8865740740740741,-1.3394255874673628,2.0913838120104438,0.41435185185185186,0.5995370370370371
3396,0.18518518518518517,0.6118143459915611,0.284313725490196,0.336322869955157,0.8865740740740741,-1.4360313315926894,2.0678851174934727,0.4351851851851852,0.6180555555555556
3397,0.1712962962962963,0.6118143459915611,0.26765446880690463,0.3273542600896861,0.8865740740740741,-1.370757180156658,2.039164490861619,0.4444444444444444,0.6273148148148148
3398,0.14583333333333334,0.6118143459915611,0.2355261631279731,0.3109118086696562,0.8865740740740741,-1.4725848563968669,2.151436031331593,0.42824074074074076,0.6273148148148148
3399,0.17592592592592593,0.6118143459915611,0.27327282646431583,0.3303437967115097,0.8865740740740741,-1.422976501305483,2.101827676240209,0.42824074074074076,0.6319444444444444
3400,0.16435185185185186,0.6118143459915611,0.25910126215913526,0.32286995515695066,0.8865740740740741,-1.4255874673629243,2.02088772845953,0.43287037037037035,0.6226851851851852
3401,0.1597222222222222,0.6118143459915611,0.25331358474801563,0.31988041853512705,0.8865740740740741,-1.4177545691906006,2.0026109660574414,0.4537037037037037,0.6342592592592593
3402,0.17592592592592593,0.6118143459915611,0.27327282646431583,0.3303437967115097,0.8865740740740741,-1.5613577023498695,2.0417754569190603,0.44907407407407407,0.6087962962962963
3403,0.1875,0.6118143459915611,0.28703398218409765,0.33781763826606875,0.8865740740740741,-1.485639686684073,1.9347258485639687,0.47685185185185186,0.6550925925925926
3404,0.16203703703703703,0.6118143459915611,0.2562160797677647,0.3213751868460389,0.8865740740740741,-1.608355091383812,2.088772845953003,0.4305555555555556,0.6203703703703703
3405,0.18055555555555555,0.6118143459915611,0.27882553065601656,0.3333333333333333,0.8865740740740741,-1.4569190600522193,2.073107049608355,0.44907407407407407,0.625
3406,0.1412037037037037,0.6118143459915611,0.22945121081235326,0.30792227204783257,0.8865740740740741,-1.5065274151436032,2.117493472584856,0.41898148148148145,0.6226851851851852
3407,0.1388888888888889,0.6118143459915611,0.22638563622170177,0.3064275037369208,0.8865740740740741,-1.4099216710182767,2.135770234986945,0.4305555555555556,0.6134259259259259
3408,0.1712962962962963,0.6118143459915611,0.26765446880690463,0.3273542600896861,0.8865740740740741,-1.2741514360313315,1.9843342036553524,0.45601851851851855,0.6412037037037037
3409,0.1574074074074074,0.6118143459915611,0.2503936208034943,0.3183856502242152,0.8865740740740741,-1.433420365535248,2.039164490861619,0.4513888888888889,0.6365740740740741
3410,0.16435185185185186,0.6118143459915611,0.25910126215913526,0.32286995515695066,0.8865740740740741,-1.5091383812010444,2.0783289817232378,0.42824074074074076,0.5995370370370371
3411,0.13657407407407407,0.6118143459915611,0.22330109758166605,0.30493273542600896,0.8865740740740741,-1.5613577023498695,2.1305483028720626,0.41203703703703703,0.6342592592592593
3412,0.17824074074074073,0.6118143459915611,0.27605731310808634,0.33183856502242154,0.8865740740740741,-1.3681462140992167,1.968668407310705,0.4351851851851852,0.6342592592592593
3413,0.16666666666666666,0.6118143459915611,0.26196928635953026,0.3243647234678625,0.8865740740740741,-1.6631853785900783,2.117493472584856,0.4305555555555556,0.5949074074074074
3414,0.1712962962962963,0.6118143459915611,0.26765446880690463,0.3273542600896861,0.8865740740740741,-1.5352480417754568,2.135770234986945,0.4236111111111111,0.6226851851851852
3415,0.1736111111111111,0.6118143459915611,0.2704719268793136,0.32884902840059793,0.8865740740740741,-1.4046997389033942,2.02088772845953,0.46296296296296297,0.6365740740740741
3416,0.18518518518518517,0.6118143459915611,0.284313725490196,0.336322869955157,0.8865740740740741,-1.4569190600522193,2.0574412532637076,0.4583333333333333,0.6435185185185185
3417,0.1527777777777778,0.6118143459915611,0.24450065149076416,0.3153961136023916,0.8865740740740741,-1.5221932114882506,2.133159268929504,0.4375,0.6226851851851852
3418,0.18055555555555555,0.6118143459915611,0.27882553065601656,0.3333333333333333,0.8865740740740741,-1.4908616187989556,2.049608355091384,0.44675925925925924,0.6435185185185185
3419,0.1736111111111111,0.6118143459915611,0.2704719268793136,0.32884902840059793,0.8865740740740741,-1.514360313315927,2.02088772845953,0.4375,0.6226851851851852
3420,0.16435185185185186,0.6118143459915611,0.25910126215913526,0.32286995515695066,0.8865740740740741,-1.443864229765013,2.117493472584856,0.4212962962962963,0.6064814814814815
3421,0.18287037037037038,0.6118143459915611,0.28157762127748487,0.33482810164424515,0.8865740740740741,-1.558746736292428,2.044386422976501,0.4652777777777778,0.6319444444444444
3422,0.12731481481481483,0.6118143459915611,0.21076973901552695,0.29895366218236175,0.8865740740740741,-1.5483028720626633,2.2010443864229763,0.4074074074074074,0.5949074074074074
3423,0.15046296296296297,0.6118143459915611,0.2415273239797553,0.31390134529147984,0.8865740740740741,-1.3629242819843341,2.0469973890339426,0.4513888888888889,0.6319444444444444
3424,0.18518518518518517,0.6118143459915611,0.284313725490196,0.336322869955157,0.8865740740740741,-1.4099216710182767,2.031331592689295,0.4351851851851852,0.6180555555555556
3425,0.1412037037037037,0.6118143459915611,0.22945121081235326,0.30792227204783257,0.8865740740740741,-1.4960835509138382,2.0966057441253265,0.42824074074074076,0.6412037037037037
3426,0.1550925925925926,0.6118143459915611,0.24745602975076095,0.31689088191330345,0.8865740740740741,-1.4490861618798956,2.1070496083550916,0.44675925925925924,0.6388888888888888
3427,0.17592592592592593,0.6118143459915611,0.27327282646431583,0.3303437967115097,0.8865740740740741,-1.2819843342036554,2.0182767624020888,0.47453703703703703,0.6481481481481481
3428,0.1736111111111111,0.6118143459915611,0.2704719268793136,0.32884902840059793,0.8865740740740741,-1.4986945169712793,2.08355091383812,0.4212962962962963,0.6180555555555556
3429,0.1550925925925926,0.6118143459915611,0.24745602975076095,0.31689088191330345,0.8865740740740741,-1.3629242819843341,2.1409921671018277,0.4166666666666667,0.6203703703703703
3430,0.1412037037037037,0.6118143459915611,0.22945121081235326,0.30792227204783257,0.8865740740740741,-1.3838120104438643,1.9634464751958225,0.47685185185185186,0.6481481481481481
3431,0.1597222222222222,0.6118143459915611,0.25331358474801563,0.31988041853512705,0.8865740740740741,-1.4960835509138382,2.0809399477806787,0.44212962962962965,0.6111111111111112
3432,0.16203703703703703,0.6118143459915611,0.2562160797677647,0.3213751868460389,0.8865740740740741,-1.4569190600522193,2.1253263707571803,0.4444444444444444,0.6226851851851852
3433,0.18287037037037038,0.6118143459915611,0.28157762127748487,0.33482810164424515,0.8865740740740741,-1.597911227154047,2.0156657963446474,0.43287037037037035,0.6273148148148148
3434,0.1712962962962963,0.6118143459915611,0.26765446880690463,0.3273542600896861,0.8865740740740741,-1.3342036553524803,2.033942558746736,0.46064814814814814,0.6296296296296297
3435,0.16203703703703703,0.6118143459915611,0.2562160797677647,0.3213751868460389,0.8865740740740741,-1.5691906005221932,2.0913838120104438,0.4351851851851852,0.6134259259259259
3436,0.17824074074074073,0.6118143459915611,0.27605731310808634,0.33183856502242154,0.8865740740740741,-1.485639686684073,2.023498694516971,0.44212962962962965,0.6365740740740741
3437,0.16203703703703703,0.6118143459915611,0.2562160797677647,0.3213751868460389,0.8865740740740741,-1.3655352480417755,2.1070496083550916,0.43287037037037035,0.6273148148148148
3438,0.19444444444444445,0.6118143459915611,0.2951010321267626,0.3423019431988042,0.8865740740740741,-1.524804177545692,2.0417754569190603,0.44675925925925924,0.6273148148148148
3439,0.1736111111111111,0.6118143459915611,0.2704719268793136,0.32884902840059793,0.8865740740740741,-1.485639686684073,2.133159268929504,0.4074074074074074,0.6018518518518519
3440,0.17592592592592593,0.6118143459915611,0.27327282646431583,0.3303437967115097,0.8865740740740741,-1.422976501305483,2.039164490861619,0.4351851851851852,0.6226851851851852
3441,0.15046296296296297,0.6118143459915611,0.2415273239797553,0.31390134529147984,0.8865740740740741,-1.3968668407310705,2.0861618798955615,0.41898148148148145,0.6226851851851852
3442,0.17592592592592593,0.6118143459915611,0.27327282646431583,0.3303437967115097,0.8865740740740741,-1.433420365535248,2.0548302872062663,0.4444444444444444,0.6226851851851852
3443,0.18518518518518517,0.6118143459915611,0.284313725490196,0.336322869955157,0.8865740740740741,-1.5221932114882506,2.0548302872062663,0.44907407407407407,0.625
3444,0.16666666666666666,0.6118143459915611,0.26196928635953026,0.3243647234678625,0.8865740740740741,-1.4490861618798956,2.0026109660574414,0.4398148148148148,0.6458333333333334
3445,0.15046296296296297,0.6118143459915611,0.2415273239797553,0.31390134529147984,0.8865740740740741,-1.514360313315927,2.093994778067885,0.4212962962962963,0.6180555555555556
3446,0.18518518518518517,0.6118143459915611,0.284313725490196,0.336322869955157,0.8865740740740741,-1.4778067885117494,2.02088772845953,0.46296296296296297,0.6273148148148148
3447,0.1527777777777778,0.6118143459915611,0.24450065149076416,0.3153961136023916,0.8865740740740741,-1.4621409921671018,2.031331592689295,0.4375,0.6342592592592593
3448,0.14814814814814814,0.6118143459915611,0.23853588319967095,0.312406576980568,0.8865740740740741,-1.3629242819843341,2.0574412532637076,0.44212962962962965,0.6365740740740741
3449,0.13657407407407407,0.6118143459915611,0.22330109758166605,0.30493273542600896,0.8865740740740741,-1.4986945169712793,2.2036553524804177,0.41898148148148145,0.5925925925925926
3450,0.16898148148148148,0.6118143459915611,0.264820304974919,0.32585949177877427,0.8865740740740741,-1.4778067885117494,2.010443864229765,0.44907407407407407,0.6296296296296297
3451,0.1574074074074074,0.6118143459915611,0.2503936208034943,0.3183856502242152,0.8865740740740741,-1.3838120104438643,2.1148825065274153,0.4351851851851852,0.6134259259259259
3452,0.17824074074074073,0.6118143459915611,0.27605731310808634,0.33183856502242154,0.8865740740740741,-1.4882506527415145,2.02088772845953,0.44907407407407407,0.6342592592592593
3453,0.17824074074074073,0.6118143459915611,0.27605731310808634,0.33183856502242154,0.8865740740740741,-1.4699738903394255,2.0757180156657964,0.4513888888888889,0.6157407407407407
3454,0.1527777777777778,0.6118143459915611,0.24450065149076416,0.3153961136023916,0.8865740740740741,-1.3942558746736293,2.1253263707571803,0.4166666666666667,0.6296296296296297
3455,0.16898148148148148,0.6118143459915611,0.264820304974919,0.32585949177877427,0.8865740740740741,-1.4099216710182767,2.010443864229765,0.4513888888888889,0.6388888888888888
3456,0.1597222222222222,0.6118143459915611,0.25331358474801563,0.31988041853512705,0.8865740740740741,-1.4804177545691906,2.122715404699739,0.4166666666666667,0.6273148148148148
3457,0.1550925925925926,0.6118143459915611,0.24745602975076095,0.31689088191330345,0.8865740740740741,-1.5535248041775458,2.1592689295039165,0.4097222222222222,0.6087962962962963
3458,0.1574074074074074,0.6118143459915611,0.2503936208034943,0.3183856502242152,0.8865740740740741,-1.4464751958224542,2.0261096605744124,0.46064814814814814,0.6111111111111112
3459,0.16666666666666666,0.6118143459915611,0.26196928635953026,0.3243647234678625,0.8865740740740741,-1.4281984334203655,1.9973890339425588,0.4513888888888889,0.625
3460,0.16898148148148148,0.6118143459915611,0.264820304974919,0.32585949177877427,0.8865740740740741,-1.412532637075718,1.9556135770234986,0.4837962962962963,0.6550925925925926
3461,0.1550925925925926,0.6118143459915611,0.24745602975076095,0.31689088191330345,0.8865740740740741,-1.5430809399477807,2.154046997389034,0.4236111111111111,0.6087962962962963
3462,0.17824074074074073,0.6118143459915611,0.27605731310808634,0.33183856502242154,0.8865740740740741,-1.5065274151436032,2.0026109660574414,0.46064814814814814,0.6296296296296297
3463,0.1597222222222222,0.6118143459915611,0.25331358474801563,0.31988041853512705,0.8865740740740741,-1.5039164490861618,2.0,0.4375,0.6342592592592593
3464,0.16666666666666666,0.6118143459915611,0.26196928635953026,0.3243647234678625,0.8865740740740741,-1.3838120104438643,2.0678851174934727,0.4513888888888889,0.6087962962962963
3465,0.12731481481481483,0.6118143459915611,0.21076973901552695,0.29895366218236175,0.8865740740740741,-1.4308093994778068,2.08355091383812,0.4212962962962963,0.6388888888888888
3466,0.14814814814814814,0.6118143459915611,0.23853588319967095,0.312406576980568,0.8865740740740741,-1.4647519582245432,2.1488250652741514,0.41203703703703703,0.6018518518518519
3467,0.16666666666666666,0.6118143459915611,0.26196928635953026,0.3243647234678625,0.8865740740740741,-1.5378590078328982,2.1383812010443863,0.4351851851851852,0.6111111111111112
3468,0.16203703703703703,0.6118143459915611,0.2562160797677647,0.3213751868460389,0.8865740740740741,-1.556135770234987,2.1305483028720626,0.41435185185185186,0.625
3469,0.18055555555555555,0.6118143459915611,0.27882553065601656,0.3333333333333333,0.8865740740740741,-1.4281984334203655,1.9608355091383811,0.43287037037037035,0.6342592592592593
3470,0.1736111111111111,0.6118143459915611,0.2704719268793136,0.32884902840059793,0.8865740740740741,-1.391644908616188,1.9660574412532636,0.4398148148148148,0.6504629629629629
3471,0.16898148148148148,0.6118143459915611,0.264820304974919,0.32585949177877427,0.8865740740740741,-1.412532637075718,2.0026109660574414,0.4583333333333333,0.6412037037037037
3472,0.1527777777777778,0.6118143459915611,0.24450065149076416,0.3153961136023916,0.8865740740740741,-1.5430809399477807,2.0809399477806787,0.42592592592592593,0.6319444444444444
3473,0.1527777777777778,0.6118143459915611,0.24450065149076416,0.3153961136023916,0.8865740740740741,-1.4046997389033942,2.0992167101827675,0.4398148148148148,0.625
3474,0.16435185185185186,0.6118143459915611,0.25910126215913526,0.32286995515695066,0.8865740740740741,-1.4725848563968669,2.10443864229765,0.4236111111111111,0.6296296296296297
3475,0.1597222222222222,0.6118143459915611,0.25331358474801563,0.31988041853512705,0.8865740740740741,-1.3550913838120104,2.0966057441253265,0.4398148148148148,0.6180555555555556
3476,0.14351851851851852,0.6118143459915611,0.23249799570693358,0.3094170403587444,0.8865740740740741,-1.5039164490861618,2.1201044386422976,0.43287037037037035,0.6180555555555556
3477,0.16898148148148148,0.6118143459915611,0.264820304974919,0.32585949177877427,0.8865740740740741,-1.639686684073107,2.088772845953003,0.43287037037037035,0.6157407407407407
3478,0.1574074074074074,0.6118143459915611,0.2503936208034943,0.3183856502242152,0.8865740740740741,-1.422976501305483,1.9451697127937337,0.45601851851851855,0.6435185185185185
3479,0.16666666666666666,0.6118143459915611,0.26196928635953026,0.3243647234678625,0.8865740740740741,-1.566579634464752,2.1148825065274153,0.4305555555555556,0.6157407407407407
3480,0.17824074074074073,0.6118143459915611,0.27605731310808634,0.33183856502242154,0.8865740740740741,-1.441253263707572,2.0574412532637076,0.4537037037037037,0.6018518518518519
3481,0.15046296296296297,0.6118143459915611,0.2415273239797553,0.31390134529147984,0.8865740740740741,-1.5065274151436032,2.1488250652741514,0.42592592592592593,0.6157407407407407
3482,0.16435185185185186,0.6118143459915611,0.25910126215913526,0.32286995515695066,0.8865740740740741,-1.3812010443864229,2.0913838120104438,0.4351851851851852,0.6018518518518519
3483,0.17592592592592593,0.6118143459915611,0.27327282646431583,0.3303437967115097,0.8865740740740741,-1.4725848563968669,2.14621409921671,0.4375,0.6134259259259259
3484,0.14814814814814814,0.6118143459915611,0.23853588319967095,0.312406576980568,0.8865740740740741,-1.524804177545692,2.245430809399478,0.39351851851851855,0.5810185185185185
3485,0.16203703703703703,0.6118143459915611,0.2562160797677647,0.3213751868460389,0.8865740740740741,-1.556135770234987,2.151436031331593,0.4351851851851852,0.6111111111111112
3486,0.16435185185185186,0.6118143459915611,0.25910126215913526,0.32286995515695066,0.8865740740740741,-1.4151436031331592,2.02088772845953,0.4398148148148148,0.6342592592592593
3487,0.18055555555555555,0.6118143459915611,0.27882553065601656,0.3333333333333333,0.8865740740740741,-1.4490861618798956,2.0757180156657964,0.44907407407407407,0.6064814814814815
3488,0.14814814814814814,0.6118143459915611,0.23853588319967095,0.312406576980568,0.8865740740740741,-1.402088772845953,2.028720626631854,0.44212962962962965,0.6319444444444444
3489,0.1574074074074074,0.6118143459915611,0.2503936208034943,0.3183856502242152,0.8865740740740741,-1.3759791122715406,2.0704960835509136,0.44212962962962965,0.6226851851851852
3490,0.1527777777777778,0.6118143459915611,0.24450065149076416,0.3153961136023916,0.8865740740740741,-1.4673629242819843,2.088772845953003,0.4166666666666667,0.6180555555555556
3491,0.16435185185185186,0.6118143459915611,0.25910126215913526,0.32286995515695066,0.8865740740740741,-1.4255874673629243,2.010443864229765,0.4305555555555556,0.625
3492,0.13194444444444445,0.6118143459915611,0.21707441988732618,0.30194319880418535,0.8865740740740741,-1.5326370757180157,2.258485639686684,0.40046296296296297,0.5879629629629629
3493,0.14583333333333334,0.6118143459915611,0.2355261631279731,0.3109118086696562,0.8865740740740741,-1.5065274151436032,2.0652741514360313,0.4398148148148148,0.6342592592592593
3494,0.1574074074074074,0.6118143459915611,0.2503936208034943,0.3183856502242152,0.8865740740740741,-1.3159268929503916,2.0678851174934727,0.42824074074074076,0.6157407407407407
3495,0.14814814814814814,0.6118143459915611,0.23853588319967095,0.312406576980568,0.8865740740740741,-1.4360313315926894,1.989556135770235,0.4351851851851852,0.6319444444444444
3496,0.14814814814814814,0.6118143459915611,0.23853588319967095,0.312406576980568,0.8865740740740741,-1.5430809399477807,2.1697127937336815,0.4236111111111111,0.6087962962962963
3497,0.17592592592592593,0.6118143459915611,0.27327282646431583,0.3303437967115097,0.8865740740740741,-1.4464751958224542,1.989556135770235,0.44907407407407407,0.6319444444444444
3498,0.17824074074074073,0.6118143459915611,0.27605731310808634,0.33183856502242154,0.8865740740740741,-1.2819843342036554,1.9347258485639687,0.4444444444444444,0.6319444444444444
3499,0.15046296296296297,0.6118143459915611,0.2415273239797553,0.31390134529147984,0.8865740740740741,-1.514360313315927,2.1409921671018277,0.4444444444444444,0.6180555555555556
3500,0.15046296296296297,0.6118143459915611,0.2415273239797553,0.31390134529147984,0.8865740740740741,-1.5091383812010444,2.135770234986945,0.41898148148148145,0.6087962962962963
3501,0.16435185185185186,0.6118143459915611,0.25910126215913526,0.32286995515695066,0.8865740740740741,-1.5065274151436032,2.060052219321149,0.44675925925925924,0.6342592592592593
3502,0.16203703703703703,0.6118143459915611,0.2562160797677647,0.3213751868460389,0.8865740740740741,-1.328981723237598,2.0652741514360313,0.4398148148148148,0.6273148148148148
3503,0.16666666666666666,0.6118143459915611,0.26196928635953026,0.3243647234678625,0.8865740740740741,-1.4177545691906006,2.112271540469974,0.4236111111111111,0.5925925925925926
3504,0.1527777777777778,0.6118143459915611,0.24450065149076416,0.3153961136023916,0.8865740740740741,-1.6109660574412532,2.164490861618799,0.41435185185185186,0.6203703703703703
3505,0.16666666666666666,0.6118143459915611,0.26196928635953026,0.3243647234678625,0.8865740740740741,-1.5639686684073106,2.0652741514360313,0.4305555555555556,0.6111111111111112
3506,0.1550925925925926,0.6118143459915611,0.24745602975076095,0.31689088191330345,0.8865740740740741,-1.4934725848563968,2.0783289817232378,0.4074074074074074,0.6203703703703703
3507,0.1736111111111111,0.6118143459915611,0.2704719268793136,0.32884902840059793,0.8865740740740741,-1.4647519582245432,2.117493472584856,0.4305555555555556,0.6180555555555556
3508,0.1550925925925926,0.6118143459915611,0.24745602975076095,0.31689088191330345,0.8865740740740741,-1.3655352480417755,2.033942558746736,0.4444444444444444,0.6296296296296297
3509,0.14814814814814814,0.6118143459915611,0.23853588319967095,0.312406576980568,0.8865740740740741,-1.485639686684073,2.1488250652741514,0.41435185185185186,0.5902777777777778
3510,0.16666666666666666,0.6118143459915611,0.26196928635953026,0.3243647234678625,0.8865740740740741,-1.483028720626632,2.172323759791123,0.41898148148148145,0.5879629629629629
3511,0.1712962962962963,0.6118143459915611,0.26765446880690463,0.3273542600896861,0.8865740740740741,-1.3342036553524803,2.0861618798955615,0.41435185185185186,0.6134259259259259
3512,0.1712962962962963,0.6118143459915611,0.26765446880690463,0.3273542600896861,0.8865740740740741,-1.4464751958224542,2.0052219321148823,0.44212962962962965,0.6296296296296297
3513,0.1712962962962963,0.6118143459915611,0.26765446880690463,0.3273542600896861,0.8865740740740741,-1.5953002610966058,2.1801566579634466,0.4027777777777778,0.6018518518518519
3514,0.17592592592592593,0.6118143459915611,0.27327282646431583,0.3303437967115097,0.8865740740740741,-1.4908616187989556,2.112271540469974,0.44675925925925924,0.5995370370370371
3515,0.16666666666666666,0.6118143459915611,0.26196928635953026,0.3243647234678625,0.8865740740740741,-1.514360313315927,2.1096605744125325,0.44907407407407407,0.6273148148148148
3516,0.17824074074074073,0.6118143459915611,0.27605731310808634,0.33183856502242154,0.8865740740740741,-1.5430809399477807,2.0861618798955615,0.42824074074074076,0.6157407407407407
3517,0.18981481481481483,0.6118143459915611,0.2897385286448815,0.3393124065769806,0.8865740740740741,-1.4595300261096606,2.174934725848564,0.4305555555555556,0.6018518518518519
3518,0.16666666666666666,0.6118143459915611,0.26196928635953026,0.3243647234678625,0.8865740740740741,-1.5900783289817233,2.174934725848564,0.43287037037037035,0.6203703703703703
3519,0.1736111111111111,0.6118143459915611,0.2704719268793136,0.32884902840059793,0.8865740740740741,-1.524804177545692,2.0469973890339426,0.43287037037037035,0.6319444444444444
3520,0.18287037037037038,0.6118143459915611,0.28157762127748487,0.33482810164424515,0.8865740740740741,-1.5091383812010444,2.1305483028720626,0.44212962962962965,0.6087962962962963
3521,0.14351851851851852,0.6118143459915611,0.23249799570693358,0.3094170403587444,0.8865740740740741,-1.443864229765013,2.1070496083550916,0.42592592592592593,0.6180555555555556
3522,0.16203703703703703,0.6118143459915611,0.2562160797677647,0.3213751868460389,0.8865740740740741,-1.5744125326370757,2.101827676240209,0.4351851851851852,0.6180555555555556
3523,0.15046296296296297,0.6118143459915611,0.2415273239797553,0.31390134529147984,0.8865740740740741,-1.483028720626632,2.10443864229765,0.4212962962962963,0.6319444444444444
3524,0.1597222222222222,0.6118143459915611,0.25331358474801563,0.31988041853512705,0.8865740740740741,-1.5639686684073106,2.2114882506527413,0.41898148148148145,0.6064814814814815
3525,0.16666666666666666,0.6118143459915611,0.26196928635953026,0.3243647234678625,0.8865740740740741,-1.5404699738903394,2.06266318537859,0.43287037037037035,0.6203703703703703
3526,0.1712962962962963,0.6118143459915611,0.26765446880690463,0.3273542600896861,0.8865740740740741,-1.4673629242819843,2.10443864229765,0.4212962962962963,0.6527777777777778
3527,0.18287037037037038,0.6118143459915611,0.28157762127748487,0.33482810164424515,0.8865740740740741,-1.5221932114882506,2.0704960835509136,0.4305555555555556,0.6203703703703703
3528,0.15046296296296297,0.6118143459915611,0.2415273239797553,0.31390134529147984,0.8865740740740741,-1.4960835509138382,2.143603133159269,0.41203703703703703,0.6134259259259259
3529,0.1712962962962963,0.6118143459915611,0.26765446880690463,0.3273542600896861,0.8865740740740741,-1.3577023498694516,2.0574412532637076,0.44212962962962965,0.6365740740740741
3530,0.16435185185185186,0.6118143459915611,0.25910126215913526,0.32286995515695066,0.8865740740740741,-1.4464751958224542,2.0469973890339426,0.4375,0.6273148148148148
3531,0.1736111111111111,0.6118143459915611,0.2704719268793136,0.32884902840059793,0.8865740740740741,-1.5039164490861618,2.0574412532637076,0.44675925925925924,0.6203703703703703
3532,0.17824074074074073,0.6118143459915611,0.27605731310808634,0.33183856502242154,0.8865740740740741,-1.3550913838120104,2.0966057441253265,0.45601851851851855,0.6111111111111112
3533,0.16435185185185186,0.6118143459915611,0.25910126215913526,0.32286995515695066,0.8865740740740741,-1.4543080939947781,2.0757180156657964,0.4305555555555556,0.6226851851851852
3534,0.1388888888888889,0.6118143459915611,0.22638563622170177,0.3064275037369208,0.8865740740740741,-1.4073107049608355,2.1070496083550916,0.4351851851851852,0.6226851851851852
3535,0.1712962962962963,0.6118143459915611,0.26765446880690463,0.3273542600896861,0.8865740740740741,-1.514360313315927,2.02088772845953,0.4375,0.6203703703703703
3536,0.1597222222222222,0.6118143459915611,0.25331358474801563,0.31988041853512705,0.8865740740740741,-1.422976501305483,2.0704960835509136,0.4305555555555556,0.625
3537,0.16203703703703703,0.6118143459915611,0.2562160797677647,0.3213751868460389,0.8865740740740741,-1.4986945169712793,2.161879895561358,0.4166666666666667,0.6180555555555556
3538,0.17592592592592593,0.6118143459915611,0.27327282646431583,0.3303437967115097,0.8865740740740741,-1.3968668407310705,1.9817232375979112,0.4513888888888889,0.6435185185185185
3539,0.19675925925925927,0.6118143459915611,0.29775925590384733,0.34379671150971597,0.8865740740740741,-1.558746736292428,2.0078328981723237,0.44212962962962965,0.6087962962962963
3540,0.16898148148148148,0.6118143459915611,0.264820304974919,0.32585949177877427,0.8865740740740741,-1.4804177545691906,2.0652741514360313,0.4375,0.6157407407407407
3541,0.1412037037037037,0.6118143459915611,0.22945121081235326,0.30792227204783257,0.8865740740740741,-1.5639686684073106,2.154046997389034,0.4351851851851852,0.6111111111111112
3542,0.14583333333333334,0.6118143459915611,0.2355261631279731,0.3109118086696562,0.8865740740740741,-1.5300261096605745,2.156657963446475,0.40046296296296297,0.6041666666666666
3543,0.16435185185185186,0.6118143459915611,0.25910126215913526,0.32286995515695066,0.8865740740740741,-1.4543080939947781,2.0861618798955615,0.42824074074074076,0.6111111111111112
3544,0.16203703703703703,0.6118143459915611,0.2562160797677647,0.3213751868460389,0.8865740740740741,-1.5796344647519582,2.206266318537859,0.41203703703703703,0.5972222222222222
3545,0.1597222222222222,0.6118143459915611,0.25331358474801563,0.31988041853512705,0.8865740740740741,-1.412532637075718,2.0966057441253265,0.4537037037037037,0.6319444444444444
3546,0.18981481481481483,0.6118143459915611,0.2897385286448815,0.3393124065769806,0.8865740740740741,-1.4151436031331592,2.073107049608355,0.4398148148148148,0.625
3547,0.1550925925925926,0.6118143459915611,0.24745602975076095,0.31689088191330345,0.8865740740740741,-1.5117493472584855,2.0548302872062663,0.4351851851851852,0.6226851851851852
3548,0.17824074074074073,0.6118143459915611,0.27605731310808634,0.33183856502242154,0.8865740740740741,-1.4308093994778068,2.0365535248041775,0.45601851851851855,0.6296296296296297
3549,0.16435185185185186,0.6118143459915611,0.25910126215913526,0.32286995515695066,0.8865740740740741,-1.5039164490861618,2.0783289817232378,0.44675925925925924,0.6134259259259259
3550,0.1875,0.6118143459915611,0.28703398218409765,0.33781763826606875,0.8865740740740741,-1.4960835509138382,2.0182767624020888,0.46296296296296297,0.6365740740740741
3551,0.1550925925925926,0.6118143459915611,0.24745602975076095,0.31689088191330345,0.8865740740740741,-1.441253263707572,2.02088772845953,0.4513888888888889,0.6273148148148148
3552,0.17592592592592593,0.6118143459915611,0.27327282646431583,0.3303437967115097,0.8865740740740741,-1.4778067885117494,1.9791122715404699,0.4513888888888889,0.6550925925925926
3553,0.13425925925925927,0.6118143459915611,0.2201974183750949,0.3034379671150972,0.8865740740740741,-1.5274151436031331,2.195822454308094,0.42824074074074076,0.6134259259259259
3554,0.1736111111111111,0.6118143459915611,0.2704719268793136,0.32884902840059793,0.8865740740740741,-1.5195822454308094,2.1409921671018277,0.41435185185185186,0.5949074074074074
3555,0.16203703703703703,0.6118143459915611,0.2562160797677647,0.3213751868460389,0.8865740740740741,-1.577023498694517,2.1201044386422976,0.4212962962962963,0.6203703703703703
3556,0.14583333333333334,0.6118143459915611,0.2355261631279731,0.3109118086696562,0.8865740740740741,-1.5065274151436032,2.1383812010443863,0.4351851851851852,0.6203703703703703
3557,0.18287037037037038,0.6118143459915611,0.28157762127748487,0.33482810164424515,0.8865740740740741,-1.4725848563968669,2.0417754569190603,0.4375,0.6157407407407407
3558,0.16666666666666666,0.6118143459915611,0.26196928635953026,0.3243647234678625,0.8865740740740741,-1.370757180156658,2.023498694516971,0.4375,0.6226851851851852
3559,0.16666666666666666,0.6118143459915611,0.26196928635953026,0.3243647234678625,0.8865740740740741,-1.318537859007833,2.0130548302872064,0.4513888888888889,0.6365740740740741
3560,0.16203703703703703,0.6118143459915611,0.2562160797677647,0.3213751868460389,0.8865740740740741,-1.412532637075718,2.0652741514360313,0.42592592592592593,0.6226851851851852
3561,0.1712962962962963,0.6118143459915611,0.26765446880690463,0.3273542600896861,0.8865740740740741,-1.5326370757180157,2.0182767624020888,0.44675925925925924,0.6365740740740741
3562,0.16898148148148148,0.6118143459915611,0.264820304974919,0.32585949177877427,0.8865740740740741,-1.5065274151436032,2.174934725848564,0.41898148148148145,0.5995370370370371
3563,0.1712962962962963,0.6118143459915611,0.26765446880690463,0.3273542600896861,0.8865740740740741,-1.4960835509138382,2.0026109660574414,0.4583333333333333,0.6550925925925926
3564,0.14583333333333334,0.6118143459915611,0.2355261631279731,0.3109118086696562,0.8865740740740741,-1.5039164490861618,2.088772845953003,0.41898148148148145,0.6273148148148148
3565,0.16203703703703703,0.6118143459915611,0.2562160797677647,0.3213751868460389,0.8865740740740741,-1.524804177545692,2.088772845953003,0.4398148148148148,0.6365740740740741
3566,0.18518518518518517,0.6118143459915611,0.284313725490196,0.336322869955157,0.8865740740740741,-1.4778067885117494,2.06266318537859,0.47453703703703703,0.6412037037037037
3567,0.16898148148148148,0.6118143459915611,0.264820304974919,0.32585949177877427,0.8865740740740741,-1.5300261096605745,2.010443864229765,0.4537037037037037,0.6412037037037037
3568,0.16666666666666666,0.6118143459915611,0.26196928635953026,0.3243647234678625,0.8865740740740741,-1.4308093994778068,1.9947780678851175,0.45601851851851855,0.6597222222222222
3569,0.1712962962962963,0.6118143459915611,0.26765446880690463,0.3273542600896861,0.8865740740740741,-1.349869451697128,2.023498694516971,0.44212962962962965,0.625
3570,0.17824074074074073,0.6118143459915611,0.27605731310808634,0.33183856502242154,0.8865740740740741,-1.3315926892950392,2.02088772845953,0.4444444444444444,0.6134259259259259
3571,0.1736111111111111,0.6118143459915611,0.2704719268793136,0.32884902840059793,0.8865740740740741,-1.475195822454308,2.154046997389034,0.42824074074074076,0.6157407407407407
3572,0.1712962962962963,0.6118143459915611,0.26765446880690463,0.3273542600896861,0.8865740740740741,-1.370757180156658,2.1279373368146213,0.40046296296296297,0.6087962962962963
3573,0.16435185185185186,0.6118143459915611,0.25910126215913526,0.32286995515695066,0.8865740740740741,-1.5274151436031331,2.0966057441253265,0.44907407407407407,0.6157407407407407
3574,0.13657407407407407,0.6118143459915611,0.22330109758166605,0.30493273542600896,0.8865740740740741,-1.4543080939947781,2.112271540469974,0.4583333333333333,0.625
3575,0.17592592592592593,0.6118143459915611,0.27327282646431583,0.3303437967115097,0.8865740740740741,-1.4804177545691906,2.0704960835509136,0.4398148148148148,0.625
3576,0.18981481481481483,0.6118143459915611,0.2897385286448815,0.3393124065769806,0.8865740740740741,-1.577023498694517,2.0992167101827675,0.44675925925925924,0.6226851851851852
3577,0.16203703703703703,0.6118143459915611,0.2562160797677647,0.3213751868460389,0.8865740740740741,-1.4569190600522193,2.0417754569190603,0.43287037037037035,0.625
3578,0.14814814814814814,0.6118143459915611,0.23853588319967095,0.312406576980568,0.8865740740740741,-1.5195822454308094,2.1305483028720626,0.4351851851851852,0.6134259259259259
3579,0.14351851851851852,0.6118143459915611,0.23249799570693358,0.3094170403587444,0.8865740740740741,-1.5900783289817233,2.1488250652741514,0.41898148148148145,0.6018518518518519
3580,0.17824074074074073,0.6118143459915611,0.27605731310808634,0.33183856502242154,0.8865740740740741,-1.4725848563968669,2.1253263707571803,0.41435185185185186,0.6180555555555556
3581,0.16666666666666666,0.6118143459915611,0.26196928635953026,0.3243647234678625,0.8865740740740741,-1.3785900783289817,2.0417754569190603,0.4398148148148148,0.6388888888888888
3582,0.18981481481481483,0.6118143459915611,0.2897385286448815,0.3393124065769806,0.8865740740740741,-1.5300261096605745,2.0,0.47453703703703703,0.6319444444444444
3583,0.16435185185185186,0.6118143459915611,0.25910126215913526,0.32286995515695066,0.8865740740740741,-1.4516971279373367,2.06266318537859,0.4236111111111111,0.6087962962962963
3584,0.15046296296296297,0.6118143459915611,0.2415273239797553,0.31390134529147984,0.8865740740740741,-1.3994778067885119,2.010443864229765,0.4398148148148148,0.6504629629629629
3585,0.14814814814814814,0.6118143459915611,0.23853588319967095,0.312406576980568,0.8865740740740741,-1.433420365535248,2.0704960835509136,0.42592592592592593,0.6319444444444444
3586,0.1712962962962963,0.6118143459915611,0.26765446880690463,0.3273542600896861,0.8865740740740741,-1.558746736292428,2.0652741514360313,0.44212962962962965,0.6319444444444444
3587,0.17592592592592593,0.6118143459915611,0.27327282646431583,0.3303437967115097,0.8865740740740741,-1.5300261096605745,2.02088772845953,0.4675925925925926,0.6342592592592593
3588,0.17592592592592593,0.6118143459915611,0.27327282646431583,0.3303437967115097,0.8865740740740741,-1.4360313315926894,2.052219321148825,0.44212962962962965,0.6203703703703703
3589,0.16666666666666666,0.6118143459915611,0.26196928635953026,0.3243647234678625,0.8865740740740741,-1.4543080939947781,2.0548302872062663,0.42592592592592593,0.6319444444444444
3590,0.1712962962962963,0.6118143459915611,0.26765446880690463,0.3273542600896861,0.8865740740740741,-1.402088772845953,2.033942558746736,0.4583333333333333,0.6203703703703703
3591,0.16898148148148148,0.6118143459915611,0.264820304974919,0.32585949177877427,0.8865740740740741,-1.4595300261096606,2.174934725848564,0.4351851851851852,0.5972222222222222
3592,0.1712962962962963,0.6118143459915611,0.26765446880690463,0.3273542600896861,0.8865740740740741,-1.5509138381201044,2.08355091383812,0.4513888888888889,0.625
3593,0.16898148148148148,0.6118143459915611,0.264820304974919,0.32585949177877427,0.8865740740740741,-1.4647519582245432,2.044386422976501,0.4375,0.6180555555555556
3594,0.14583333333333334,0.6118143459915611,0.2355261631279731,0.3109118086696562,0.8865740740740741,-1.4804177545691906,2.1383812010443863,0.40046296296296297,0.6203703703703703
3595,0.15046296296296297,0.6118143459915611,0.2415273239797553,0.31390134529147984,0.8865740740740741,-1.516971279373368,2.0652741514360313,0.4305555555555556,0.6412037037037037
3596,0.17592592592592593,0.6118143459915611,0.27327282646431583,0.3303437967115097,0.8865740740740741,-1.483028720626632,2.0992167101827675,0.42592592592592593,0.6342592592592593
3597,0.1597222222222222,0.6118143459915611,0.25331358474801563,0.31988041853512705,0.8865740740740741,-1.4647519582245432,2.0548302872062663,0.4513888888888889,0.6203703703703703
3598,0.14351851851851852,0.6118143459915611,0.23249799570693358,0.3094170403587444,0.8865740740740741,-1.485639686684073,2.154046997389034,0.4097222222222222,0.6296296296296297
3599,0.15046296296296297,0.6118143459915611,0.2415273239797553,0.31390134529147984,0.8865740740740741,-1.556135770234987,2.156657963446475,0.4074074074074074,0.5833333333333334
3600,0.17592592592592593,0.6118143459915611,0.27327282646431583,0.3303437967115097,0.8865740740740741,-1.433420365535248,2.039164490861619,0.44675925925925924,0.6273148148148148
3601,0.16435185185185186,0.6118143459915611,0.25910126215913526,0.32286995515695066,0.8865740740740741,-1.3864229765013054,2.0548302872062663,0.43287037037037035,0.6064814814814815
3602,0.1875,0.6118143459915611,0.28703398218409765,0.33781763826606875,0.8865740740740741,-1.4647519582245432,2.0913838120104438,0.43287037037037035,0.6296296296296297
3603,0.14814814814814814,0.6118143459915611,0.23853588319967095,0.312406576980568,0.8865740740740741,-1.4046997389033942,2.1253263707571803,0.42592592592592593,0.6342592592592593
3604,0.1712962962962963,0.6118143459915611,0.26765446880690463,0.3273542600896861,0.8865740740740741,-1.422976501305483,2.0809399477806787,0.4513888888888889,0.6180555555555556
3605,0.1412037037037037,0.6118143459915611,0.22945121081235326,0.30792227204783257,0.8865740740740741,-1.3785900783289817,2.088772845953003,0.4236111111111111,0.6342592592592593
3606,0.17592592592592593,0.6118143459915611,0.27327282646431583,0.3303437967115097,0.8865740740740741,-1.5195822454308094,2.06266318537859,0.4351851851851852,0.6111111111111112
3607,0.14583333333333334,0.6118143459915611,0.2355261631279731,0.3109118086696562,0.8865740740740741,-1.5613577023498695,2.052219321148825,0.4351851851851852,0.6273148148148148
3608,0.16666666666666666,0.6118143459915611,0.26196928635953026,0.3243647234678625,0.8865740740740741,-1.5274151436031331,2.0966057441253265,0.44212962962962965,0.625
3609,0.1712962962962963,0.6118143459915611,0.26765446880690463,0.3273542600896861,0.8865740740740741,-1.4908616187989556,2.1070496083550916,0.4305555555555556,0.6087962962962963
3610,0.13194444444444445,0.6118143459915611,0.21707441988732618,0.30194319880418535,0.8865740740740741,-1.4490861618798956,2.1279373368146213,0.4074074074074074,0.6064814814814815
3611,0.1712962962962963,0.6118143459915611,0.26765446880690463,0.3273542600896861,0.8865740740740741,-1.4699738903394255,2.060052219321149,0.4675925925925926,0.6273148148148148
3612,0.1550925925925926,0.6118143459915611,0.24745602975076095,0.31689088191330345,0.8865740740740741,-1.3994778067885119,2.0574412532637076,0.41203703703703703,0.6296296296296297
3613,0.18981481481481483,0.6118143459915611,0.2897385286448815,0.3393124065769806,0.8865740740740741,-1.3785900783289817,1.9373368146214098,0.4583333333333333,0.6388888888888888
3614,0.16666666666666666,0.6118143459915611,0.26196928635953026,0.3243647234678625,0.8865740740740741,-1.475195822454308,2.0548302872062663,0.4537037037037037,0.6273148148148148
3615,0.16435185185185186,0.6118143459915611,0.25910126215913526,0.32286995515695066,0.8865740740740741,-1.4934725848563968,1.968668407310705,0.4722222222222222,0.6458333333333334
3616,0.16666666666666666,0.6118143459915611,0.26196928635953026,0.3243647234678625,0.8865740740740741,-1.5300261096605745,2.0417754569190603,0.4375,0.6342592592592593
3617,0.1574074074074074,0.6118143459915611,0.2503936208034943,0.3183856502242152,0.8865740740740741,-1.4882506527415145,2.1305483028720626,0.43287037037037035,0.6018518518518519
3618,0.1736111111111111,0.6118143459915611,0.2704719268793136,0.32884902840059793,0.8865740740740741,-1.5691906005221932,2.0861618798955615,0.44675925925925924,0.6226851851851852
3619,0.1736111111111111,0.6118143459915611,0.2704719268793136,0.32884902840059793,0.8865740740740741,-1.4099216710182767,2.06266318537859,0.4305555555555556,0.6134259259259259
3620,0.1574074074074074,0.6118143459915611,0.2503936208034943,0.3183856502242152,0.8865740740740741,-1.3315926892950392,2.093994778067885,0.4305555555555556,0.6203703703703703
3621,0.1597222222222222,0.6118143459915611,0.25331358474801563,0.31988041853512705,0.8865740740740741,-1.3342036553524803,2.122715404699739,0.4305555555555556,0.6203703703703703
3622,0.17592592592592593,0.6118143459915611,0.27327282646431583,0.3303437967115097,0.8865740740740741,-1.4804177545691906,2.0130548302872064,0.4699074074074074,0.6319444444444444
3623,0.1597222222222222,0.6118143459915611,0.25331358474801563,0.31988041853512705,0.8865740740740741,-1.514360313315927,2.1253263707571803,0.4212962962962963,0.6296296296296297
3624,0.17824074074074073,0.6118143459915611,0.27605731310808634,0.33183856502242154,0.8865740740740741,-1.4360313315926894,2.0417754569190603,0.4375,0.6435185185185185
3625,0.1574074074074074,0.6118143459915611,0.2503936208034943,0.3183856502242152,0.8865740740740741,-1.5091383812010444,2.151436031331593,0.42824074074074076,0.6111111111111112
3626,0.1597222222222222,0.6118143459915611,0.25331358474801563,0.31988041853512705,0.8865740740740741,-1.516971279373368,2.101827676240209,0.4513888888888889,0.6203703703703703
3627,0.18055555555555555,0.6118143459915611,0.27882553065601656,0.3333333333333333,0.8865740740740741,-1.5013054830287207,2.0861618798955615,0.46296296296296297,0.6111111111111112
3628,0.1712962962962963,0.6118143459915611,0.26765446880690463,0.3273542600896861,0.8865740740740741,-1.5091383812010444,2.0156657963446474,0.44907407407407407,0.625
3629,0.16203703703703703,0.6118143459915611,0.2562160797677647,0.3213751868460389,0.8865740740740741,-1.5039164490861618,2.08355091383812,0.42592592592592593,0.6273148148148148
3630,0.2013888888888889,0.6118143459915611,0.30303030303030304,0.34678624813153963,0.8865740740740741,-1.2402088772845954,1.919060052219321,0.46064814814814814,0.6319444444444444
3631,0.16203703703703703,0.6118143459915611,0.2562160797677647,0.3213751868460389,0.8865740740740741,-1.524804177545692,2.0574412532637076,0.42824074074074076,0.6458333333333334
3632,0.15046296296296297,0.6118143459915611,0.2415273239797553,0.31390134529147984,0.8865740740740741,-1.650130548302872,2.1096605744125325,0.42592592592592593,0.6087962962962963
3633,0.16666666666666666,0.6118143459915611,0.26196928635953026,0.3243647234678625,0.8865740740740741,-1.443864229765013,2.039164490861619,0.4513888888888889,0.6273148148148148
3634,0.14814814814814814,0.6118143459915611,0.23853588319967095,0.312406576980568,0.8865740740740741,-1.3785900783289817,2.093994778067885,0.41435185185185186,0.6180555555555556
3635,0.18287037037037038,0.6118143459915611,0.28157762127748487,0.33482810164424515,0.8865740740740741,-1.441253263707572,1.9738903394255876,0.4583333333333333,0.6203703703703703
3636,0.19907407407407407,0.6118143459915611,0.30040230300402304,0.3452914798206278,0.8865740740740741,-1.433420365535248,1.9295039164490861,0.4652777777777778,0.6481481481481481
3637,0.17592592592592593,0.6118143459915611,0.27327282646431583,0.3303437967115097,0.8865740740740741,-1.3159268929503916,2.010443864229765,0.44212962962962965,0.6319444444444444
3638,0.1597222222222222,0.6118143459915611,0.25331358474801563,0.31988041853512705,0.8865740740740741,-1.524804177545692,2.02088772845953,0.43287037037037035,0.6273148148148148
3639,0.16666666666666666,0.6118143459915611,0.26196928635953026,0.3243647234678625,0.8865740740740741,-1.4360313315926894,2.0574412532637076,0.4513888888888889,0.6111111111111112
3640,0.1712962962962963,0.6118143459915611,0.26765446880690463,0.3273542600896861,0.8865740740740741,-1.6684073107049608,2.1070496083550916,0.4074074074074074,0.6296296296296297
3641,0.17592592592592593,0.6118143459915611,0.27327282646431583,0.3303437967115097,0.8865740740740741,-1.483028720626632,2.0574412532637076,0.45601851851851855,0.6296296296296297
3642,0.16203703703703703,0.6118143459915611,0.2562160797677647,0.3213751868460389,0.8865740740740741,-1.3577023498694516,2.093994778067885,0.4398148148148148,0.6319444444444444
3643,0.16435185185185186,0.6118143459915611,0.25910126215913526,0.32286995515695066,0.8865740740740741,-1.433420365535248,2.0130548302872064,0.46296296296296297,0.6342592592592593
3644,0.18055555555555555,0.6118143459915611,0.27882553065601656,0.3333333333333333,0.8865740740740741,-1.5430809399477807,2.028720626631854,0.44675925925925924,0.6180555555555556
3645,0.14583333333333334,0.6118143459915611,0.2355261631279731,0.3109118086696562,0.8865740740740741,-1.4255874673629243,2.2036553524804177,0.4398148148148148,0.5949074074074074
3646,0.17592592592592593,0.6118143459915611,0.27327282646431583,0.3303437967115097,0.8865740740740741,-1.3159268929503916,1.9216710182767625,0.4675925925925926,0.6412037037037037
3647,0.1736111111111111,0.6118143459915611,0.2704719268793136,0.32884902840059793,0.8865740740740741,-1.558746736292428,2.2010443864229763,0.4212962962962963,0.6111111111111112
3648,0.1574074074074074,0.6118143459915611,0.2503936208034943,0.3183856502242152,0.8865740740740741,-1.4647519582245432,2.174934725848564,0.4166666666666667,0.6180555555555556
3649,0.16666666666666666,0.6118143459915611,0.26196928635953026,0.3243647234678625,0.8865740740740741,-1.4778067885117494,2.1148825065274153,0.4351851851851852,0.6226851851851852
3650,0.1527777777777778,0.6118143459915611,0.24450065149076416,0.3153961136023916,0.8865740740740741,-1.5926892950391645,2.1409921671018277,0.4166666666666667,0.6134259259259259
3651,0.16898148148148148,0.6118143459915611,0.264820304974919,0.32585949177877427,0.8865740740740741,-1.5013054830287207,2.0704960835509136,0.43287037037037035,0.6365740740740741
3652,0.16666666666666666,0.6118143459915611,0.26196928635953026,0.3243647234678625,0.8865740740740741,-1.4804177545691906,2.0913838120104438,0.4305555555555556,0.6180555555555556
3653,0.14814814814814814,0.6118143459915611,0.23853588319967095,0.312406576980568,0.8865740740740741,-1.475195822454308,2.0966057441253265,0.44907407407407407,0.5972222222222222
3654,0.14583333333333334,0.6118143459915611,0.2355261631279731,0.3109118086696562,0.8865740740740741,-1.514360313315927,2.177545691906005,0.43287037037037035,0.6180555555555556
3655,0.18287037037037038,0.6118143459915611,0.28157762127748487,0.33482810164424515,0.8865740740740741,-1.443864229765013,2.0182767624020888,0.43287037037037035,0.6226851851851852
3656,0.18055555555555555,0.6118143459915611,0.27882553065601656,0.3333333333333333,0.8865740740740741,-1.4725848563968669,2.093994778067885,0.44212962962962965,0.6157407407407407
3657,0.13657407407407407,0.6118143459915611,0.22330109758166605,0.30493273542600896,0.8865740740740741,-1.4647519582245432,2.101827676240209,0.42824074074074076,0.625
3658,0.16898148148148148,0.6118143459915611,0.264820304974919,0.32585949177877427,0.8865740740740741,-1.5117493472584855,2.1070496083550916,0.44907407407407407,0.6087962962962963
3659,0.16666666666666666,0.6118143459915611,0.26196928635953026,0.3243647234678625,0.8865740740740741,-1.4986945169712793,2.0574412532637076,0.4212962962962963,0.6435185185185185
3660,0.1550925925925926,0.6118143459915611,0.24745602975076095,0.31689088191330345,0.8865740740740741,-1.391644908616188,2.154046997389034,0.41203703703703703,0.6134259259259259
3661,0.16666666666666666,0.6118143459915611,0.26196928635953026,0.3243647234678625,0.8865740740740741,-1.4151436031331592,2.1409921671018277,0.4166666666666667,0.6087962962962963
3662,0.18055555555555555,0.6118143459915611,0.27882553065601656,0.3333333333333333,0.8865740740740741,-1.441253263707572,2.0992167101827675,0.4236111111111111,0.6134259259259259
3663,0.17592592592592593,0.6118143459915611,0.27327282646431583,0.3303437967115097,0.8865740740740741,-1.4073107049608355,1.9712793733681462,0.46296296296296297,0.6157407407407407
3664,0.18981481481481483,0.6118143459915611,0.2897385286448815,0.3393124065769806,0.8865740740740741,-1.4386422976501305,2.033942558746736,0.44907407407407407,0.6481481481481481
3665,0.16435185185185186,0.6118143459915611,0.25910126215913526,0.32286995515695066,0.8865740740740741,-1.483028720626632,1.947780678851175,0.4513888888888889,0.6504629629629629
3666,0.14351851851851852,0.6118143459915611,0.23249799570693358,0.3094170403587444,0.8865740740740741,-1.3812010443864229,2.1592689295039165,0.41203703703703703,0.5949074074074074
3667,0.1550925925925926,0.6118143459915611,0.24745602975076095,0.31689088191330345,0.8865740740740741,-1.3864229765013054,2.039164490861619,0.4444444444444444,0.6435185185185185
3668,0.1875,0.6118143459915611,0.28703398218409765,0.33781763826606875,0.8865740740740741,-1.5456919060052219,2.0469973890339426,0.44907407407407407,0.6226851851851852
3669,0.16435185185185186,0.6118143459915611,0.25910126215913526,0.32286995515695066,0.8865740740740741,-1.4621409921671018,2.1148825065274153,0.39814814814814814,0.6087962962962963
3670,0.14583333333333334,0.6118143459915611,0.2355261631279731,0.3109118086696562,0.8865740740740741,-1.412532637075718,2.0966057441253265,0.4375,0.6203703703703703
3671,0.14351851851851852,0.6118143459915611,0.23249799570693358,0.3094170403587444,0.8865740740740741,-1.5926892950391645,2.073107049608355,0.4398148148148148,0.6226851851851852
3672,0.1527777777777778,0.6118143459915611,0.24450065149076416,0.3153961136023916,0.8865740740740741,-1.5535248041775458,2.101827676240209,0.41898148148148145,0.6180555555555556
3673,0.16898148148148148,0.6118143459915611,0.264820304974919,0.32585949177877427,0.8865740740740741,-1.4778067885117494,2.0678851174934727,0.4166666666666667,0.6226851851851852
3674,0.16666666666666666,0.6118143459915611,0.26196928635953026,0.3243647234678625,0.8865740740740741,-1.5822454308093994,2.10443864229765,0.44675925925925924,0.6180555555555556
3675,0.17824074074074073,0.6118143459915611,0.27605731310808634,0.33183856502242154,0.8865740740740741,-1.5195822454308094,1.9947780678851175,0.4375,0.6435185185185185
3676,0.14814814814814814,0.6118143459915611,0.23853588319967095,0.312406576980568,0.8865740740740741,-1.4778067885117494,2.1096605744125325,0.4375,0.6203703703703703
3677,0.16666666666666666,0.6118143459915611,0.26196928635953026,0.3243647234678625,0.8865740740740741,-1.3942558746736293,2.031331592689295,0.45601851851851855,0.625
3678,0.16898148148148148,0.6118143459915611,0.264820304974919,0.32585949177877427,0.8865740740740741,-1.4281984334203655,1.9608355091383811,0.44907407407407407,0.6226851851851852
3679,0.1550925925925926,0.6118143459915611,0.24745602975076095,0.31689088191330345,0.8865740740740741,-1.5509138381201044,2.1148825065274153,0.4236111111111111,0.6180555555555556
3680,0.17824074074074073,0.6118143459915611,0.27605731310808634,0.33183856502242154,0.8865740740740741,-1.3629242819843341,1.9947780678851175,0.4444444444444444,0.625
3681,0.19675925925925927,0.6118143459915611,0.29775925590384733,0.34379671150971597,0.8865740740740741,-1.4543080939947781,2.0130548302872064,0.43287037037037035,0.6342592592592593
3682,0.16435185185185186,0.6118143459915611,0.25910126215913526,0.32286995515695066,0.8865740740740741,-1.4934725848563968,2.1201044386422976,0.4398148148148148,0.6180555555555556
3683,0.18287037037037038,0.6118143459915611,0.28157762127748487,0.33482810164424515,0.8865740740740741,-1.485639686684073,2.0130548302872064,0.4444444444444444,0.6319444444444444
3684,0.15046296296296297,0.6118143459915611,0.2415273239797553,0.31390134529147984,0.8865740740740741,-1.2663185378590078,2.0548302872062663,0.41203703703703703,0.6365740740740741
3685,0.1388888888888889,0.6118143459915611,0.22638563622170177,0.3064275037369208,0.8865740740740741,-1.5274151436031331,2.1279373368146213,0.4027777777777778,0.6018518518518519
3686,0.1875,0.6118143459915611,0.28703398218409765,0.33781763826606875,0.8865740740740741,-1.4543080939947781,2.028720626631854,0.4398148148148148,0.6226851851851852
3687,0.1527777777777778,0.6118143459915611,0.24450065149076416,0.3153961136023916,0.8865740740740741,-1.5953002610966058,2.133159268929504,0.44675925925925924,0.6226851851851852
3688,0.1712962962962963,0.6118143459915611,0.26765446880690463,0.3273542600896861,0.8865740740740741,-1.4516971279373367,2.06266318537859,0.4236111111111111,0.6365740740740741
3689,0.1736111111111111,0.6118143459915611,0.2704719268793136,0.32884902840059793,0.8865740740740741,-1.524804177545692,2.1096605744125325,0.4351851851851852,0.6180555555555556
3690,0.17824074074074073,0.6118143459915611,0.27605731310808634,0.33183856502242154,0.8865740740740741,-1.5456919060052219,2.0992167101827675,0.4074074074074074,0.6064814814814815
3691,0.1550925925925926,0.6118143459915611,0.24745602975076095,0.31689088191330345,0.8865740740740741,-1.443864229765013,2.1070496083550916,0.44212962962962965,0.6342592592592593
3692,0.16898148148148148,0.6118143459915611,0.264820304974919,0.32585949177877427,0.8865740740740741,-1.3629242819843341,2.073107049608355,0.44675925925925924,0.6226851851851852
3693,0.15046296296296297,0.6118143459915611,0.2415273239797553,0.31390134529147984,0.8865740740740741,-1.7258485639686685,2.195822454308094,0.41435185185185186,0.5972222222222222
3694,0.1597222222222222,0.6118143459915611,0.25331358474801563,0.31988041853512705,0.8865740740740741,-1.4595300261096606,2.1279373368146213,0.4236111111111111,0.6111111111111112
3695,0.1550925925925926,0.6118143459915611,0.24745602975076095,0.31689088191330345,0.8865740740740741,-1.4778067885117494,2.1305483028720626,0.4375,0.6342592592592593
3696,0.1574074074074074,0.6118143459915611,0.2503936208034943,0.3183856502242152,0.8865740740740741,-1.3994778067885119,2.0156657963446474,0.4398148148148148,0.6319444444444444
3697,0.16898148148148148,0.6118143459915611,0.264820304974919,0.32585949177877427,0.8865740740740741,-1.5404699738903394,2.1253263707571803,0.4444444444444444,0.6064814814814815
3698,0.1597222222222222,0.6118143459915611,0.25331358474801563,0.31988041853512705,0.8865740740740741,-1.5013054830287207,2.0130548302872064,0.4351851851851852,0.6296296296296297
3699,0.1712962962962963,0.6118143459915611,0.26765446880690463,0.3273542600896861,0.8865740740740741,-1.516971279373368,2.0182767624020888,0.43287037037037035,0.6388888888888888
3700,0.16203703703703703,0.6118143459915611,0.2562160797677647,0.3213751868460389,0.8865740740740741,-1.6553524804177546,2.1409921671018277,0.4351851851851852,0.6111111111111112
3701,0.18055555555555555,0.6118143459915611,0.27882553065601656,0.3333333333333333,0.8865740740740741,-1.3394255874673628,2.033942558746736,0.4305555555555556,0.6342592592592593
3702,0.1412037037037037,0.6118143459915611,0.22945121081235326,0.30792227204783257,0.8865740740740741,-1.5848563968668408,2.0809399477806787,0.44675925925925924,0.6180555555555556
3703,0.1574074074074074,0.6118143459915611,0.2503936208034943,0.3183856502242152,0.8865740740740741,-1.4595300261096606,2.033942558746736,0.4166666666666667,0.6226851851851852
3704,0.1574074074074074,0.6118143459915611,0.2503936208034943,0.3183856502242152,0.8865740740740741,-1.370757180156658,2.028720626631854,0.43287037037037035,0.6296296296296297
3705,0.16435185185185186,0.6118143459915611,0.25910126215913526,0.32286995515695066,0.8865740740740741,-1.3446475195822454,2.023498694516971,0.4351851851851852,0.6388888888888888
3706,0.16435185185185186,0.6118143459915611,0.25910126215913526,0.32286995515695066,0.8865740740740741,-1.3681462140992167,2.0,0.4583333333333333,0.6481481481481481
3707,0.13194444444444445,0.6118143459915611,0.21707441988732618,0.30194319880418535,0.8865740740740741,-1.4073107049608355,2.1592689295039165,0.4027777777777778,0.6087962962962963
3708,0.1574074074074074,0.6118143459915611,0.2503936208034943,0.3183856502242152,0.8865740740740741,-1.4464751958224542,2.0469973890339426,0.4398148148148148,0.6319444444444444
3709,0.1712962962962963,0.6118143459915611,0.26765446880690463,0.3273542600896861,0.8865740740740741,-1.5926892950391645,2.1827676240208875,0.4050925925925926,0.6087962962962963
3710,0.1712962962962963,0.6118143459915611,0.26765446880690463,0.3273542600896861,0.8865740740740741,-1.5378590078328982,2.1279373368146213,0.41203703703703703,0.6041666666666666
3711,0.19444444444444445,0.6118143459915611,0.2951010321267626,0.3423019431988042,0.8865740740740741,-1.3890339425587468,2.0052219321148823,0.46064814814814814,0.6342592592592593
3712,0.12962962962962962,0.6118143459915611,0.2139319211718832,0.3004484304932735,0.8865740740740741,-1.4281984334203655,2.1070496083550916,0.41435185185185186,0.6087962962962963
3713,0.1712962962962963,0.6118143459915611,0.26765446880690463,0.3273542600896861,0.8865740740740741,-1.3524804177545693,2.073107049608355,0.4236111111111111,0.6296296296296297
3714,0.18055555555555555,0.6118143459915611,0.27882553065601656,0.3333333333333333,0.8865740740740741,-1.5039164490861618,2.0678851174934727,0.4375,0.6180555555555556
3715,0.1712962962962963,0.6118143459915611,0.26765446880690463,0.3273542600896861,0.8865740740740741,-1.3942558746736293,2.0469973890339426,0.44675925925925924,0.6273148148148148
3716,0.15046296296296297,0.6118143459915611,0.2415273239797553,0.31390134529147984,0.8865740740740741,-1.5535248041775458,2.133159268929504,0.4212962962962963,0.6087962962962963
3717,0.18287037037037038,0.6118143459915611,0.28157762127748487,0.33482810164424515,0.8865740740740741,-1.556135770234987,2.093994778067885,0.4398148148148148,0.6273148148148148
3718,0.1712962962962963,0.6118143459915611,0.26765446880690463,0.3273542600896861,0.8865740740740741,-1.3759791122715406,2.0652741514360313,0.42592592592592593,0.6134259259259259
3719,0.1527777777777778,0.6118143459915611,0.24450065149076416,0.3153961136023916,0.8865740740740741,-1.4908616187989556,2.0757180156657964,0.42824074074074076,0.6226851851851852
3720,0.16203703703703703,0.6118143459915611,0.2562160797677647,0.3213751868460389,0.8865740740740741,-1.318537859007833,2.049608355091384,0.4305555555555556,0.6203703703703703
3721,0.15046296296296297,0.6118143459915611,0.2415273239797553,0.31390134529147984,0.8865740740740741,-1.6161879895561357,2.1801566579634466,0.4097222222222222,0.6180555555555556
3722,0.1527777777777778,0.6118143459915611,0.24450065149076416,0.3153961136023916,0.8865740740740741,-1.4490861618798956,2.044386422976501,0.42824074074074076,0.6273148148148148
3723,0.16898148148148148,0.6118143459915611,0.264820304974919,0.32585949177877427,0.8865740740740741,-1.433420365535248,2.049608355091384,0.44675925925925924,0.6435185185185185
3724,0.16203703703703703,0.6118143459915611,0.2562160797677647,0.3213751868460389,0.8865740740740741,-1.4569190600522193,2.1201044386422976,0.44212962962962965,0.6157407407407407
3725,0.1550925925925926,0.6118143459915611,0.24745602975076095,0.31689088191330345,0.8865740740740741,-1.4490861618798956,2.0913838120104438,0.4050925925925926,0.6203703703703703
3726,0.16898148148148148,0.6118143459915611,0.264820304974919,0.32585949177877427,0.8865740740740741,-1.5404699738903394,2.1096605744125325,0.43287037037037035,0.6273148148148148
3727,0.1574074074074074,0.6118143459915611,0.2503936208034943,0.3183856502242152,0.8865740740740741,-1.5456919060052219,2.0574412532637076,0.41203703703703703,0.6296296296296297
3728,0.18287037037037038,0.6118143459915611,0.28157762127748487,0.33482810164424515,0.8865740740740741,-1.443864229765013,2.0548302872062663,0.44212962962962965,0.625
3729,0.16898148148148148,0.6118143459915611,0.264820304974919,0.32585949177877427,0.8865740740740741,-1.4960835509138382,2.101827676240209,0.4305555555555556,0.6226851851851852
3730,0.13194444444444445,0.6118143459915611,0.21707441988732618,0.30194319880418535,0.8865740740740741,-1.514360313315927,2.0992167101827675,0.4236111111111111,0.6157407407407407
3731,0.2222222222222222,0.6118143459915611,0.3260258572231591,0.3602391629297459,0.8865740740740741,-1.5039164490861618,1.95822454308094,0.4652777777777778,0.6412037037037037
3732,0.18518518518518517,0.6118143459915611,0.284313725490196,0.336322869955157,0.8865740740740741,-1.5456919060052219,2.0678851174934727,0.41898148148148145,0.6226851851851852
3733,0.1736111111111111,0.6118143459915611,0.2704719268793136,0.32884902840059793,0.8865740740740741,-1.4386422976501305,2.023498694516971,0.44675925925925924,0.6412037037037037
3734,0.1712962962962963,0.6118143459915611,0.26765446880690463,0.3273542600896861,0.8865740740740741,-1.6057441253263707,2.143603133159269,0.41435185185185186,0.5972222222222222
3735,0.1527777777777778,0.6118143459915611,0.24450065149076416,0.3153961136023916,0.8865740740740741,-1.6892950391644908,2.1488250652741514,0.4305555555555556,0.5949074074074074
3736,0.1597222222222222,0.6118143459915611,0.25331358474801563,0.31988041853512705,0.8865740740740741,-1.5535248041775458,2.1070496083550916,0.4398148148148148,0.6226851851851852
3737,0.17592592592592593,0.6118143459915611,0.27327282646431583,0.3303437967115097,0.8865740740740741,-1.608355091383812,2.1201044386422976,0.4375,0.5949074074074074
3738,0.18055555555555555,0.6118143459915611,0.27882553065601656,0.3333333333333333,0.8865740740740741,-1.4464751958224542,2.0678851174934727,0.44907407407407407,0.6388888888888888
3739,0.16666666666666666,0.6118143459915611,0.26196928635953026,0.3243647234678625,0.8865740740740741,-1.4490861618798956,2.0078328981723237,0.4444444444444444,0.6157407407407407
3740,0.19675925925925927,0.6118143459915611,0.29775925590384733,0.34379671150971597,0.8865740740740741,-1.391644908616188,1.9556135770234986,0.4652777777777778,0.6574074074074074
3741,0.18055555555555555,0.6118143459915611,0.27882553065601656,0.3333333333333333,0.8865740740740741,-1.556135770234987,2.073107049608355,0.44675925925925924,0.6111111111111112
3742,0.1388888888888889,0.6118143459915611,0.22638563622170177,0.3064275037369208,0.8865740740740741,-1.4464751958224542,2.0469973890339426,0.44212962962962965,0.6481481481481481
3743,0.1597222222222222,0.6118143459915611,0.25331358474801563,0.31988041853512705,0.8865740740740741,-1.3107049608355092,1.9634464751958225,0.45601851851851855,0.6527777777777778
3744,0.1574074074074074,0.6118143459915611,0.2503936208034943,0.3183856502242152,0.8865740740740741,-1.3237597911227155,2.028720626631854,0.4583333333333333,0.6226851851851852
3745,0.1736111111111111,0.6118143459915611,0.2704719268793136,0.32884902840059793,0.8865740740740741,-1.6214099216710183,2.033942558746736,0.44675925925925924,0.6087962962962963
3746,0.16898148148148148,0.6118143459915611,0.264820304974919,0.32585949177877427,0.8865740740740741,-1.4882506527415145,2.0783289817232378,0.42824074074074076,0.6296296296296297
3747,0.18518518518518517,0.6118143459915611,0.284313725490196,0.336322869955157,0.8865740740740741,-1.4673629242819843,2.052219321148825,0.44675925925925924,0.6180555555555556
3748,0.16435185185185186,0.6118143459915611,0.25910126215913526,0.32286995515695066,0.8865740740740741,-1.3838120104438643,2.0469973890339426,0.4398148148148148,0.6342592592592593
3749,0.1550925925925926,0.6118143459915611,0.24745602975076095,0.31689088191330345,0.8865740740740741,-1.4725848563968669,2.0992167101827675,0.42592592592592593,0.6087962962962963
3750,0.17592592592592593,0.6118143459915611,0.27327282646431583,0.3303437967115097,0.8865740740740741,-1.4778067885117494,2.052219321148825,0.4305555555555556,0.6342592592592593
3751,0.1527777777777778,0.6118143459915611,0.24450065149076416,0.3153961136023916,0.8865740740740741,-1.3524804177545693,2.0783289817232378,0.4398148148148148,0.6226851851851852
3752,0.2037037037037037,0.6118143459915611,0.30564338411420905,0.3482810164424514,0.8865740740740741,-1.4882506527415145,2.1096605744125325,0.43287037037037035,0.6111111111111112
3753,0.1736111111111111,0.6118143459915611,0.2704719268793136,0.32884902840059793,0.8865740740740741,-1.485639686684073,2.117493472584856,0.42824074074074076,0.6111111111111112
3754,0.1597222222222222,0.6118143459915611,0.25331358474801563,0.31988041853512705,0.8865740740740741,-1.3315926892950392,2.010443864229765,0.44907407407407407,0.6388888888888888
3755,0.13194444444444445,0.6118143459915611,0.21707441988732618,0.30194319880418535,0.8865740740740741,-1.6214099216710183,2.268929503916449,0.39351851851851855,0.5902777777777778
3756,0.1597222222222222,0.6118143459915611,0.25331358474801563,0.31988041853512705,0.8865740740740741,-1.3890339425587468,2.1201044386422976,0.42824074074074076,0.6226851851851852
3757,0.16203703703703703,0.6118143459915611,0.2562160797677647,0.3213751868460389,0.8865740740740741,-1.650130548302872,2.073107049608355,0.4375,0.6087962962962963
3758,0.14814814814814814,0.6118143459915611,0.23853588319967095,0.312406576980568,0.8865740740740741,-1.5117493472584855,2.0861618798955615,0.4305555555555556,0.6296296296296297
3759,0.1527777777777778,0.6118143459915611,0.24450065149076416,0.3153961136023916,0.8865740740740741,-1.3577023498694516,2.031331592689295,0.46064814814814814,0.6365740740740741
3760,0.1574074074074074,0.6118143459915611,0.2503936208034943,0.3183856502242152,0.8865740740740741,-1.608355091383812,2.1096605744125325,0.42592592592592593,0.6041666666666666
3761,0.15046296296296297,0.6118143459915611,0.2415273239797553,0.31390134529147984,0.8865740740740741,-1.3942558746736293,2.172323759791123,0.4305555555555556,0.6157407407407407
3762,0.18055555555555555,0.6118143459915611,0.27882553065601656,0.3333333333333333,0.8865740740740741,-1.443864229765013,2.1070496083550916,0.43287037037037035,0.6226851851851852
3763,0.17592592592592593,0.6118143459915611,0.27327282646431583,0.3303437967115097,0.8865740740740741,-1.5195822454308094,2.0469973890339426,0.4398148148148148,0.6226851851851852
3764,0.19212962962962962,0.6118143459915611,0.2924275005770796,0.34080717488789236,0.8865740740740741,-1.433420365535248,2.0704960835509136,0.44675925925925924,0.6296296296296297
3765,0.18287037037037038,0.6118143459915611,0.28157762127748487,0.33482810164424515,0.8865740740740741,-1.5013054830287207,2.044386422976501,0.4398148148148148,0.6180555555555556
3766,0.16435185185185186,0.6118143459915611,0.25910126215913526,0.32286995515695066,0.8865740740740741,-1.5796344647519582,2.0809399477806787,0.4375,0.6180555555555556
3767,0.14814814814814814,0.6118143459915611,0.23853588319967095,0.312406576980568,0.8865740740740741,-1.4046997389033942,2.1096605744125325,0.42592592592592593,0.6226851851851852
3768,0.1736111111111111,0.6118143459915611,0.2704719268793136,0.32884902840059793,0.8865740740740741,-1.3368146214099217,2.0,0.44675925925925924,0.6296296296296297
3769,0.1597222222222222,0.6118143459915611,0.25331358474801563,0.31988041853512705,0.8865740740740741,-1.4673629242819843,2.14621409921671,0.4375,0.5949074074074074
3770,0.18055555555555555,0.6118143459915611,0.27882553065601656,0.3333333333333333,0.8865740740740741,-1.4778067885117494,2.0992167101827675,0.43287037037037035,0.6157407407407407
3771,0.16203703703703703,0.6118143459915611,0.2562160797677647,0.3213751868460389,0.8865740740740741,-1.514360313315927,2.1201044386422976,0.4212962962962963,0.6203703703703703
3772,0.18055555555555555,0.6118143459915611,0.27882553065601656,0.3333333333333333,0.8865740740740741,-1.3028720626631853,2.033942558746736,0.4398148148148148,0.6319444444444444
3773,0.18055555555555555,0.6118143459915611,0.27882553065601656,0.3333333333333333,0.8865740740740741,-1.4203655352480418,2.10443864229765,0.4351851851851852,0.6157407407407407
3774,0.15046296296296297,0.6118143459915611,0.2415273239797553,0.31390134529147984,0.8865740740740741,-1.3655352480417755,2.0966057441253265,0.41898148148148145,0.625
3775,0.16203703703703703,0.6118143459915611,0.2562160797677647,0.3213751868460389,0.8865740740740741,-1.5326370757180157,2.0913838120104438,0.42824074074074076,0.6342592592592593
3776,0.15046296296296297,0.6118143459915611,0.2415273239797553,0.31390134529147984,0.8865740740740741,-1.4569190600522193,2.1305483028720626,0.42592592592592593,0.6157407407407407
3777,0.17824074074074073,0.6118143459915611,0.27605731310808634,0.33183856502242154,0.8865740740740741,-1.4699738903394255,1.9660574412532636,0.44212962962962965,0.6412037037037037
3778,0.15046296296296297,0.6118143459915611,0.2415273239797553,0.31390134529147984,0.8865740740740741,-1.3002610966057442,1.9530026109660574,0.4305555555555556,0.6481481481481481
3779,0.18287037037037038,0.6118143459915611,0.28157762127748487,0.33482810164424515,0.8865740740740741,-1.4308093994778068,1.9791122715404699,0.4675925925925926,0.6388888888888888
3780,0.1550925925925926,0.6118143459915611,0.24745602975076095,0.31689088191330345,0.8865740740740741,-1.4073107049608355,2.1070496083550916,0.41898148148148145,0.5972222222222222
3781,0.18055555555555555,0.6118143459915611,0.27882553065601656,0.3333333333333333,0.8865740740740741,-1.3080939947780679,1.9869451697127938,0.46064814814814814,0.6412037037037037
3782,0.16666666666666666,0.6118143459915611,0.26196928635953026,0.3243647234678625,0.8865740740740741,-1.4516971279373367,2.0156657963446474,0.4351851851851852,0.6481481481481481
3783,0.17592592592592593,0.6118143459915611,0.27327282646431583,0.3303437967115097,0.8865740740740741,-1.5274151436031331,2.049608355091384,0.44212962962962965,0.6203703703703703
3784,0.1550925925925926,0.6118143459915611,0.24745602975076095,0.31689088191330345,0.8865740740740741,-1.4281984334203655,2.0652741514360313,0.4375,0.625
3785,0.1574074074074074,0.6118143459915611,0.2503936208034943,0.3183856502242152,0.8865740740740741,-1.3446475195822454,2.0809399477806787,0.4513888888888889,0.6226851851851852
3786,0.13194444444444445,0.6118143459915611,0.21707441988732618,0.30194319880418535,0.8865740740740741,-1.4725848563968669,2.161879895561358,0.41898148148148145,0.5972222222222222
3787,0.16203703703703703,0.6118143459915611,0.2562160797677647,0.3213751868460389,0.8865740740740741,-1.4699738903394255,2.0182767624020888,0.44675925925925924,0.6412037037037037
3788,0.18055555555555555,0.6118143459915611,0.27882553065601656,0.3333333333333333,0.8865740740740741,-1.3812010443864229,2.0078328981723237,0.44212962962962965,0.6342592592592593
3789,0.18287037037037038,0.6118143459915611,0.28157762127748487,0.33482810164424515,0.8865740740740741,-1.4569190600522193,2.010443864229765,0.4351851851851852,0.6365740740740741
3790,0.14814814814814814,0.6118143459915611,0.23853588319967095,0.312406576980568,0.8865740740740741,-1.391644908616188,2.028720626631854,0.4652777777777778,0.6342592592592593
3791,0.16435185185185186,0.6118143459915611,0.25910126215913526,0.32286995515695066,0.8865740740740741,-1.5535248041775458,2.0913838120104438,0.4212962962962963,0.6157407407407407
3792,0.16898148148148148,0.6118143459915611,0.264820304974919,0.32585949177877427,0.8865740740740741,-1.4543080939947781,2.0757180156657964,0.4398148148148148,0.6388888888888888
3793,0.1875,0.6118143459915611,0.28703398218409765,0.33781763826606875,0.8865740740740741,-1.402088772845953,1.9973890339425588,0.4537037037037037,0.6365740740740741
3794,0.1527777777777778,0.6118143459915611,0.24450065149076416,0.3153961136023916,0.8865740740740741,-1.4490861618798956,2.1279373368146213,0.4166666666666667,0.6064814814814815
3795,0.17824074074074073,0.6118143459915611,0.27605731310808634,0.33183856502242154,0.8865740740740741,-1.4543080939947781,2.1801566579634466,0.4305555555555556,0.6087962962962963
3796,0.17824074074074073,0.6118143459915611,0.27605731310808634,0.33183856502242154,0.8865740740740741,-1.5195822454308094,2.0261096605744124,0.4351851851851852,0.6157407407407407
3797,0.1527777777777778,0.6118143459915611,0.24450065149076416,0.3153961136023916,0.8865740740740741,-1.4464751958224542,2.172323759791123,0.4212962962962963,0.6041666666666666
3798,0.1527777777777778,0.6118143459915611,0.24450065149076416,0.3153961136023916,0.8865740740740741,-1.5300261096605745,2.1148825065274153,0.4444444444444444,0.6157407407407407
3799,0.18055555555555555,0.6118143459915611,0.27882553065601656,0.3333333333333333,0.8865740740740741,-1.3785900783289817,2.0678851174934727,0.4375,0.6111111111111112
3800,0.1597222222222222,0.6118143459915611,0.25331358474801563,0.31988041853512705,0.8865740740740741,-1.4464751958224542,2.010443864229765,0.4398148148148148,0.6319444444444444
3801,0.17592592592592593,0.6118143459915611,0.27327282646431583,0.3303437967115097,0.8865740740740741,-1.5352480417754568,2.0574412532637076,0.4212962962962963,0.6203703703703703
3802,0.14351851851851852,0.6118143459915611,0.23249799570693358,0.3094170403587444,0.8865740740740741,-1.5065274151436032,2.1070496083550916,0.4305555555555556,0.6180555555555556
3803,0.1712962962962963,0.6118143459915611,0.26765446880690463,0.3273542600896861,0.8865740740740741,-1.4464751958224542,2.10443864229765,0.42824074074074076,0.6226851851851852
3804,0.1736111111111111,0.6118143459915611,0.2704719268793136,0.32884902840059793,0.8865740740740741,-1.4595300261096606,2.0182767624020888,0.44212962962962965,0.625
3805,0.1597222222222222,0.6118143459915611,0.25331358474801563,0.31988041853512705,0.8865740740740741,-1.5430809399477807,2.0026109660574414,0.4513888888888889,0.6388888888888888
3806,0.18518518518518517,0.6118143459915611,0.284313725490196,0.336322869955157,0.8865740740740741,-1.3968668407310705,1.9451697127937337,0.4513888888888889,0.6481481481481481
3807,0.18518518518518517,0.6118143459915611,0.284313725490196,0.336322869955157,0.8865740740740741,-1.4673629242819843,2.010443864229765,0.46064814814814814,0.6226851851851852
3808,0.19212962962962962,0.6118143459915611,0.2924275005770796,0.34080717488789236,0.8865740740740741,-1.4177545691906006,1.9973890339425588,0.4398148148148148,0.6319444444444444
3809,0.19444444444444445,0.6118143459915611,0.2951010321267626,0.3423019431988042,0.8865740740740741,-1.5456919060052219,2.0365535248041775,0.4583333333333333,0.6111111111111112
3810,0.16898148148148148,0.6118143459915611,0.264820304974919,0.32585949177877427,0.8865740740740741,-1.4595300261096606,1.9921671018276763,0.4537037037037037,0.6458333333333334
3811,0.14583333333333334,0.6118143459915611,0.2355261631279731,0.3109118086696562,0.8865740740740741,-1.4986945169712793,2.0783289817232378,0.4583333333333333,0.625
3812,0.1736111111111111,0.6118143459915611,0.2704719268793136,0.32884902840059793,0.8865740740740741,-1.4699738903394255,2.044386422976501,0.4375,0.6226851851851852
3813,0.16203703703703703,0.6118143459915611,0.2562160797677647,0.3213751868460389,0.8865740740740741,-1.4595300261096606,2.164490861618799,0.42824074074074076,0.6087962962962963
3814,0.16898148148148148,0.6118143459915611,0.264820304974919,0.32585949177877427,0.8865740740740741,-1.483028720626632,2.0783289817232378,0.44212962962962965,0.6226851851851852
3815,0.1736111111111111,0.6118143459915611,0.2704719268793136,0.32884902840059793,0.8865740740740741,-1.360313315926893,1.9347258485639687,0.46064814814814814,0.6458333333333334
3816,0.16203703703703703,0.6118143459915611,0.2562160797677647,0.3213751868460389,0.8865740740740741,-1.4621409921671018,1.9791122715404699,0.4398148148148148,0.6481481481481481
3817,0.1527777777777778,0.6118143459915611,0.24450065149076416,0.3153961136023916,0.8865740740740741,-1.360313315926893,2.0652741514360313,0.4305555555555556,0.6226851851851852
3818,0.18518518518518517,0.6118143459915611,0.284313725490196,0.336322869955157,0.8865740740740741,-1.3472584856396868,2.0052219321148823,0.4537037037037037,0.6203703703703703
3819,0.15046296296296297,0.6118143459915611,0.2415273239797553,0.31390134529147984,0.8865740740740741,-1.391644908616188,2.0966057441253265,0.43287037037037035,0.6273148148148148
3820,0.18055555555555555,0.6118143459915611,0.27882553065601656,0.3333333333333333,0.8865740740740741,-1.4934725848563968,2.052219321148825,0.4513888888888889,0.6111111111111112
3821,0.14583333333333334,0.6118143459915611,0.2355261631279731,0.3109118086696562,0.8865740740740741,-1.3968668407310705,2.101827676240209,0.4375,0.6203703703703703
3822,0.14583333333333334,0.6118143459915611,0.2355261631279731,0.3109118086696562,0.8865740740740741,-1.4647519582245432,2.1801566579634466,0.44907407407407407,0.6157407407407407
3823,0.18287037037037038,0.6118143459915611,0.28157762127748487,0.33482810164424515,0.8865740740740741,-1.3472584856396868,2.010443864229765,0.44675925925925924,0.6134259259259259
3824,0.1597222222222222,0.6118143459915611,0.25331358474801563,0.31988041853512705,0.8865740740740741,-1.3942558746736293,2.151436031331593,0.4074074074074074,0.6203703703703703
3825,0.16666666666666666,0.6118143459915611,0.26196928635953026,0.3243647234678625,0.8865740740740741,-1.587467362924282,2.073107049608355,0.44212962962962965,0.625
3826,0.1527777777777778,0.6118143459915611,0.24450065149076416,0.3153961136023916,0.8865740740740741,-1.441253263707572,2.1148825065274153,0.41898148148148145,0.6111111111111112
3827,0.16666666666666666,0.6118143459915611,0.26196928635953026,0.3243647234678625,0.8865740740740741,-1.412532637075718,2.0548302872062663,0.4513888888888889,0.625
3828,0.1550925925925926,0.6118143459915611,0.24745602975076095,0.31689088191330345,0.8865740740740741,-1.4621409921671018,2.06266318537859,0.4351851851851852,0.6319444444444444
3829,0.1712962962962963,0.6118143459915611,0.26765446880690463,0.3273542600896861,0.8865740740740741,-1.6031331592689295,2.02088772845953,0.4444444444444444,0.6273148148148148
3830,0.17824074074074073,0.6118143459915611,0.27605731310808634,0.33183856502242154,0.8865740740740741,-1.556135770234987,2.0783289817232378,0.4305555555555556,0.6180555555555556
3831,0.1736111111111111,0.6118143459915611,0.2704719268793136,0.32884902840059793,0.8865740740740741,-1.391644908616188,2.0652741514360313,0.4398148148148148,0.6157407407407407
3832,0.15046296296296297,0.6118143459915611,0.2415273239797553,0.31390134529147984,0.8865740740740741,-1.412532637075718,2.0652741514360313,0.4398148148148148,0.6342592592592593
3833,0.1527777777777778,0.6118143459915611,0.24450065149076416,0.3153961136023916,0.8865740740740741,-1.4673629242819843,2.1409921671018277,0.4305555555555556,0.6064814814814815
3834,0.1597222222222222,0.6118143459915611,0.25331358474801563,0.31988041853512705,0.8865740740740741,-1.483028720626632,2.073107049608355,0.41435185185185186,0.6203703703703703
3835,0.16666666666666666,0.6118143459915611,0.26196928635953026,0.3243647234678625,0.8865740740740741,-1.5091383812010444,2.06266318537859,0.46064814814814814,0.6319444444444444
3836,0.17592592592592593,0.6118143459915611,0.27327282646431583,0.3303437967115097,0.8865740740740741,-1.608355091383812,2.0678851174934727,0.43287037037037035,0.6087962962962963
3837,0.16898148148148148,0.6118143459915611,0.264820304974919,0.32585949177877427,0.8865740740740741,-1.475195822454308,2.0548302872062663,0.4212962962962963,0.6203703703703703
3838,0.1550925925925926,0.6118143459915611,0.24745602975076095,0.31689088191330345,0.8865740740740741,-1.433420365535248,2.117493472584856,0.42592592592592593,0.5995370370370371
3839,0.16898148148148148,0.6118143459915611,0.264820304974919,0.32585949177877427,0.8865740740740741,-1.556135770234987,2.0783289817232378,0.4351851851851852,0.6157407407407407
3840,0.19212962962962962,0.6118143459915611,0.2924275005770796,0.34080717488789236,0.8865740740740741,-1.4960835509138382,2.101827676240209,0.45601851851851855,0.6157407407407407
3841,0.1736111111111111,0.6118143459915611,0.2704719268793136,0.32884902840059793,0.8865740740740741,-1.391644908616188,2.0078328981723237,0.4444444444444444,0.6388888888888888
3842,0.13425925925925927,0.6118143459915611,0.2201974183750949,0.3034379671150972,0.8865740740740741,-1.4151436031331592,2.1932114882506526,0.3726851851851852,0.6111111111111112
3843,0.1550925925925926,0.6118143459915611,0.24745602975076095,0.31689088191330345,0.8865740740740741,-1.566579634464752,2.14621409921671,0.42824074074074076,0.6111111111111112
3844,0.14583333333333334,0.6118143459915611,0.2355261631279731,0.3109118086696562,0.8865740740740741,-1.524804177545692,2.135770234986945,0.46064814814814814,0.6296296296296297
3845,0.16898148148148148,0.6118143459915611,0.264820304974919,0.32585949177877427,0.8865740740740741,-1.4621409921671018,2.0,0.45601851851851855,0.6481481481481481
3846,0.1412037037037037,0.6118143459915611,0.22945121081235326,0.30792227204783257,0.8865740740740741,-1.5639686684073106,2.1488250652741514,0.4305555555555556,0.6203703703703703
3847,0.125,0.6118143459915611,0.20758768790264853,0.2974588938714499,0.8865740740740741,-1.4281984334203655,2.154046997389034,0.4050925925925926,0.6157407407407407
3848,0.16435185185185186,0.6118143459915611,0.25910126215913526,0.32286995515695066,0.8865740740740741,-1.5900783289817233,2.122715404699739,0.44675925925925924,0.5995370370370371
3849,0.1412037037037037,0.6118143459915611,0.22945121081235326,0.30792227204783257,0.8865740740740741,-1.3550913838120104,2.0809399477806787,0.42824074074074076,0.6157407407407407
3850,0.16435185185185186,0.6118143459915611,0.25910126215913526,0.32286995515695066,0.8865740740740741,-1.5822454308093994,2.135770234986945,0.42592592592592593,0.5972222222222222
3851,0.16203703703703703,0.6118143459915611,0.2562160797677647,0.3213751868460389,0.8865740740740741,-1.5639686684073106,2.0548302872062663,0.4583333333333333,0.6319444444444444
3852,0.1597222222222222,0.6118143459915611,0.25331358474801563,0.31988041853512705,0.8865740740740741,-1.3629242819843341,2.031331592689295,0.4444444444444444,0.6180555555555556
3853,0.1736111111111111,0.6118143459915611,0.2704719268793136,0.32884902840059793,0.8865740740740741,-1.514360313315927,2.1096605744125325,0.44212962962962965,0.6064814814814815
3854,0.1736111111111111,0.6118143459915611,0.2704719268793136,0.32884902840059793,0.8865740740740741,-1.3785900783289817,2.0417754569190603,0.4351851851851852,0.6365740740740741
3855,0.1574074074074074,0.6118143459915611,0.2503936208034943,0.3183856502242152,0.8865740740740741,-1.3472584856396868,2.10443864229765,0.4351851851851852,0.6087962962962963
3856,0.18055555555555555,0.6118143459915611,0.27882553065601656,0.3333333333333333,0.8865740740740741,-1.4621409921671018,2.0261096605744124,0.45601851851851855,0.6342592592592593
3857,0.16435185185185186,0.6118143459915611,0.25910126215913526,0.32286995515695066,0.8865740740740741,-1.4516971279373367,1.9843342036553524,0.4375,0.6365740740740741
3858,0.16666666666666666,0.6118143459915611,0.26196928635953026,0.3243647234678625,0.8865740740740741,-1.4699738903394255,2.101827676240209,0.44212962962962965,0.6203703703703703
3859,0.1527777777777778,0.6118143459915611,0.24450065149076416,0.3153961136023916,0.8865740740740741,-1.5509138381201044,2.1253263707571803,0.41435185185185186,0.6134259259259259
3860,0.17824074074074073,0.6118143459915611,0.27605731310808634,0.33183856502242154,0.8865740740740741,-1.4986945169712793,2.1096605744125325,0.43287037037037035,0.6064814814814815
3861,0.1527777777777778,0.6118143459915611,0.24450065149076416,0.3153961136023916,0.8865740740740741,-1.3785900783289817,2.156657963446475,0.4212962962962963,0.6087962962962963
3862,0.16898148148148148,0.6118143459915611,0.264820304974919,0.32585949177877427,0.8865740740740741,-1.4647519582245432,2.0913838120104438,0.42592592592592593,0.625
3863,0.16666666666666666,0.6118143459915611,0.26196928635953026,0.3243647234678625,0.8865740740740741,-1.5718015665796345,2.10443864229765,0.4537037037037037,0.6180555555555556
3864,0.2013888888888889,0.6118143459915611,0.30303030303030304,0.34678624813153963,0.8865740740740741,-1.3733681462140992,1.9060052219321149,0.4652777777777778,0.6388888888888888
3865,0.13194444444444445,0.6118143459915611,0.21707441988732618,0.30194319880418535,0.8865740740740741,-1.4778067885117494,2.10443864229765,0.4305555555555556,0.6435185185185185
3866,0.1527777777777778,0.6118143459915611,0.24450065149076416,0.3153961136023916,0.8865740740740741,-1.5274151436031331,2.1070496083550916,0.4398148148148148,0.6041666666666666
3867,0.1736111111111111,0.6118143459915611,0.2704719268793136,0.32884902840059793,0.8865740740740741,-1.5378590078328982,2.1488250652741514,0.41435185185185186,0.6180555555555556
3868,0.18518518518518517,0.6118143459915611,0.284313725490196,0.336322869955157,0.8865740740740741,-1.391644908616188,1.9921671018276763,0.46064814814814814,0.6296296296296297
3869,0.17824074074074073,0.6118143459915611,0.27605731310808634,0.33183856502242154,0.8865740740740741,-1.443864229765013,2.0913838120104438,0.4583333333333333,0.6087962962962963
3870,0.1712962962962963,0.6118143459915611,0.26765446880690463,0.3273542600896861,0.8865740740740741,-1.483028720626632,2.10443864229765,0.42824074074074076,0.6087962962962963
3871,0.18287037037037038,0.6118143459915611,0.28157762127748487,0.33482810164424515,0.8865740740740741,-1.5456919060052219,2.08355091383812,0.4351851851851852,0.625
3872,0.14583333333333334,0.6118143459915611,0.2355261631279731,0.3109118086696562,0.8865740740740741,-1.5378590078328982,2.0913838120104438,0.43287037037037035,0.6435185185185185
3873,0.17824074074074073,0.6118143459915611,0.27605731310808634,0.33183856502242154,0.8865740740740741,-1.5065274151436032,2.049608355091384,0.43287037037037035,0.6388888888888888
3874,0.16898148148148148,0.6118143459915611,0.264820304974919,0.32585949177877427,0.8865740740740741,-1.5352480417754568,2.08355091383812,0.4375,0.6226851851851852
3875,0.1712962962962963,0.6118143459915611,0.26765446880690463,0.3273542600896861,0.8865740740740741,-1.4360313315926894,2.0469973890339426,0.43287037037037035,0.6087962962962963
3876,0.15046296296296297,0.6118143459915611,0.2415273239797553,0.31390134529147984,0.8865740740740741,-1.4725848563968669,1.9791122715404699,0.4537037037037037,0.6504629629629629
3877,0.1597222222222222,0.6118143459915611,0.25331358474801563,0.31988041853512705,0.8865740740740741,-1.433420365535248,1.9765013054830287,0.4398148148148148,0.6319444444444444
3878,0.18287037037037038,0.6118143459915611,0.28157762127748487,0.33482810164424515,0.8865740740740741,-1.3785900783289817,2.0156657963446474,0.4537037037037037,0.6435185185185185
3879,0.14583333333333334,0.6118143459915611,0.2355261631279731,0.3109118086696562,0.8865740740740741,-1.4046997389033942,2.06266318537859,0.4305555555555556,0.6296296296296297
3880,0.18287037037037038,0.6118143459915611,0.28157762127748487,0.33482810164424515,0.8865740740740741,-1.4595300261096606,2.0078328981723237,0.4375,0.6203703703703703
3881,0.1527777777777778,0.6118143459915611,0.24450065149076416,0.3153961136023916,0.8865740740740741,-1.3994778067885119,2.1096605744125325,0.4351851851851852,0.6365740740740741
3882,0.16203703703703703,0.6118143459915611,0.2562160797677647,0.3213751868460389,0.8865740740740741,-1.5404699738903394,2.1096605744125325,0.39814814814814814,0.6087962962962963
3883,0.17824074074074073,0.6118143459915611,0.27605731310808634,0.33183856502242154,0.8865740740740741,-1.483028720626632,2.0261096605744124,0.4537037037037037,0.6458333333333334
3884,0.15046296296296297,0.6118143459915611,0.2415273239797553,0.31390134529147984,0.8865740740740741,-1.412532637075718,2.033942558746736,0.44212962962962965,0.6319444444444444
3885,0.1597222222222222,0.6118143459915611,0.25331358474801563,0.31988041853512705,0.8865740740740741,-1.3107049608355092,2.073107049608355,0.4351851851851852,0.625
3886,0.17592592592592593,0.6118143459915611,0.27327282646431583,0.3303437967115097,0.8865740740740741,-1.3942558746736293,1.9738903394255876,0.46064814814814814,0.6458333333333334
3887,0.1412037037037037,0.6118143459915611,0.22945121081235326,0.30792227204783257,0.8865740740740741,-1.5639686684073106,2.122715404699739,0.44212962962962965,0.6180555555555556
3888,0.16203703703703703,0.6118143459915611,0.2562160797677647,0.3213751868460389,0.8865740740740741,-1.4151436031331592,2.0469973890339426,0.43287037037037035,0.6157407407407407
3889,0.1527777777777778,0.6118143459915611,0.24450065149076416,0.3153961136023916,0.8865740740740741,-1.577023498694517,2.093994778067885,0.41203703703703703,0.6087962962962963
3890,0.1388888888888889,0.6118143459915611,0.22638563622170177,0.3064275037369208,0.8865740740740741,-1.5221932114882506,2.0913838120104438,0.4166666666666667,0.6319444444444444
3891,0.16666666666666666,0.6118143459915611,0.26196928635953026,0.3243647234678625,0.8865740740740741,-1.4360313315926894,2.088772845953003,0.4398148148148148,0.6388888888888888
3892,0.1736111111111111,0.6118143459915611,0.2704719268793136,0.32884902840059793,0.8865740740740741,-1.4960835509138382,2.0861618798955615,0.46296296296296297,0.6087962962962963
3893,0.17824074074074073,0.6118143459915611,0.27605731310808634,0.33183856502242154,0.8865740740740741,-1.3133159268929504,1.8981723237597912,0.4652777777777778,0.6643518518518519
3894,0.1712962962962963,0.6118143459915611,0.26765446880690463,0.3273542600896861,0.8865740740740741,-1.4543080939947781,2.143603133159269,0.41898148148148145,0.6064814814814815
3895,0.17824074074074073,0.6118143459915611,0.27605731310808634,0.33183856502242154,0.8865740740740741,-1.4621409921671018,2.0365535248041775,0.47685185185185186,0.6365740740740741
3896,0.15046296296296297,0.6118143459915611,0.2415273239797553,0.31390134529147984,0.8865740740740741,-1.4986945169712793,2.08355091383812,0.43287037037037035,0.6296296296296297
3897,0.13194444444444445,0.6118143459915611,0.21707441988732618,0.30194319880418535,0.8865740740740741,-1.3655352480417755,2.1592689295039165,0.43287037037037035,0.6157407407407407
3898,0.16435185185185186,0.6118143459915611,0.25910126215913526,0.32286995515695066,0.8865740740740741,-1.443864229765013,2.0913838120104438,0.42592592592592593,0.6157407407407407
3899,0.1527777777777778,0.6118143459915611,0.24450065149076416,0.3153961136023916,0.8865740740740741,-1.4778067885117494,2.08355091383812,0.46064814814814814,0.6319444444444444
3900,0.1597222222222222,0.6118143459915611,0.25331358474801563,0.31988041853512705,0.8865740740740741,-1.5221932114882506,2.0809399477806787,0.4444444444444444,0.6111111111111112
3901,0.2152777777777778,0.6118143459915611,0.31848938959152584,0.35575485799701045,0.8865740740740741,-1.402088772845953,1.9033942558746737,0.4652777777777778,0.6412037037037037
3902,0.16435185185185186,0.6118143459915611,0.25910126215913526,0.32286995515695066,0.8865740740740741,-1.412532637075718,2.0913838120104438,0.4351851851851852,0.6087962962962963
3903,0.16203703703703703,0.6118143459915611,0.2562160797677647,0.3213751868460389,0.8865740740740741,-1.3994778067885119,2.073107049608355,0.41898148148148145,0.6203703703703703
3904,0.15046296296296297,0.6118143459915611,0.2415273239797553,0.31390134529147984,0.8865740740740741,-1.4934725848563968,2.0574412532637076,0.43287037037037035,0.6388888888888888
3905,0.1574074074074074,0.6118143459915611,0.2503936208034943,0.3183856502242152,0.8865740740740741,-1.3342036553524803,2.1801566579634466,0.4236111111111111,0.6111111111111112
3906,0.16898148148148148,0.6118143459915611,0.264820304974919,0.32585949177877427,0.8865740740740741,-1.566579634464752,2.093994778067885,0.4375,0.6134259259259259
3907,0.1527777777777778,0.6118143459915611,0.24450065149076416,0.3153961136023916,0.8865740740740741,-1.4073107049608355,2.0652741514360313,0.4375,0.6435185185185185
3908,0.1574074074074074,0.6118143459915611,0.2503936208034943,0.3183856502242152,0.8865740740740741,-1.4647519582245432,2.1279373368146213,0.42824074074074076,0.6226851851851852
3909,0.14814814814814814,0.6118143459915611,0.23853588319967095,0.312406576980568,0.8865740740740741,-1.3864229765013054,2.143603133159269,0.41435185185185186,0.6203703703703703
3910,0.16666666666666666,0.6118143459915611,0.26196928635953026,0.3243647234678625,0.8865740740740741,-1.3890339425587468,2.010443864229765,0.46064814814814814,0.6412037037037037
3911,0.17592592592592593,0.6118143459915611,0.27327282646431583,0.3303437967115097,0.8865740740740741,-1.5065274151436032,1.9608355091383811,0.4675925925925926,0.6550925925925926
3912,0.1875,0.6118143459915611,0.28703398218409765,0.33781763826606875,0.8865740740740741,-1.485639686684073,2.0130548302872064,0.4375,0.6365740740740741
3913,0.1412037037037037,0.6118143459915611,0.22945121081235326,0.30792227204783257,0.8865740740740741,-1.4151436031331592,1.9843342036553524,0.44212962962962965,0.6481481481481481
3914,0.17592592592592593,0.6118143459915611,0.27327282646431583,0.3303437967115097,0.8865740740740741,-1.3890339425587468,2.052219321148825,0.4305555555555556,0.6296296296296297
3915,0.1574074074074074,0.6118143459915611,0.2503936208034943,0.3183856502242152,0.8865740740740741,-1.4177545691906006,2.049608355091384,0.4351851851851852,0.6157407407407407
3916,0.16435185185185186,0.6118143459915611,0.25910126215913526,0.32286995515695066,0.8865740740740741,-1.4699738903394255,2.028720626631854,0.44907407407407407,0.6296296296296297
3917,0.1574074074074074,0.6118143459915611,0.2503936208034943,0.3183856502242152,0.8865740740740741,-1.5404699738903394,2.0992167101827675,0.4398148148148148,0.625
3918,0.1550925925925926,0.6118143459915611,0.24745602975076095,0.31689088191330345,0.8865740740740741,-1.4490861618798956,2.1383812010443863,0.4166666666666667,0.6226851851851852
3919,0.18981481481481483,0.6118143459915611,0.2897385286448815,0.3393124065769806,0.8865740740740741,-1.5430809399477807,2.0809399477806787,0.46296296296296297,0.6087962962962963
3920,0.1736111111111111,0.6118143459915611,0.2704719268793136,0.32884902840059793,0.8865740740740741,-1.5065274151436032,2.0757180156657964,0.4583333333333333,0.6203703703703703
3921,0.12962962962962962,0.6118143459915611,0.2139319211718832,0.3004484304932735,0.8865740740740741,-1.3368146214099217,2.0783289817232378,0.4444444444444444,0.6203703703703703
3922,0.1875,0.6118143459915611,0.28703398218409765,0.33781763826606875,0.8865740740740741,-1.3942558746736293,2.0,0.46296296296296297,0.6203703703703703
3923,0.16898148148148148,0.6118143459915611,0.264820304974919,0.32585949177877427,0.8865740740740741,-1.524804177545692,2.0992167101827675,0.42592592592592593,0.6111111111111112
3924,0.19907407407407407,0.6118143459915611,0.30040230300402304,0.3452914798206278,0.8865740740740741,-1.422976501305483,2.0078328981723237,0.44675925925925924,0.6388888888888888
3925,0.18981481481481483,0.6118143459915611,0.2897385286448815,0.3393124065769806,0.8865740740740741,-1.3263707571801566,2.0574412532637076,0.4236111111111111,0.6111111111111112
3926,0.1412037037037037,0.6118143459915611,0.22945121081235326,0.30792227204783257,0.8865740740740741,-1.3629242819843341,2.088772845953003,0.4444444444444444,0.6157407407407407
3927,0.1712962962962963,0.6118143459915611,0.26765446880690463,0.3273542600896861,0.8865740740740741,-1.3733681462140992,2.0417754569190603,0.46064814814814814,0.6365740740740741
3928,0.1574074074074074,0.6118143459915611,0.2503936208034943,0.3183856502242152,0.8865740740740741,-1.5718015665796345,2.1148825065274153,0.41203703703703703,0.6064814814814815
3929,0.1597222222222222,0.6118143459915611,0.25331358474801563,0.31988041853512705,0.8865740740740741,-1.443864229765013,2.0652741514360313,0.44907407407407407,0.6180555555555556
3930,0.14814814814814814,0.6118143459915611,0.23853588319967095,0.312406576980568,0.8865740740740741,-1.3968668407310705,2.039164490861619,0.4097222222222222,0.6296296296296297
3931,0.16898148148148148,0.6118143459915611,0.264820304974919,0.32585949177877427,0.8865740740740741,-1.4699738903394255,2.101827676240209,0.44907407407407407,0.6111111111111112
3932,0.1550925925925926,0.6118143459915611,0.24745602975076095,0.31689088191330345,0.8865740740740741,-1.483028720626632,2.1879895561357703,0.4074074074074074,0.6134259259259259
3933,0.14583333333333334,0.6118143459915611,0.2355261631279731,0.3109118086696562,0.8865740740740741,-1.5091383812010444,2.1201044386422976,0.4027777777777778,0.5972222222222222
3934,0.14814814814814814,0.6118143459915611,0.23853588319967095,0.312406576980568,0.8865740740740741,-1.3394255874673628,1.9973890339425588,0.43287037037037035,0.6273148148148148
3935,0.15046296296296297,0.6118143459915611,0.2415273239797553,0.31390134529147984,0.8865740740740741,-1.6031331592689295,2.2088772845953004,0.4027777777777778,0.6064814814814815
3936,0.1736111111111111,0.6118143459915611,0.2704719268793136,0.32884902840059793,0.8865740740740741,-1.4255874673629243,2.06266318537859,0.4675925925925926,0.625
3937,0.16435185185185186,0.6118143459915611,0.25910126215913526,0.32286995515695066,0.8865740740740741,-1.4203655352480418,2.1305483028720626,0.44212962962962965,0.5972222222222222
3938,0.16666666666666666,0.6118143459915611,0.26196928635953026,0.3243647234678625,0.8865740740740741,-1.4543080939947781,2.117493472584856,0.42592592592592593,0.6087962962962963
3939,0.17592592592592593,0.6118143459915611,0.27327282646431583,0.3303437967115097,0.8865740740740741,-1.3785900783289817,2.088772845953003,0.46064814814814814,0.6319444444444444
3940,0.1712962962962963,0.6118143459915611,0.26765446880690463,0.3273542600896861,0.8865740740740741,-1.4099216710182767,2.08355091383812,0.4097222222222222,0.6273148148148148
3941,0.1597222222222222,0.6118143459915611,0.25331358474801563,0.31988041853512705,0.8865740740740741,-1.4281984334203655,2.112271540469974,0.43287037037037035,0.6041666666666666
3942,0.1597222222222222,0.6118143459915611,0.25331358474801563,0.31988041853512705,0.8865740740740741,-1.524804177545692,2.0261096605744124,0.46064814814814814,0.6319444444444444
3943,0.15046296296296297,0.6118143459915611,0.2415273239797553,0.31390134529147984,0.8865740740740741,-1.422976501305483,2.0809399477806787,0.4351851851851852,0.6319444444444444
3944,0.1712962962962963,0.6118143459915611,0.26765446880690463,0.3273542600896861,0.8865740740740741,-1.4099216710182767,2.0052219321148823,0.4722222222222222,0.6296296296296297
3945,0.17592592592592593,0.6118143459915611,0.27327282646431583,0.3303437967115097,0.8865740740740741,-1.4621409921671018,2.14621409921671,0.42592592592592593,0.6087962962962963
3946,0.1574074074074074,0.6118143459915611,0.2503936208034943,0.3183856502242152,0.8865740740740741,-1.6031331592689295,2.135770234986945,0.42824074074074076,0.6203703703703703
3947,0.16898148148148148,0.6118143459915611,0.264820304974919,0.32585949177877427,0.8865740740740741,-1.5039164490861618,2.031331592689295,0.47685185185185186,0.6342592592592593
3948,0.1527777777777778,0.6118143459915611,0.24450065149076416,0.3153961136023916,0.8865740740740741,-1.443864229765013,2.0809399477806787,0.4398148148148148,0.6203703703703703
3949,0.18055555555555555,0.6118143459915611,0.27882553065601656,0.3333333333333333,0.8865740740740741,-1.5221932114882506,1.9973890339425588,0.4699074074074074,0.6527777777777778
3950,0.16203703703703703,0.6118143459915611,0.2562160797677647,0.3213751868460389,0.8865740740740741,-1.650130548302872,2.093994778067885,0.4375,0.6226851851851852
3951,0.1574074074074074,0.6118143459915611,0.2503936208034943,0.3183856502242152,0.8865740740740741,-1.556135770234987,2.073107049608355,0.4513888888888889,0.6319444444444444
3952,0.1736111111111111,0.6118143459915611,0.2704719268793136,0.32884902840059793,0.8865740740740741,-1.5091383812010444,2.031331592689295,0.4398148148148148,0.625
3953,0.1527777777777778,0.6118143459915611,0.24450065149076416,0.3153961136023916,0.8865740740740741,-1.4255874673629243,2.0365535248041775,0.45601851851851855,0.6319444444444444
3954,0.16435185185185186,0.6118143459915611,0.25910126215913526,0.32286995515695066,0.8865740740740741,-1.4882506527415145,2.0261096605744124,0.4444444444444444,0.6180555555555556
3955,0.1712962962962963,0.6118143459915611,0.26765446880690463,0.3273542600896861,0.8865740740740741,-1.5326370757180157,2.0704960835509136,0.43287037037037035,0.6203703703703703
3956,0.1736111111111111,0.6118143459915611,0.2704719268793136,0.32884902840059793,0.8865740740740741,-1.4699738903394255,2.0078328981723237,0.4398148148148148,0.6226851851851852
3957,0.18518518518518517,0.6118143459915611,0.284313725490196,0.336322869955157,0.8865740740740741,-1.3107049608355092,2.0052219321148823,0.4537037037037037,0.6481481481481481
3958,0.16203703703703703,0.6118143459915611,0.2562160797677647,0.3213751868460389,0.8865740740740741,-1.5535248041775458,2.117493472584856,0.4513888888888889,0.6134259259259259
3959,0.13425925925925927,0.6118143459915611,0.2201974183750949,0.3034379671150972,0.8865740740740741,-1.4621409921671018,2.2088772845953004,0.4375,0.6064814814814815
3960,0.16203703703703703,0.6118143459915611,0.2562160797677647,0.3213751868460389,0.8865740740740741,-1.5926892950391645,2.1148825065274153,0.41203703703703703,0.6064814814814815
3961,0.16435185185185186,0.6118143459915611,0.25910126215913526,0.32286995515695066,0.8865740740740741,-1.4360313315926894,2.0469973890339426,0.4444444444444444,0.6296296296296297
3962,0.18287037037037038,0.6118143459915611,0.28157762127748487,0.33482810164424515,0.8865740740740741,-1.3550913838120104,2.060052219321149,0.4398148148148148,0.6087962962962963
3963,0.1597222222222222,0.6118143459915611,0.25331358474801563,0.31988041853512705,0.8865740740740741,-1.4647519582245432,2.1488250652741514,0.3912037037037037,0.5902777777777778
3964,0.15046296296296297,0.6118143459915611,0.2415273239797553,0.31390134529147984,0.8865740740740741,-1.4934725848563968,2.0261096605744124,0.44675925925925924,0.6273148148148148
3965,0.1550925925925926,0.6118143459915611,0.24745602975076095,0.31689088191330345,0.8865740740740741,-1.524804177545692,2.0678851174934727,0.43287037037037035,0.6180555555555556
3966,0.19444444444444445,0.6118143459915611,0.2951010321267626,0.3423019431988042,0.8865740740740741,-1.4960835509138382,2.039164490861619,0.4583333333333333,0.6342592592592593
3967,0.18518518518518517,0.6118143459915611,0.284313725490196,0.336322869955157,0.8865740740740741,-1.402088772845953,1.9295039164490861,0.47685185185185186,0.6597222222222222
3968,0.14351851851851852,0.6118143459915611,0.23249799570693358,0.3094170403587444,0.8865740740740741,-1.4908616187989556,2.0652741514360313,0.4398148148148148,0.6319444444444444
3969,0.14814814814814814,0.6118143459915611,0.23853588319967095,0.312406576980568,0.8865740740740741,-1.5430809399477807,2.122715404699739,0.4236111111111111,0.6180555555555556
3970,0.18287037037037038,0.6118143459915611,0.28157762127748487,0.33482810164424515,0.8865740740740741,-1.485639686684073,1.9660574412532636,0.44212962962962965,0.6342592592592593
3971,0.1574074074074074,0.6118143459915611,0.2503936208034943,0.3183856502242152,0.8865740740740741,-1.4490861618798956,2.060052219321149,0.4375,0.6412037037037037
3972,0.14583333333333334,0.6118143459915611,0.2355261631279731,0.3109118086696562,0.8865740740740741,-1.4595300261096606,2.154046997389034,0.4375,0.6226851851851852
3973,0.14814814814814814,0.6118143459915611,0.23853588319967095,0.312406576980568,0.8865740740740741,-1.4647519582245432,2.0861618798955615,0.4351851851851852,0.6319444444444444
3974,0.17824074074074073,0.6118143459915611,0.27605731310808634,0.33183856502242154,0.8865740740740741,-1.4386422976501305,2.122715404699739,0.4351851851851852,0.6018518518518519
3975,0.18055555555555555,0.6118143459915611,0.27882553065601656,0.3333333333333333,0.8865740740740741,-1.4073107049608355,2.112271540469974,0.39814814814814814,0.6226851851851852
3976,0.18981481481481483,0.6118143459915611,0.2897385286448815,0.3393124065769806,0.8865740740740741,-1.370757180156658,2.033942558746736,0.43287037037037035,0.625
3977,0.16898148148148148,0.6118143459915611,0.264820304974919,0.32585949177877427,0.8865740740740741,-1.4778067885117494,2.0156657963446474,0.45601851851851855,0.6226851851851852
3978,0.18518518518518517,0.6118143459915611,0.284313725490196,0.336322869955157,0.8865740740740741,-1.3629242819843341,2.0052219321148823,0.44675925925925924,0.6273148148148148
3979,0.1550925925925926,0.6118143459915611,0.24745602975076095,0.31689088191330345,0.8865740740740741,-1.3368146214099217,2.0,0.4166666666666667,0.6458333333333334
3980,0.18518518518518517,0.6118143459915611,0.284313725490196,0.336322869955157,0.8865740740740741,-1.4177545691906006,1.9712793733681462,0.4652777777777778,0.6226851851851852
3981,0.16666666666666666,0.6118143459915611,0.26196928635953026,0.3243647234678625,0.8865740740740741,-1.5013054830287207,2.028720626631854,0.4305555555555556,0.6342592592592593
3982,0.17824074074074073,0.6118143459915611,0.27605731310808634,0.33183856502242154,0.8865740740740741,-1.4255874673629243,1.9843342036553524,0.44212962962962965,0.6388888888888888
3983,0.15046296296296297,0.6118143459915611,0.2415273239797553,0.31390134529147984,0.8865740740740741,-1.5613577023498695,2.14621409921671,0.4074074074074074,0.5879629629629629
3984,0.1574074074074074,0.6118143459915611,0.2503936208034943,0.3183856502242152,0.8865740740740741,-1.2637075718015667,2.0417754569190603,0.4305555555555556,0.6342592592592593
3985,0.1574074074074074,0.6118143459915611,0.2503936208034943,0.3183856502242152,0.8865740740740741,-1.524804177545692,2.1096605744125325,0.42592592592592593,0.6203703703703703
3986,0.1597222222222222,0.6118143459915611,0.25331358474801563,0.31988041853512705,0.8865740740740741,-1.433420365535248,2.101827676240209,0.4351851851851852,0.6041666666666666
3987,0.16203703703703703,0.6118143459915611,0.2562160797677647,0.3213751868460389,0.8865740740740741,-1.577023498694517,2.14621409921671,0.44675925925925924,0.6064814814814815
3988,0.17592592592592593,0.6118143459915611,0.27327282646431583,0.3303437967115097,0.8865740740740741,-1.5300261096605745,2.0678851174934727,0.4444444444444444,0.6087962962962963
3989,0.1574074074074074,0.6118143459915611,0.2503936208034943,0.3183856502242152,0.8865740740740741,-1.402088772845953,2.164490861618799,0.42592592592592593,0.6041666666666666
3990,0.19675925925925927,0.6118143459915611,0.29775925590384733,0.34379671150971597,0.8865740740740741,-1.4386422976501305,2.0026109660574414,0.4444444444444444,0.6319444444444444
3991,0.16435185185185186,0.6118143459915611,0.25910126215913526,0.32286995515695066,0.8865740740740741,-1.524804177545692,2.10443864229765,0.4166666666666667,0.6180555555555556
3992,0.1597222222222222,0.6118143459915611,0.25331358474801563,0.31988041853512705,0.8865740740740741,-1.5039164490861618,2.093994778067885,0.4305555555555556,0.6296296296296297
3993,0.17824074074074073,0.6118143459915611,0.27605731310808634,0.33183856502242154,0.8865740740740741,-1.4360313315926894,2.0417754569190603,0.43287037037037035,0.6273148148148148
3994,0.14814814814814814,0.6118143459915611,0.23853588319967095,0.312406576980568,0.8865740740740741,-1.5091383812010444,2.14621409921671,0.4212962962962963,0.6018518518518519
3995,0.16435185185185186,0.6118143459915611,0.25910126215913526,0.32286995515695066,0.8865740740740741,-1.4725848563968669,2.0678851174934727,0.44907407407407407,0.625
3996,0.18055555555555555,0.6118143459915611,0.27882553065601656,0.3333333333333333,0.8865740740740741,-1.7023498694516972,2.10443864229765,0.4351851851851852,0.6134259259259259
3997,0.16203703703703703,0.6118143459915611,0.2562160797677647,0.3213751868460389,0.8865740740740741,-1.4177545691906006,2.154046997389034,0.43287037037037035,0.6157407407407407
3998,0.16898148148148148,0.6118143459915611,0.264820304974919,0.32585949177877427,0.8865740740740741,-1.475195822454308,2.0652741514360313,0.42592592592592593,0.6319444444444444
3999,0.1597222222222222,0.6118143459915611,0.25331358474801563,0.31988041853512705,0.8865740740740741,-1.6475195822454307,2.143603133159269,0.4351851851851852,0.5902777777777778
4000,0.1597222222222222,0.6118143459915611,0.25331358474801563,0.31988041853512705,0.8865740740740741,-1.4673629242819843,2.1096605744125325,0.4305555555555556,0.6180555555555556
4001,0.16203703703703703,0.6118143459915611,0.2562160797677647,0.3213751868460389,0.8865740740740741,-1.5404699738903394,2.1253263707571803,0.44675925925925924,0.625
4002,0.16203703703703703,0.6118143459915611,0.2562160797677647,0.3213751868460389,0.8865740740740741,-1.6475195822454307,2.1070496083550916,0.42824074074074076,0.6226851851851852
4003,0.1712962962962963,0.6118143459915611,0.26765446880690463,0.3273542600896861,0.8865740740740741,-1.422976501305483,2.0809399477806787,0.4212962962962963,0.6342592592592593
4004,0.1388888888888889,0.6118143459915611,0.22638563622170177,0.3064275037369208,0.8865740740740741,-1.3890339425587468,2.073107049608355,0.42824074074074076,0.6134259259259259
4005,0.1597222222222222,0.6118143459915611,0.25331358474801563,0.31988041853512705,0.8865740740740741,-1.3237597911227155,2.0757180156657964,0.43287037037037035,0.6365740740740741
4006,0.1597222222222222,0.6118143459915611,0.25331358474801563,0.31988041853512705,0.8865740740740741,-1.485639686684073,2.0966057441253265,0.43287037037037035,0.625
4007,0.1875,0.6118143459915611,0.28703398218409765,0.33781763826606875,0.8865740740740741,-1.433420365535248,1.9556135770234986,0.4837962962962963,0.6342592592592593
4008,0.14583333333333334,0.6118143459915611,0.2355261631279731,0.3109118086696562,0.8865740740740741,-1.4151436031331592,2.177545691906005,0.42824074074074076,0.6157407407407407
4009,0.1712962962962963,0.6118143459915611,0.26765446880690463,0.3273542600896861,0.8865740740740741,-1.4308093994778068,2.073107049608355,0.4375,0.6203703703703703
4010,0.14814814814814814,0.6118143459915611,0.23853588319967095,0.312406576980568,0.8865740740740741,-1.5091383812010444,2.073107049608355,0.41435185185185186,0.6203703703703703
4011,0.15046296296296297,0.6118143459915611,0.2415273239797553,0.31390134529147984,0.8865740740740741,-1.4908616187989556,2.033942558746736,0.4513888888888889,0.6527777777777778
4012,0.16898148148148148,0.6118143459915611,0.264820304974919,0.32585949177877427,0.8865740740740741,-1.4673629242819843,2.10443864229765,0.44907407407407407,0.6087962962962963
4013,0.13425925925925927,0.6118143459915611,0.2201974183750949,0.3034379671150972,0.8865740740740741,-1.391644908616188,2.2010443864229763,0.39351851851851855,0.6064814814814815
4014,0.14351851851851852,0.6118143459915611,0.23249799570693358,0.3094170403587444,0.8865740740740741,-1.441253263707572,2.0992167101827675,0.4166666666666667,0.6180555555555556
4015,0.16666666666666666,0.6118143459915611,0.26196928635953026,0.3243647234678625,0.8865740740740741,-1.483028720626632,2.1148825065274153,0.4166666666666667,0.6134259259259259
4016,0.1574074074074074,0.6118143459915611,0.2503936208034943,0.3183856502242152,0.8865740740740741,-1.5483028720626633,2.044386422976501,0.4513888888888889,0.6319444444444444
4017,0.1712962962962963,0.6118143459915611,0.26765446880690463,0.3273542600896861,0.8865740740740741,-1.441253263707572,2.0156657963446474,0.4583333333333333,0.6365740740740741
4018,0.19212962962962962,0.6118143459915611,0.2924275005770796,0.34080717488789236,0.8865740740740741,-1.4464751958224542,2.0992167101827675,0.4444444444444444,0.6134259259259259
4019,0.16435185185185186,0.6118143459915611,0.25910126215913526,0.32286995515695066,0.8865740740740741,-1.441253263707572,2.151436031331593,0.4212962962962963,0.6157407407407407
4020,0.14351851851851852,0.6118143459915611,0.23249799570693358,0.3094170403587444,0.8865740740740741,-1.4490861618798956,2.0913838120104438,0.41435185185185186,0.6273148148148148
4021,0.16666666666666666,0.6118143459915611,0.26196928635953026,0.3243647234678625,0.8865740740740741,-1.4960835509138382,2.112271540469974,0.4212962962962963,0.6157407407407407
4022,0.17824074074074073,0.6118143459915611,0.27605731310808634,0.33183856502242154,0.8865740740740741,-1.5013054830287207,1.9556135770234986,0.46296296296296297,0.6620370370370371
4023,0.18287037037037038,0.6118143459915611,0.28157762127748487,0.33482810164424515,0.8865740740740741,-1.3263707571801566,1.9738903394255876,0.4675925925925926,0.6527777777777778
4024,0.1550925925925926,0.6118143459915611,0.24745602975076095,0.31689088191330345,0.8865740740740741,-1.3968668407310705,2.044386422976501,0.45601851851851855,0.6180555555555556
4025,0.18518518518518517,0.6118143459915611,0.284313725490196,0.336322869955157,0.8865740740740741,-1.3759791122715406,2.044386422976501,0.4675925925925926,0.6064814814814815
4026,0.15046296296296297,0.6118143459915611,0.2415273239797553,0.31390134529147984,0.8865740740740741,-1.4595300261096606,2.1383812010443863,0.43287037037037035,0.6111111111111112
4027,0.1527777777777778,0.6118143459915611,0.24450065149076416,0.3153961136023916,0.8865740740740741,-1.566579634464752,2.1096605744125325,0.44907407407407407,0.6226851851851852
4028,0.17824074074074073,0.6118143459915611,0.27605731310808634,0.33183856502242154,0.8865740740740741,-1.5274151436031331,1.9869451697127938,0.44675925925925924,0.6365740740740741
4029,0.14583333333333334,0.6118143459915611,0.2355261631279731,0.3109118086696562,0.8865740740740741,-1.4908616187989556,2.112271540469974,0.44907407407407407,0.6134259259259259
4030,0.1527777777777778,0.6118143459915611,0.24450065149076416,0.3153961136023916,0.8865740740740741,-1.5483028720626633,2.101827676240209,0.4212962962962963,0.6296296296296297
4031,0.18981481481481483,0.6118143459915611,0.2897385286448815,0.3393124065769806,0.8865740740740741,-1.3942558746736293,1.989556135770235,0.4583333333333333,0.6412037037037037
4032,0.16435185185185186,0.6118143459915611,0.25910126215913526,0.32286995515695066,0.8865740740740741,-1.4203655352480418,2.0469973890339426,0.4375,0.625
4033,0.16435185185185186,0.6118143459915611,0.25910126215913526,0.32286995515695066,0.8865740740740741,-1.4569190600522193,2.0469973890339426,0.4305555555555556,0.6365740740740741
4034,0.18981481481481483,0.6118143459915611,0.2897385286448815,0.3393124065769806,0.8865740740740741,-1.6527415143603132,1.9973890339425588,0.4699074074074074,0.6296296296296297
4035,0.1388888888888889,0.6118143459915611,0.22638563622170177,0.3064275037369208,0.8865740740740741,-1.5483028720626633,2.1488250652741514,0.4212962962962963,0.6087962962962963
4036,0.16898148148148148,0.6118143459915611,0.264820304974919,0.32585949177877427,0.8865740740740741,-1.4151436031331592,2.093994778067885,0.42592592592592593,0.6388888888888888
4037,0.16435185185185186,0.6118143459915611,0.25910126215913526,0.32286995515695066,0.8865740740740741,-1.4699738903394255,2.028720626631854,0.4444444444444444,0.6157407407407407
4038,0.1550925925925926,0.6118143459915611,0.24745602975076095,0.31689088191330345,0.8865740740740741,-1.4778067885117494,2.0469973890339426,0.44212962962962965,0.6342592592592593
4039,0.16203703703703703,0.6118143459915611,0.2562160797677647,0.3213751868460389,0.8865740740740741,-1.5926892950391645,2.1932114882506526,0.4212962962962963,0.5949074074074074
4040,0.17824074074074073,0.6118143459915611,0.27605731310808634,0.33183856502242154,0.8865740740740741,-1.422976501305483,2.028720626631854,0.46296296296296297,0.6342592592592593
4041,0.16435185185185186,0.6118143459915611,0.25910126215913526,0.32286995515695066,0.8865740740740741,-1.4725848563968669,2.0469973890339426,0.44212962962962965,0.6226851851851852
4042,0.1550925925925926,0.6118143459915611,0.24745602975076095,0.31689088191330345,0.8865740740740741,-1.4203655352480418,2.052219321148825,0.44675925925925924,0.6134259259259259
4043,0.1550925925925926,0.6118143459915611,0.24745602975076095,0.31689088191330345,0.8865740740740741,-1.5509138381201044,2.0992167101827675,0.42824074074074076,0.6319444444444444
4044,0.1736111111111111,0.6118143459915611,0.2704719268793136,0.32884902840059793,0.8865740740740741,-1.4673629242819843,1.9843342036553524,0.44675925925925924,0.625
4045,0.16203703703703703,0.6118143459915611,0.2562160797677647,0.3213751868460389,0.8865740740740741,-1.3968668407310705,2.044386422976501,0.44212962962962965,0.6342592592592593
4046,0.18518518518518517,0.6118143459915611,0.284313725490196,0.336322869955157,0.8865740740740741,-1.556135770234987,2.0783289817232378,0.4166666666666667,0.6226851851851852
4047,0.16898148148148148,0.6118143459915611,0.264820304974919,0.32585949177877427,0.8865740740740741,-1.3864229765013054,2.0026109660574414,0.4675925925925926,0.6388888888888888
4048,0.18055555555555555,0.6118143459915611,0.27882553065601656,0.3333333333333333,0.8865740740740741,-1.4804177545691906,2.0548302872062663,0.44907407407407407,0.6319444444444444
4049,0.17592592592592593,0.6118143459915611,0.27327282646431583,0.3303437967115097,0.8865740740740741,-1.4464751958224542,1.989556135770235,0.43287037037037035,0.6527777777777778
4050,0.13657407407407407,0.6118143459915611,0.22330109758166605,0.30493273542600896,0.8865740740740741,-1.4281984334203655,2.0704960835509136,0.43287037037037035,0.6319444444444444
4051,0.18055555555555555,0.6118143459915611,0.27882553065601656,0.3333333333333333,0.8865740740740741,-1.433420365535248,2.0548302872062663,0.4583333333333333,0.6111111111111112
4052,0.14351851851851852,0.6118143459915611,0.23249799570693358,0.3094170403587444,0.8865740740740741,-1.4647519582245432,2.133159268929504,0.4375,0.625
4053,0.17592592592592593,0.6118143459915611,0.27327282646431583,0.3303437967115097,0.8865740740740741,-1.4177545691906006,2.049608355091384,0.4375,0.6319444444444444
4054,0.15046296296296297,0.6118143459915611,0.2415273239797553,0.31390134529147984,0.8865740740740741,-1.4621409921671018,2.088772845953003,0.41435185185185186,0.6064814814814815
4055,0.1574074074074074,0.6118143459915611,0.2503936208034943,0.3183856502242152,0.8865740740740741,-1.5639686684073106,2.0809399477806787,0.42592592592592593,0.6180555555555556
4056,0.1597222222222222,0.6118143459915611,0.25331358474801563,0.31988041853512705,0.8865740740740741,-1.5352480417754568,2.010443864229765,0.4375,0.6273148148148148
4057,0.18287037037037038,0.6118143459915611,0.28157762127748487,0.33482810164424515,0.8865740740740741,-1.4569190600522193,2.0365535248041775,0.44212962962962965,0.6342592592592593
4058,0.13657407407407407,0.6118143459915611,0.22330109758166605,0.30493273542600896,0.8865740740740741,-1.516971279373368,2.174934725848564,0.41203703703703703,0.6064814814814815
4059,0.16435185185185186,0.6118143459915611,0.25910126215913526,0.32286995515695066,0.8865740740740741,-1.4203655352480418,2.0574412532637076,0.44212962962962965,0.6296296296296297
4060,0.18287037037037038,0.6118143459915611,0.28157762127748487,0.33482810164424515,0.8865740740740741,-1.4046997389033942,2.010443864229765,0.4652777777777778,0.6412037037037037
4061,0.1712962962962963,0.6118143459915611,0.26765446880690463,0.3273542600896861,0.8865740740740741,-1.391644908616188,2.0913838120104438,0.43287037037037035,0.6203703703703703
4062,0.17824074074074073,0.6118143459915611,0.27605731310808634,0.33183856502242154,0.8865740740740741,-1.4595300261096606,2.0078328981723237,0.4537037037037037,0.6296296296296297
4063,0.12962962962962962,0.6118143459915611,0.2139319211718832,0.3004484304932735,0.8865740740740741,-1.4255874673629243,2.10443864229765,0.4351851851851852,0.6273148148148148
4064,0.1875,0.6118143459915611,0.28703398218409765,0.33781763826606875,0.8865740740740741,-1.4490861618798956,2.0078328981723237,0.4513888888888889,0.6319444444444444
4065,0.16898148148148148,0.6118143459915611,0.264820304974919,0.32585949177877427,0.8865740740740741,-1.5430809399477807,2.0704960835509136,0.43287037037037035,0.6203703703703703
4066,0.18981481481481483,0.6118143459915611,0.2897385286448815,0.3393124065769806,0.8865740740740741,-1.3550913838120104,1.9399477806788512,0.5138888888888888,0.6527777777777778
4067,0.1527777777777778,0.6118143459915611,0.24450065149076416,0.3153961136023916,0.8865740740740741,-1.5848563968668408,2.174934725848564,0.42824074074074076,0.5925925925925926
4068,0.1736111111111111,0.6118143459915611,0.2704719268793136,0.32884902840059793,0.8865740740740741,-1.4516971279373367,2.0261096605744124,0.46296296296296297,0.6365740740740741
4069,0.1550925925925926,0.6118143459915611,0.24745602975076095,0.31689088191330345,0.8865740740740741,-1.4621409921671018,2.073107049608355,0.4305555555555556,0.625
4070,0.1574074074074074,0.6118143459915611,0.2503936208034943,0.3183856502242152,0.8865740740740741,-1.391644908616188,2.0757180156657964,0.4351851851851852,0.6226851851851852
4071,0.1527777777777778,0.6118143459915611,0.24450065149076416,0.3153961136023916,0.8865740740740741,-1.4778067885117494,2.224543080939948,0.3958333333333333,0.5995370370370371
4072,0.19675925925925927,0.6118143459915611,0.29775925590384733,0.34379671150971597,0.8865740740740741,-1.566579634464752,2.093994778067885,0.4444444444444444,0.6111111111111112
4073,0.16203703703703703,0.6118143459915611,0.2562160797677647,0.3213751868460389,0.8865740740740741,-1.5639686684073106,2.1592689295039165,0.43287037037037035,0.6134259259259259
4074,0.14351851851851852,0.6118143459915611,0.23249799570693358,0.3094170403587444,0.8865740740740741,-1.4543080939947781,2.033942558746736,0.44212962962962965,0.625
4075,0.13425925925925927,0.6118143459915611,0.2201974183750949,0.3034379671150972,0.8865740740740741,-1.4360313315926894,2.1096605744125325,0.43287037037037035,0.6111111111111112
4076,0.15046296296296297,0.6118143459915611,0.2415273239797553,0.31390134529147984,0.8865740740740741,-1.4569190600522193,2.0783289817232378,0.4305555555555556,0.6342592592592593
4077,0.16898148148148148,0.6118143459915611,0.264820304974919,0.32585949177877427,0.8865740740740741,-1.441253263707572,1.9843342036553524,0.46296296296296297,0.6481481481481481
4078,0.17824074074074073,0.6118143459915611,0.27605731310808634,0.33183856502242154,0.8865740740740741,-1.483028720626632,1.9530026109660574,0.47453703703703703,0.6550925925925926
4079,0.13425925925925927,0.6118143459915611,0.2201974183750949,0.3034379671150972,0.8865740740740741,-1.5483028720626633,2.1592689295039165,0.4212962962962963,0.6111111111111112
4080,0.1574074074074074,0.6118143459915611,0.2503936208034943,0.3183856502242152,0.8865740740740741,-1.4621409921671018,2.010443864229765,0.46064814814814814,0.6342592592592593
4081,0.14583333333333334,0.6118143459915611,0.2355261631279731,0.3109118086696562,0.8865740740740741,-1.4203655352480418,2.1932114882506526,0.4074074074074074,0.6018518518518519
4082,0.16666666666666666,0.6118143459915611,0.26196928635953026,0.3243647234678625,0.8865740740740741,-1.4908616187989556,2.0757180156657964,0.42592592592592593,0.6203703703703703
4083,0.16435185185185186,0.6118143459915611,0.25910126215913526,0.32286995515695066,0.8865740740740741,-1.4725848563968669,2.010443864229765,0.4444444444444444,0.6365740740740741
4084,0.16898148148148148,0.6118143459915611,0.264820304974919,0.32585949177877427,0.8865740740740741,-1.443864229765013,2.0704960835509136,0.42592592592592593,0.625
4085,0.1574074074074074,0.6118143459915611,0.2503936208034943,0.3183856502242152,0.8865740740740741,-1.5613577023498695,2.093994778067885,0.4444444444444444,0.6226851851851852
4086,0.17824074074074073,0.6118143459915611,0.27605731310808634,0.33183856502242154,0.8865740740740741,-1.577023498694517,2.010443864229765,0.42824074074074076,0.6319444444444444
4087,0.14583333333333334,0.6118143459915611,0.2355261631279731,0.3109118086696562,0.8865740740740741,-1.5430809399477807,2.1383812010443863,0.43287037037037035,0.6041666666666666
4088,0.1527777777777778,0.6118143459915611,0.24450065149076416,0.3153961136023916,0.8865740740740741,-1.5039164490861618,2.06266318537859,0.42824074074074076,0.625
4089,0.1736111111111111,0.6118143459915611,0.2704719268793136,0.32884902840059793,0.8865740740740741,-1.4046997389033942,2.02088772845953,0.45601851851851855,0.6203703703703703
4090,0.18055555555555555,0.6118143459915611,0.27882553065601656,0.3333333333333333,0.8865740740740741,-1.4490861618798956,2.044386422976501,0.4537037037037037,0.6365740740740741
4091,0.16203703703703703,0.6118143459915611,0.2562160797677647,0.3213751868460389,0.8865740740740741,-1.516971279373368,2.133159268929504,0.42824074074074076,0.5925925925925926
4092,0.14814814814814814,0.6118143459915611,0.23853588319967095,0.312406576980568,0.8865740740740741,-1.4934725848563968,2.161879895561358,0.4305555555555556,0.6087962962962963
4093,0.17824074074074073,0.6118143459915611,0.27605731310808634,0.33183856502242154,0.8865740740740741,-1.516971279373368,2.1383812010443863,0.42592592592592593,0.5972222222222222
4094,0.18055555555555555,0.6118143459915611,0.27882553065601656,0.3333333333333333,0.8865740740740741,-1.3733681462140992,2.010443864229765,0.4537037037037037,0.6458333333333334
4095,0.14583333333333334,0.6118143459915611,0.2355261631279731,0.3109118086696562,0.8865740740740741,-1.3394255874673628,2.0548302872062663,0.4375,0.6412037037037037
4096,0.16435185185185186,0.6118143459915611,0.25910126215913526,0.32286995515695066,0.8865740740740741,-1.5195822454308094,2.1932114882506526,0.42824074074074076,0.6041666666666666
4097,0.1597222222222222,0.6118143459915611,0.25331358474801563,0.31988041853512705,0.8865740740740741,-1.2845953002610966,2.0261096605744124,0.44212962962962965,0.6273148148148148
4098,0.16666666666666666,0.6118143459915611,0.26196928635953026,0.3243647234678625,0.8865740740740741,-1.485639686684073,2.060052219321149,0.42824074074074076,0.6296296296296297
4099,0.12731481481481483,0.6118143459915611,0.21076973901552695,0.29895366218236175,0.8865740740740741,-1.3864229765013054,2.164490861618799,0.41898148148148145,0.6018518518518519
4100,0.18981481481481483,0.6118143459915611,0.2897385286448815,0.3393124065769806,0.8865740740740741,-1.4255874673629243,2.0052219321148823,0.44907407407407407,0.6435185185185185
4101,0.18518518518518517,0.6118143459915611,0.284313725490196,0.336322869955157,0.8865740740740741,-1.3812010443864229,2.033942558746736,0.44907407407407407,0.6226851851851852
4102,0.16666666666666666,0.6118143459915611,0.26196928635953026,0.3243647234678625,0.8865740740740741,-1.4908616187989556,2.1488250652741514,0.4097222222222222,0.6111111111111112
4103,0.13194444444444445,0.6118143459915611,0.21707441988732618,0.30194319880418535,0.8865740740740741,-1.5535248041775458,2.1488250652741514,0.41435185185185186,0.6018518518518519
4104,0.18287037037037038,0.6118143459915611,0.28157762127748487,0.33482810164424515,0.8865740740740741,-1.629242819843342,2.0417754569190603,0.4375,0.6203703703703703
4105,0.16898148148148148,0.6118143459915611,0.264820304974919,0.32585949177877427,0.8865740740740741,-1.3864229765013054,2.044386422976501,0.44907407407407407,0.625
4106,0.16898148148148148,0.6118143459915611,0.264820304974919,0.32585949177877427,0.8865740740740741,-1.5483028720626633,2.101827676240209,0.42824074074074076,0.6134259259259259
4107,0.1597222222222222,0.6118143459915611,0.25331358474801563,0.31988041853512705,0.8865740740740741,-1.3864229765013054,2.033942558746736,0.4375,0.6296296296296297
4108,0.1712962962962963,0.6118143459915611,0.26765446880690463,0.3273542600896861,0.8865740740740741,-1.4960835509138382,2.039164490861619,0.4305555555555556,0.6296296296296297
4109,0.14583333333333334,0.6118143459915611,0.2355261631279731,0.3109118086696562,0.8865740740740741,-1.4177545691906006,2.0861618798955615,0.4305555555555556,0.6203703703703703
4110,0.14814814814814814,0.6118143459915611,0.23853588319967095,0.312406576980568,0.8865740740740741,-1.5274151436031331,2.143603133159269,0.43287037037037035,0.6041666666666666
4111,0.16435185185185186,0.6118143459915611,0.25910126215913526,0.32286995515695066,0.8865740740740741,-1.4386422976501305,2.0809399477806787,0.4444444444444444,0.6180555555555556
4112,0.16435185185185186,0.6118143459915611,0.25910126215913526,0.32286995515695066,0.8865740740740741,-1.5483028720626633,2.0548302872062663,0.4537037037037037,0.6319444444444444
4113,0.18518518518518517,0.6118143459915611,0.284313725490196,0.336322869955157,0.8865740740740741,-1.4960835509138382,2.044386422976501,0.42824074074074076,0.6226851851851852
4114,0.14583333333333334,0.6118143459915611,0.2355261631279731,0.3109118086696562,0.8865740740740741,-1.475195822454308,2.1279373368146213,0.4212962962962963,0.6273148148148148
4115,0.16203703703703703,0.6118143459915611,0.2562160797677647,0.3213751868460389,0.8865740740740741,-1.3890339425587468,2.14621409921671,0.42592592592592593,0.6018518518518519
4116,0.1550925925925926,0.6118143459915611,0.24745602975076095,0.31689088191330345,0.8865740740740741,-1.3994778067885119,2.052219321148825,0.4444444444444444,0.6342592592592593
4117,0.17592592592592593,0.6118143459915611,0.27327282646431583,0.3303437967115097,0.8865740740740741,-1.5091383812010444,2.14621409921671,0.43287037037037035,0.6018518518518519
4118,0.17592592592592593,0.6118143459915611,0.27327282646431583,0.3303437967115097,0.8865740740740741,-1.5535248041775458,2.101827676240209,0.41435185185185186,0.6111111111111112
4119,0.18518518518518517,0.6118143459915611,0.284313725490196,0.336322869955157,0.8865740740740741,-1.4804177545691906,2.033942558746736,0.45601851851851855,0.6203703703703703
4120,0.1597222222222222,0.6118143459915611,0.25331358474801563,0.31988041853512705,0.8865740740740741,-1.4360313315926894,2.0469973890339426,0.4236111111111111,0.6018518518518519
4121,0.14814814814814814,0.6118143459915611,0.23853588319967095,0.312406576980568,0.8865740740740741,-1.5378590078328982,2.174934725848564,0.4305555555555556,0.5902777777777778
4122,0.16666666666666666,0.6118143459915611,0.26196928635953026,0.3243647234678625,0.8865740740740741,-1.4281984334203655,2.185378590078329,0.4027777777777778,0.5925925925925926
4123,0.19444444444444445,0.6118143459915611,0.2951010321267626,0.3423019431988042,0.8865740740740741,-1.4177545691906006,2.0966057441253265,0.4375,0.6365740740740741
4124,0.14814814814814814,0.6118143459915611,0.23853588319967095,0.312406576980568,0.8865740740740741,-1.4908616187989556,2.101827676240209,0.44675925925925924,0.625
4125,0.17824074074074073,0.6118143459915611,0.27605731310808634,0.33183856502242154,0.8865740740740741,-1.6109660574412532,2.0704960835509136,0.4375,0.6111111111111112
4126,0.2037037037037037,0.6118143459915611,0.30564338411420905,0.3482810164424514,0.8865740740740741,-1.483028720626632,2.0261096605744124,0.42592592592592593,0.6319444444444444
4127,0.16203703703703703,0.6118143459915611,0.2562160797677647,0.3213751868460389,0.8865740740740741,-1.4099216710182767,2.1148825065274153,0.4444444444444444,0.6111111111111112
4128,0.18518518518518517,0.6118143459915611,0.284313725490196,0.336322869955157,0.8865740740740741,-1.4543080939947781,2.0652741514360313,0.4513888888888889,0.6296296296296297
4129,0.14583333333333334,0.6118143459915611,0.2355261631279731,0.3109118086696562,0.8865740740740741,-1.4569190600522193,2.093994778067885,0.43287037037037035,0.6388888888888888
4130,0.14814814814814814,0.6118143459915611,0.23853588319967095,0.312406576980568,0.8865740740740741,-1.3446475195822454,2.0652741514360313,0.4351851851851852,0.6412037037037037
4131,0.1550925925925926,0.6118143459915611,0.24745602975076095,0.31689088191330345,0.8865740740740741,-1.475195822454308,2.1383812010443863,0.40046296296296297,0.5902777777777778
4132,0.1736111111111111,0.6118143459915611,0.2704719268793136,0.32884902840059793,0.8865740740740741,-1.4908616187989556,1.9608355091383811,0.4513888888888889,0.6388888888888888
4133,0.1875,0.6118143459915611,0.28703398218409765,0.33781763826606875,0.8865740740740741,-1.3890339425587468,2.073107049608355,0.44212962962962965,0.6180555555555556
4134,0.16898148148148148,0.6118143459915611,0.264820304974919,0.32585949177877427,0.8865740740740741,-1.4386422976501305,2.044386422976501,0.4398148148148148,0.6273148148148148
4135,0.1736111111111111,0.6118143459915611,0.2704719268793136,0.32884902840059793,0.8865740740740741,-1.4647519582245432,2.0548302872062663,0.43287037037037035,0.6180555555555556
4136,0.1550925925925926,0.6118143459915611,0.24745602975076095,0.31689088191330345,0.8865740740740741,-1.524804177545692,2.135770234986945,0.44212962962962965,0.6111111111111112
4137,0.18518518518518517,0.6118143459915611,0.284313725490196,0.336322869955157,0.8865740740740741,-1.4073107049608355,2.0130548302872064,0.4537037037037037,0.6296296296296297
4138,0.16435185185185186,0.6118143459915611,0.25910126215913526,0.32286995515695066,0.8865740740740741,-1.475195822454308,2.0704960835509136,0.41898148148148145,0.625
4139,0.18287037037037038,0.6118143459915611,0.28157762127748487,0.33482810164424515,0.8865740740740741,-1.5091383812010444,2.0365535248041775,0.4351851851851852,0.6157407407407407
4140,0.1712962962962963,0.6118143459915611,0.26765446880690463,0.3273542600896861,0.8865740740740741,-1.3864229765013054,2.0809399477806787,0.4236111111111111,0.6180555555555556
4141,0.17824074074074073,0.6118143459915611,0.27605731310808634,0.33183856502242154,0.8865740740740741,-1.5274151436031331,2.023498694516971,0.4675925925925926,0.6550925925925926
4142,0.1527777777777778,0.6118143459915611,0.24450065149076416,0.3153961136023916,0.8865740740740741,-1.4386422976501305,2.0548302872062663,0.43287037037037035,0.625
4143,0.16435185185185186,0.6118143459915611,0.25910126215913526,0.32286995515695066,0.8865740740740741,-1.516971279373368,2.1070496083550916,0.4305555555555556,0.6111111111111112
4144,0.17592592592592593,0.6118143459915611,0.27327282646431583,0.3303437967115097,0.8865740740740741,-1.422976501305483,2.0704960835509136,0.44212962962962965,0.6180555555555556
4145,0.14351851851851852,0.6118143459915611,0.23249799570693358,0.3094170403587444,0.8865740740740741,-1.483028720626632,2.224543080939948,0.4212962962962963,0.5949074074074074
4146,0.14351851851851852,0.6118143459915611,0.23249799570693358,0.3094170403587444,0.8865740740740741,-1.5639686684073106,2.143603133159269,0.41435185185185186,0.6273148148148148
4147,0.18055555555555555,0.6118143459915611,0.27882553065601656,0.3333333333333333,0.8865740740740741,-1.4046997389033942,1.9321148825065275,0.47685185185185186,0.6388888888888888
4148,0.1597222222222222,0.6118143459915611,0.25331358474801563,0.31988041853512705,0.8865740740740741,-1.4360313315926894,1.9738903394255876,0.45601851851851855,0.6504629629629629
4149,0.17824074074074073,0.6118143459915611,0.27605731310808634,0.33183856502242154,0.8865740740740741,-1.4490861618798956,1.9295039164490861,0.46296296296296297,0.6689814814814815
4150,0.15046296296296297,0.6118143459915611,0.2415273239797553,0.31390134529147984,0.8865740740740741,-1.3994778067885119,2.052219321148825,0.4351851851851852,0.6018518518518519
4151,0.16898148148148148,0.6118143459915611,0.264820304974919,0.32585949177877427,0.8865740740740741,-1.3890339425587468,2.0417754569190603,0.4444444444444444,0.6319444444444444
4152,0.16898148148148148,0.6118143459915611,0.264820304974919,0.32585949177877427,0.8865740740740741,-1.4569190600522193,2.052219321148825,0.4398148148148148,0.6180555555555556
4153,0.13425925925925927,0.6118143459915611,0.2201974183750949,0.3034379671150972,0.8865740740740741,-1.5117493472584855,2.164490861618799,0.4166666666666667,0.6180555555555556
4154,0.12037037037037036,0.6118143459915611,0.2011632250146737,0.2944693572496263,0.8865740740740741,-1.4595300261096606,2.0757180156657964,0.41435185185185186,0.6342592592592593
4155,0.1388888888888889,0.6118143459915611,0.22638563622170177,0.3064275037369208,0.8865740740740741,-1.433420365535248,2.206266318537859,0.43287037037037035,0.6111111111111112
4156,0.14351851851851852,0.6118143459915611,0.23249799570693358,0.3094170403587444,0.8865740740740741,-1.4699738903394255,2.1801566579634466,0.4375,0.6018518518518519
4157,0.16666666666666666,0.6118143459915611,0.26196928635953026,0.3243647234678625,0.8865740740740741,-1.5091383812010444,2.0783289817232378,0.43287037037037035,0.6319444444444444
4158,0.17824074074074073,0.6118143459915611,0.27605731310808634,0.33183856502242154,0.8865740740740741,-1.4699738903394255,1.9712793733681462,0.4444444444444444,0.6319444444444444
4159,0.16435185185185186,0.6118143459915611,0.25910126215913526,0.32286995515695066,0.8865740740740741,-1.514360313315927,2.0992167101827675,0.4375,0.6180555555555556
4160,0.13194444444444445,0.6118143459915611,0.21707441988732618,0.30194319880418535,0.8865740740740741,-1.4699738903394255,2.122715404699739,0.4583333333333333,0.6064814814814815
4161,0.17592592592592593,0.6118143459915611,0.27327282646431583,0.3303437967115097,0.8865740740740741,-1.5221932114882506,2.0130548302872064,0.44212962962962965,0.6226851851851852
4162,0.17824074074074073,0.6118143459915611,0.27605731310808634,0.33183856502242154,0.8865740740740741,-1.402088772845953,1.9347258485639687,0.4513888888888889,0.6458333333333334
4163,0.17824074074074073,0.6118143459915611,0.27605731310808634,0.33183856502242154,0.8865740740740741,-1.402088772845953,2.0078328981723237,0.45601851851851855,0.6388888888888888
4164,0.16898148148148148,0.6118143459915611,0.264820304974919,0.32585949177877427,0.8865740740740741,-1.475195822454308,1.9973890339425588,0.4583333333333333,0.6319444444444444
4165,0.16666666666666666,0.6118143459915611,0.26196928635953026,0.3243647234678625,0.8865740740740741,-1.5430809399477807,2.0652741514360313,0.4305555555555556,0.6273148148148148
4166,0.1388888888888889,0.6118143459915611,0.22638563622170177,0.3064275037369208,0.8865740740740741,-1.5013054830287207,2.0809399477806787,0.43287037037037035,0.6134259259259259
4167,0.1736111111111111,0.6118143459915611,0.2704719268793136,0.32884902840059793,0.8865740740740741,-1.4569190600522193,2.0469973890339426,0.4583333333333333,0.6296296296296297
4168,0.12268518518518519,0.6118143459915611,0.20438557997898962,0.29596412556053814,0.8865740740740741,-1.4778067885117494,2.31331592689295,0.38425925925925924,0.5763888888888888
4169,0.16666666666666666,0.6118143459915611,0.26196928635953026,0.3243647234678625,0.8865740740740741,-1.4203655352480418,2.1148825065274153,0.4305555555555556,0.6064814814814815
4170,0.18055555555555555,0.6118143459915611,0.27882553065601656,0.3333333333333333,0.8865740740740741,-1.4516971279373367,2.0156657963446474,0.44675925925925924,0.6342592592592593
4171,0.18981481481481483,0.6118143459915611,0.2897385286448815,0.3393124065769806,0.8865740740740741,-1.4960835509138382,2.0704960835509136,0.4444444444444444,0.6064814814814815
4172,0.1736111111111111,0.6118143459915611,0.2704719268793136,0.32884902840059793,0.8865740740740741,-1.6919060052219321,2.1096605744125325,0.43287037037037035,0.6087962962962963
4173,0.16898148148148148,0.6118143459915611,0.264820304974919,0.32585949177877427,0.8865740740740741,-1.3524804177545693,2.0261096605744124,0.4351851851851852,0.6296296296296297
4174,0.16435185185185186,0.6118143459915611,0.25910126215913526,0.32286995515695066,0.8865740740740741,-1.4699738903394255,2.0130548302872064,0.4398148148148148,0.6435185185185185
4175,0.15046296296296297,0.6118143459915611,0.2415273239797553,0.31390134529147984,0.8865740740740741,-1.4986945169712793,2.14621409921671,0.4212962962962963,0.5925925925925926
4176,0.16435185185185186,0.6118143459915611,0.25910126215913526,0.32286995515695066,0.8865740740740741,-1.5274151436031331,2.154046997389034,0.4236111111111111,0.6157407407407407
4177,0.1527777777777778,0.6118143459915611,0.24450065149076416,0.3153961136023916,0.8865740740740741,-1.5117493472584855,2.0704960835509136,0.42824074074074076,0.6203703703703703
4178,0.16666666666666666,0.6118143459915611,0.26196928635953026,0.3243647234678625,0.8865740740740741,-1.4804177545691906,2.0548302872062663,0.4675925925925926,0.6134259259259259
4179,0.17592592592592593,0.6118143459915611,0.27327282646431583,0.3303437967115097,0.8865740740740741,-1.4673629242819843,2.0365535248041775,0.41898148148148145,0.6342592592592593
4180,0.1574074074074074,0.6118143459915611,0.2503936208034943,0.3183856502242152,0.8865740740740741,-1.3394255874673628,2.0078328981723237,0.4398148148148148,0.6412037037037037
4181,0.1527777777777778,0.6118143459915611,0.24450065149076416,0.3153961136023916,0.8865740740740741,-1.5848563968668408,2.185378590078329,0.40046296296296297,0.5902777777777778
4182,0.1527777777777778,0.6118143459915611,0.24450065149076416,0.3153961136023916,0.8865740740740741,-1.402088772845953,1.9973890339425588,0.46064814814814814,0.6504629629629629
4183,0.16435185185185186,0.6118143459915611,0.25910126215913526,0.32286995515695066,0.8865740740740741,-1.4151436031331592,2.0365535248041775,0.46064814814814814,0.6226851851851852
4184,0.18981481481481483,0.6118143459915611,0.2897385286448815,0.3393124065769806,0.8865740740740741,-1.3838120104438643,2.073107049608355,0.44907407407407407,0.6226851851851852
4185,0.1574074074074074,0.6118143459915611,0.2503936208034943,0.3183856502242152,0.8865740740740741,-1.5300261096605745,2.052219321148825,0.44907407407407407,0.6296296296296297
4186,0.1875,0.6118143459915611,0.28703398218409765,0.33781763826606875,0.8865740740740741,-1.577023498694517,1.9373368146214098,0.47685185185185186,0.6412037037037037
4187,0.1736111111111111,0.6118143459915611,0.2704719268793136,0.32884902840059793,0.8865740740740741,-1.5326370757180157,2.044386422976501,0.44675925925925924,0.6296296296296297
4188,0.1550925925925926,0.6118143459915611,0.24745602975076095,0.31689088191330345,0.8865740740740741,-1.516971279373368,2.0757180156657964,0.4398148148148148,0.6226851851851852
4189,0.1597222222222222,0.6118143459915611,0.25331358474801563,0.31988041853512705,0.8865740740740741,-1.5013054830287207,2.1279373368146213,0.42592592592592593,0.6018518518518519
4190,0.18055555555555555,0.6118143459915611,0.27882553065601656,0.3333333333333333,0.8865740740740741,-1.4673629242819843,2.06266318537859,0.4375,0.6435185185185185
4191,0.16898148148148148,0.6118143459915611,0.264820304974919,0.32585949177877427,0.8865740740740741,-1.4046997389033942,2.052219321148825,0.4375,0.6296296296296297
4192,0.17824074074074073,0.6118143459915611,0.27605731310808634,0.33183856502242154,0.8865740740740741,-1.4986945169712793,2.0052219321148823,0.4699074074074074,0.6597222222222222
4193,0.17824074074074073,0.6118143459915611,0.27605731310808634,0.33183856502242154,0.8865740740740741,-1.4960835509138382,2.028720626631854,0.4375,0.6064814814814815
4194,0.1597222222222222,0.6118143459915611,0.25331358474801563,0.31988041853512705,0.8865740740740741,-1.4543080939947781,2.1383812010443863,0.4212962962962963,0.5879629629629629
4195,0.1550925925925926,0.6118143459915611,0.24745602975076095,0.31689088191330345,0.8865740740740741,-1.4804177545691906,2.044386422976501,0.4375,0.6342592592592593
4196,0.15046296296296297,0.6118143459915611,0.2415273239797553,0.31390134529147984,0.8865740740740741,-1.3785900783289817,2.08355091383812,0.4398148148148148,0.6342592592592593
4197,0.1574074074074074,0.6118143459915611,0.2503936208034943,0.3183856502242152,0.8865740740740741,-1.558746736292428,2.1279373368146213,0.4166666666666667,0.6041666666666666
4198,0.19675925925925927,0.6118143459915611,0.29775925590384733,0.34379671150971597,0.8865740740740741,-1.4804177545691906,2.0026109660574414,0.43287037037037035,0.6180555555555556
4199,0.1412037037037037,0.6118143459915611,0.22945121081235326,0.30792227204783257,0.8865740740740741,-1.6031331592689295,2.2036553524804177,0.41203703703703703,0.6111111111111112
4200,0.16203703703703703,0.6118143459915611,0.2562160797677647,0.3213751868460389,0.8865740740740741,-1.516971279373368,2.028720626631854,0.4444444444444444,0.625
4201,0.14814814814814814,0.6118143459915611,0.23853588319967095,0.312406576980568,0.8865740740740741,-1.4725848563968669,2.1148825065274153,0.43287037037037035,0.6157407407407407
4202,0.16203703703703703,0.6118143459915611,0.2562160797677647,0.3213751868460389,0.8865740740740741,-1.4986945169712793,1.989556135770235,0.4398148148148148,0.6481481481481481
4203,0.18518518518518517,0.6118143459915611,0.284313725490196,0.336322869955157,0.8865740740740741,-1.4099216710182767,1.9738903394255876,0.49074074074074076,0.6319444444444444
4204,0.16898148148148148,0.6118143459915611,0.264820304974919,0.32585949177877427,0.8865740740740741,-1.4569190600522193,2.14621409921671,0.4351851851851852,0.6273148148148148
4205,0.16435185185185186,0.6118143459915611,0.25910126215913526,0.32286995515695066,0.8865740740740741,-1.3864229765013054,2.0966057441253265,0.44675925925925924,0.6134259259259259
4206,0.1574074074074074,0.6118143459915611,0.2503936208034943,0.3183856502242152,0.8865740740740741,-1.5326370757180157,2.112271540469974,0.4305555555555556,0.6157407407407407
4207,0.1875,0.6118143459915611,0.28703398218409765,0.33781763826606875,0.8865740740740741,-1.370757180156658,2.112271540469974,0.4398148148148148,0.6180555555555556
4208,0.1550925925925926,0.6118143459915611,0.24745602975076095,0.31689088191330345,0.8865740740740741,-1.5456919060052219,2.1148825065274153,0.4305555555555556,0.6134259259259259
4209,0.17592592592592593,0.6118143459915611,0.27327282646431583,0.3303437967115097,0.8865740740740741,-1.4908616187989556,2.023498694516971,0.42592592592592593,0.6111111111111112
4210,0.1597222222222222,0.6118143459915611,0.25331358474801563,0.31988041853512705,0.8865740740740741,-1.4595300261096606,2.1279373368146213,0.42592592592592593,0.5972222222222222
4211,0.17592592592592593,0.6118143459915611,0.27327282646431583,0.3303437967115097,0.8865740740740741,-1.4595300261096606,2.0757180156657964,0.4212962962962963,0.6319444444444444
4212,0.17592592592592593,0.6118143459915611,0.27327282646431583,0.3303437967115097,0.8865740740740741,-1.3733681462140992,2.0678851174934727,0.4513888888888889,0.6296296296296297
4213,0.13657407407407407,0.6118143459915611,0.22330109758166605,0.30493273542600896,0.8865740740740741,-1.3838120104438643,2.135770234986945,0.42592592592592593,0.6180555555555556
4214,0.16666666666666666,0.6118143459915611,0.26196928635953026,0.3243647234678625,0.8865740740740741,-1.4908616187989556,2.112271540469974,0.4305555555555556,0.6041666666666666
4215,0.18518518518518517,0.6118143459915611,0.284313725490196,0.336322869955157,0.8865740740740741,-1.4255874673629243,2.0156657963446474,0.45601851851851855,0.6412037037037037
4216,0.18287037037037038,0.6118143459915611,0.28157762127748487,0.33482810164424515,0.8865740740740741,-1.5456919060052219,2.0417754569190603,0.45601851851851855,0.6157407407407407
4217,0.1597222222222222,0.6118143459915611,0.25331358474801563,0.31988041853512705,0.8865740740740741,-1.4647519582245432,2.0548302872062663,0.4398148148148148,0.6435185185185185
4218,0.1597222222222222,0.6118143459915611,0.25331358474801563,0.31988041853512705,0.8865740740740741,-1.3420365535248042,1.9947780678851175,0.46064814814814814,0.6527777777777778
4219,0.16898148148148148,0.6118143459915611,0.264820304974919,0.32585949177877427,0.8865740740740741,-1.524804177545692,2.14621409921671,0.4375,0.5995370370370371
4220,0.1597222222222222,0.6118143459915611,0.25331358474801563,0.31988041853512705,0.8865740740740741,-1.4046997389033942,2.0574412532637076,0.4351851851851852,0.6296296296296297
4221,0.16435185185185186,0.6118143459915611,0.25910126215913526,0.32286995515695066,0.8865740740740741,-1.412532637075718,2.023498694516971,0.44675925925925924,0.6296296296296297
4222,0.18055555555555555,0.6118143459915611,0.27882553065601656,0.3333333333333333,0.8865740740740741,-1.5378590078328982,2.049608355091384,0.42592592592592593,0.6296296296296297
4223,0.1712962962962963,0.6118143459915611,0.26765446880690463,0.3273542600896861,0.8865740740740741,-1.6240208877284594,2.1253263707571803,0.4375,0.6157407407407407
4224,0.16898148148148148,0.6118143459915611,0.264820304974919,0.32585949177877427,0.8865740740740741,-1.483028720626632,2.10443864229765,0.4236111111111111,0.6134259259259259
4225,0.1875,0.6118143459915611,0.28703398218409765,0.33781763826606875,0.8865740740740741,-1.4281984334203655,2.0966057441253265,0.4305555555555556,0.6180555555555556
4226,0.1736111111111111,0.6118143459915611,0.2704719268793136,0.32884902840059793,0.8865740740740741,-1.4569190600522193,2.088772845953003,0.42824074074074076,0.6041666666666666
4227,0.1875,0.6118143459915611,0.28703398218409765,0.33781763826606875,0.8865740740740741,-1.3785900783289817,2.0052219321148823,0.4398148148148148,0.6180555555555556
4228,0.14814814814814814,0.6118143459915611,0.23853588319967095,0.312406576980568,0.8865740740740741,-1.5117493472584855,2.154046997389034,0.42824074074074076,0.6064814814814815
4229,0.17824074074074073,0.6118143459915611,0.27605731310808634,0.33183856502242154,0.8865740740740741,-1.4882506527415145,2.031331592689295,0.4375,0.6180555555555556
4230,0.1597222222222222,0.6118143459915611,0.25331358474801563,0.31988041853512705,0.8865740740740741,-1.441253263707572,1.9791122715404699,0.4583333333333333,0.6342592592592593
4231,0.1597222222222222,0.6118143459915611,0.25331358474801563,0.31988041853512705,0.8865740740740741,-1.4960835509138382,2.133159268929504,0.43287037037037035,0.6134259259259259
4232,0.1712962962962963,0.6118143459915611,0.26765446880690463,0.3273542600896861,0.8865740740740741,-1.349869451697128,2.060052219321149,0.4652777777777778,0.6203703703703703
4233,0.18287037037037038,0.6118143459915611,0.28157762127748487,0.33482810164424515,0.8865740740740741,-1.4360313315926894,2.073107049608355,0.45601851851851855,0.6388888888888888
4234,0.15046296296296297,0.6118143459915611,0.2415273239797553,0.31390134529147984,0.8865740740740741,-1.6031331592689295,2.10443864229765,0.4398148148148148,0.6296296296296297
4235,0.18055555555555555,0.6118143459915611,0.27882553065601656,0.3333333333333333,0.8865740740740741,-1.4360313315926894,1.9947780678851175,0.46064814814814814,0.6412037037037037
4236,0.1527777777777778,0.6118143459915611,0.24450065149076416,0.3153961136023916,0.8865740740740741,-1.5691906005221932,2.1801566579634466,0.4050925925925926,0.6134259259259259
4237,0.1736111111111111,0.6118143459915611,0.2704719268793136,0.32884902840059793,0.8865740740740741,-1.2950391644908616,1.9112271540469974,0.47685185185185186,0.6574074074074074
4238,0.1527777777777778,0.6118143459915611,0.24450065149076416,0.3153961136023916,0.8865740740740741,-1.4046997389033942,2.0156657963446474,0.44907407407407407,0.6365740740740741
4239,0.13425925925925927,0.6118143459915611,0.2201974183750949,0.3034379671150972,0.8865740740740741,-1.6057441253263707,2.2010443864229763,0.4212962962962963,0.5972222222222222
4240,0.1527777777777778,0.6118143459915611,0.24450065149076416,0.3153961136023916,0.8865740740740741,-1.4986945169712793,2.088772845953003,0.42824074074074076,0.6134259259259259
4241,0.1597222222222222,0.6118143459915611,0.25331358474801563,0.31988041853512705,0.8865740740740741,-1.4908616187989556,2.028720626631854,0.4513888888888889,0.6481481481481481
4242,0.18055555555555555,0.6118143459915611,0.27882553065601656,0.3333333333333333,0.8865740740740741,-1.5091383812010444,2.1096605744125325,0.4375,0.6018518518518519
4243,0.18287037037037038,0.6118143459915611,0.28157762127748487,0.33482810164424515,0.8865740740740741,-1.6240208877284594,2.0365535248041775,0.4398148148148148,0.6087962962962963
4244,0.17592592592592593,0.6118143459915611,0.27327282646431583,0.3303437967115097,0.8865740740740741,-1.485639686684073,2.0966057441253265,0.44212962962962965,0.6296296296296297
4245,0.16666666666666666,0.6118143459915611,0.26196928635953026,0.3243647234678625,0.8865740740740741,-1.3681462140992167,2.0574412532637076,0.45601851851851855,0.6226851851851852
4246,0.1527777777777778,0.6118143459915611,0.24450065149076416,0.3153961136023916,0.8865740740740741,-1.3054830287206267,2.0574412532637076,0.42592592592592593,0.6412037037037037
4247,0.2037037037037037,0.6118143459915611,0.30564338411420905,0.3482810164424514,0.8865740740740741,-1.5404699738903394,2.0469973890339426,0.4305555555555556,0.6203703703703703
4248,0.16435185185185186,0.6118143459915611,0.25910126215913526,0.32286995515695066,0.8865740740740741,-1.433420365535248,2.0704960835509136,0.44907407407407407,0.6203703703703703
4249,0.1527777777777778,0.6118143459915611,0.24450065149076416,0.3153961136023916,0.8865740740740741,-1.3002610966057442,1.968668407310705,0.44907407407407407,0.6412037037037037
4250,0.14814814814814814,0.6118143459915611,0.23853588319967095,0.312406576980568,0.8865740740740741,-1.5509138381201044,2.1253263707571803,0.42824074074074076,0.6157407407407407
4251,0.1574074074074074,0.6118143459915611,0.2503936208034943,0.3183856502242152,0.8865740740740741,-1.5430809399477807,2.1383812010443863,0.42824074074074076,0.6134259259259259
4252,0.17592592592592593,0.6118143459915611,0.27327282646431583,0.3303437967115097,0.8865740740740741,-1.5509138381201044,2.0992167101827675,0.4351851851851852,0.6064814814814815
4253,0.16203703703703703,0.6118143459915611,0.2562160797677647,0.3213751868460389,0.8865740740740741,-1.412532637075718,2.0130548302872064,0.44907407407407407,0.6388888888888888
4254,0.1574074074074074,0.6118143459915611,0.2503936208034943,0.3183856502242152,0.8865740740740741,-1.4725848563968669,2.1305483028720626,0.41435185185185186,0.6087962962962963
4255,0.16898148148148148,0.6118143459915611,0.264820304974919,0.32585949177877427,0.8865740740740741,-1.422976501305483,1.9869451697127938,0.44675925925925924,0.6388888888888888
4256,0.16666666666666666,0.6118143459915611,0.26196928635953026,0.3243647234678625,0.8865740740740741,-1.4046997389033942,2.10443864229765,0.4375,0.6064814814814815
4257,0.18981481481481483,0.6118143459915611,0.2897385286448815,0.3393124065769806,0.8865740740740741,-1.4725848563968669,2.073107049608355,0.44907407407407407,0.6226851851851852
4258,0.14814814814814814,0.6118143459915611,0.23853588319967095,0.312406576980568,0.8865740740740741,-1.4464751958224542,2.0783289817232378,0.4444444444444444,0.6296296296296297
4259,0.1574074074074074,0.6118143459915611,0.2503936208034943,0.3183856502242152,0.8865740740740741,-1.5195822454308094,2.0574412532637076,0.46296296296296297,0.6273148148148148
4260,0.1597222222222222,0.6118143459915611,0.25331358474801563,0.31988041853512705,0.8865740740740741,-1.558746736292428,2.0913838120104438,0.4305555555555556,0.6157407407407407
4261,0.16666666666666666,0.6118143459915611,0.26196928635953026,0.3243647234678625,0.8865740740740741,-1.483028720626632,2.02088772845953,0.4375,0.6342592592592593
4262,0.17824074074074073,0.6118143459915611,0.27605731310808634,0.33183856502242154,0.8865740740740741,-1.4986945169712793,2.0469973890339426,0.44675925925925924,0.6087962962962963
4263,0.16898148148148148,0.6118143459915611,0.264820304974919,0.32585949177877427,0.8865740740740741,-1.514360313315927,2.1096605744125325,0.4236111111111111,0.6157407407407407
4264,0.1597222222222222,0.6118143459915611,0.25331358474801563,0.31988041853512705,0.8865740740740741,-1.5117493472584855,2.0757180156657964,0.4537037037037037,0.6180555555555556
4265,0.14351851851851852,0.6118143459915611,0.23249799570693358,0.3094170403587444,0.8865740740740741,-1.3550913838120104,2.049608355091384,0.4305555555555556,0.6388888888888888
4266,0.18055555555555555,0.6118143459915611,0.27882553065601656,0.3333333333333333,0.8865740740740741,-1.443864229765013,1.9921671018276763,0.4398148148148148,0.6458333333333334
4267,0.16666666666666666,0.6118143459915611,0.26196928635953026,0.3243647234678625,0.8865740740740741,-1.4621409921671018,2.0365535248041775,0.4351851851851852,0.6226851851851852
4268,0.1527777777777778,0.6118143459915611,0.24450065149076416,0.3153961136023916,0.8865740740740741,-1.4934725848563968,2.08355091383812,0.44675925925925924,0.6041666666666666
4269,0.16898148148148148,0.6118143459915611,0.264820304974919,0.32585949177877427,0.8865740740740741,-1.4960835509138382,2.033942558746736,0.42592592592592593,0.6226851851851852
4270,0.17592592592592593,0.6118143459915611,0.27327282646431583,0.3303437967115097,0.8865740740740741,-1.3368146214099217,2.010443864229765,0.4375,0.6319444444444444
4271,0.18287037037037038,0.6118143459915611,0.28157762127748487,0.33482810164424515,0.8865740740740741,-1.516971279373368,2.0704960835509136,0.44675925925925924,0.6412037037037037
4272,0.1574074074074074,0.6118143459915611,0.2503936208034943,0.3183856502242152,0.8865740740740741,-1.4099216710182767,2.10443864229765,0.42592592592592593,0.6342592592592593
4273,0.16898148148148148,0.6118143459915611,0.264820304974919,0.32585949177877427,0.8865740740740741,-1.433420365535248,2.0757180156657964,0.41435185185185186,0.6388888888888888
4274,0.16898148148148148,0.6118143459915611,0.264820304974919,0.32585949177877427,0.8865740740740741,-1.3629242819843341,1.9530026109660574,0.4537037037037037,0.6458333333333334
4275,0.16898148148148148,0.6118143459915611,0.264820304974919,0.32585949177877427,0.8865740740740741,-1.5900783289817233,2.164490861618799,0.4097222222222222,0.6157407407407407
4276,0.18981481481481483,0.6118143459915611,0.2897385286448815,0.3393124065769806,0.8865740740740741,-1.4673629242819843,2.0417754569190603,0.4236111111111111,0.6319444444444444
4277,0.1574074074074074,0.6118143459915611,0.2503936208034943,0.3183856502242152,0.8865740740740741,-1.4516971279373367,2.031331592689295,0.4375,0.6388888888888888
4278,0.16435185185185186,0.6118143459915611,0.25910126215913526,0.32286995515695066,0.8865740740740741,-1.3524804177545693,2.0052219321148823,0.43287037037037035,0.6296296296296297
4279,0.1574074074074074,0.6118143459915611,0.2503936208034943,0.3183856502242152,0.8865740740740741,-1.4986945169712793,2.052219321148825,0.4675925925925926,0.6180555555555556
4280,0.14351851851851852,0.6118143459915611,0.23249799570693358,0.3094170403587444,0.8865740740740741,-1.5117493472584855,2.0704960835509136,0.4236111111111111,0.625
4281,0.1527777777777778,0.6118143459915611,0.24450065149076416,0.3153961136023916,0.8865740740740741,-1.6214099216710183,2.133159268929504,0.44907407407407407,0.6180555555555556
4282,0.1875,0.6118143459915611,0.28703398218409765,0.33781763826606875,0.8865740740740741,-1.4882506527415145,2.0261096605744124,0.4444444444444444,0.6180555555555556
4283,0.14351851851851852,0.6118143459915611,0.23249799570693358,0.3094170403587444,0.8865740740740741,-1.3812010443864229,2.0757180156657964,0.44907407407407407,0.5972222222222222
4284,0.16898148148148148,0.6118143459915611,0.264820304974919,0.32585949177877427,0.8865740740740741,-1.3864229765013054,2.0548302872062663,0.4375,0.6296296296296297
4285,0.14583333333333334,0.6118143459915611,0.2355261631279731,0.3109118086696562,0.8865740740740741,-1.5117493472584855,2.174934725848564,0.41898148148148145,0.6087962962962963
4286,0.16435185185185186,0.6118143459915611,0.25910126215913526,0.32286995515695066,0.8865740740740741,-1.483028720626632,2.156657963446475,0.41435185185185186,0.5949074074074074
4287,0.16435185185185186,0.6118143459915611,0.25910126215913526,0.32286995515695066,0.8865740740740741,-1.5718015665796345,2.0678851174934727,0.4305555555555556,0.6203703703703703
4288,0.19444444444444445,0.6118143459915611,0.2951010321267626,0.3423019431988042,0.8865740740740741,-1.3994778067885119,2.0365535248041775,0.4537037037037037,0.6226851851851852
4289,0.1550925925925926,0.6118143459915611,0.24745602975076095,0.31689088191330345,0.8865740740740741,-1.4699738903394255,2.0913838120104438,0.4351851851851852,0.6365740740740741
4290,0.16435185185185186,0.6118143459915611,0.25910126215913526,0.32286995515695066,0.8865740740740741,-1.3002610966057442,1.989556135770235,0.44907407407407407,0.6458333333333334
4291,0.19212962962962962,0.6118143459915611,0.2924275005770796,0.34080717488789236,0.8865740740740741,-1.5013054830287207,2.0861618798955615,0.4583333333333333,0.6365740740740741
4292,0.19212962962962962,0.6118143459915611,0.2924275005770796,0.34080717488789236,0.8865740740740741,-1.4516971279373367,2.0417754569190603,0.43287037037037035,0.6388888888888888
4293,0.14583333333333334,0.6118143459915611,0.2355261631279731,0.3109118086696562,0.8865740740740741,-1.412532637075718,2.101827676240209,0.4212962962962963,0.6180555555555556
4294,0.1550925925925926,0.6118143459915611,0.24745602975076095,0.31689088191330345,0.8865740740740741,-1.4699738903394255,2.0704960835509136,0.41898148148148145,0.6342592592592593
4295,0.16898148148148148,0.6118143459915611,0.264820304974919,0.32585949177877427,0.8865740740740741,-1.4281984334203655,2.060052219321149,0.44675925925925924,0.6365740740740741
4296,0.18287037037037038,0.6118143459915611,0.28157762127748487,0.33482810164424515,0.8865740740740741,-1.4986945169712793,2.052219321148825,0.4513888888888889,0.6087962962962963
4297,0.1875,0.6118143459915611,0.28703398218409765,0.33781763826606875,0.8865740740740741,-1.4595300261096606,2.112271540469974,0.42824074074074076,0.5972222222222222
4298,0.1736111111111111,0.6118143459915611,0.2704719268793136,0.32884902840059793,0.8865740740740741,-1.4516971279373367,2.10443864229765,0.4444444444444444,0.6412037037037037
4299,0.14351851851851852,0.6118143459915611,0.23249799570693358,0.3094170403587444,0.8865740740740741,-1.5509138381201044,2.245430809399478,0.39814814814814814,0.6134259259259259
4300,0.16435185185185186,0.6118143459915611,0.25910126215913526,0.32286995515695066,0.8865740740740741,-1.4908616187989556,2.0704960835509136,0.4305555555555556,0.625
4301,0.17824074074074073,0.6118143459915611,0.27605731310808634,0.33183856502242154,0.8865740740740741,-1.3655352480417755,1.9138381201044385,0.48148148148148145,0.6597222222222222
4302,0.1574074074074074,0.6118143459915611,0.2503936208034943,0.3183856502242152,0.8865740740740741,-1.5039164490861618,2.0992167101827675,0.43287037037037035,0.6134259259259259
4303,0.1412037037037037,0.6118143459915611,0.22945121081235326,0.30792227204783257,0.8865740740740741,-1.3681462140992167,2.0417754569190603,0.4444444444444444,0.6226851851851852
4304,0.1527777777777778,0.6118143459915611,0.24450065149076416,0.3153961136023916,0.8865740740740741,-1.4673629242819843,2.1253263707571803,0.4375,0.6203703703703703
4305,0.16666666666666666,0.6118143459915611,0.26196928635953026,0.3243647234678625,0.8865740740740741,-1.3315926892950392,2.0052219321148823,0.46296296296296297,0.6412037037037037
4306,0.14583333333333334,0.6118143459915611,0.2355261631279731,0.3109118086696562,0.8865740740740741,-1.516971279373368,2.101827676240209,0.44212962962962965,0.6342592592592593
4307,0.1712962962962963,0.6118143459915611,0.26765446880690463,0.3273542600896861,0.8865740740740741,-1.5274151436031331,2.1070496083550916,0.4074074074074074,0.6180555555555556
4308,0.15046296296296297,0.6118143459915611,0.2415273239797553,0.31390134529147984,0.8865740740740741,-1.4621409921671018,2.0678851174934727,0.4583333333333333,0.6157407407407407
4309,0.18055555555555555,0.6118143459915611,0.27882553065601656,0.3333333333333333,0.8865740740740741,-1.5195822454308094,2.0469973890339426,0.4444444444444444,0.625
4310,0.18055555555555555,0.6118143459915611,0.27882553065601656,0.3333333333333333,0.8865740740740741,-1.441253263707572,2.10443864229765,0.4351851851851852,0.6041666666666666
4311,0.16435185185185186,0.6118143459915611,0.25910126215913526,0.32286995515695066,0.8865740740740741,-1.3759791122715406,2.0182767624020888,0.4675925925925926,0.6273148148148148
4312,0.16898148148148148,0.6118143459915611,0.264820304974919,0.32585949177877427,0.8865740740740741,-1.4960835509138382,2.0861618798955615,0.42592592592592593,0.6203703703703703
4313,0.16203703703703703,0.6118143459915611,0.2562160797677647,0.3213751868460389,0.8865740740740741,-1.443864229765013,2.1592689295039165,0.4351851851851852,0.6087962962962963
4314,0.1597222222222222,0.6118143459915611,0.25331358474801563,0.31988041853512705,0.8865740740740741,-1.5953002610966058,2.122715404699739,0.42824074074074076,0.6087962962962963
4315,0.16898148148148148,0.6118143459915611,0.264820304974919,0.32585949177877427,0.8865740740740741,-1.4934725848563968,2.0365535248041775,0.4375,0.6111111111111112
4316,0.14351851851851852,0.6118143459915611,0.23249799570693358,0.3094170403587444,0.8865740740740741,-1.5456919060052219,2.1827676240208875,0.4027777777777778,0.6087962962962963
4317,0.19212962962962962,0.6118143459915611,0.2924275005770796,0.34080717488789236,0.8865740740740741,-1.4203655352480418,1.91644908616188,0.4513888888888889,0.6435185185185185
4318,0.16435185185185186,0.6118143459915611,0.25910126215913526,0.32286995515695066,0.8865740740740741,-1.433420365535248,2.1697127937336815,0.41898148148148145,0.6064814814814815
4319,0.18055555555555555,0.6118143459915611,0.27882553065601656,0.3333333333333333,0.8865740740740741,-1.441253263707572,1.926892950391645,0.4791666666666667,0.6620370370370371
4320,0.17592592592592593,0.6118143459915611,0.27327282646431583,0.3303437967115097,0.8865740740740741,-1.514360313315927,2.0783289817232378,0.4097222222222222,0.6203703703703703
4321,0.2037037037037037,0.6118143459915611,0.30564338411420905,0.3482810164424514,0.8865740740740741,-1.4360313315926894,1.9634464751958225,0.4513888888888889,0.6319444444444444
4322,0.1574074074074074,0.6118143459915611,0.2503936208034943,0.3183856502242152,0.8865740740740741,-1.6475195822454307,2.133159268929504,0.44907407407407407,0.6180555555555556
4323,0.1597222222222222,0.6118143459915611,0.25331358474801563,0.31988041853512705,0.8865740740740741,-1.5065274151436032,2.039164490861619,0.42824074074074076,0.6296296296296297
4324,0.1550925925925926,0.6118143459915611,0.24745602975076095,0.31689088191330345,0.8865740740740741,-1.4804177545691906,2.033942558746736,0.4398148148148148,0.6226851851851852
4325,0.14351851851851852,0.6118143459915611,0.23249799570693358,0.3094170403587444,0.8865740740740741,-1.4882506527415145,2.16710182767624,0.4166666666666667,0.6111111111111112
4326,0.1574074074074074,0.6118143459915611,0.2503936208034943,0.3183856502242152,0.8865740740740741,-1.4046997389033942,2.0992167101827675,0.43287037037037035,0.6296296296296297
4327,0.15046296296296297,0.6118143459915611,0.2415273239797553,0.31390134529147984,0.8865740740740741,-1.524804177545692,2.151436031331593,0.3958333333333333,0.6018518518518519
4328,0.13657407407407407,0.6118143459915611,0.22330109758166605,0.30493273542600896,0.8865740740740741,-1.5509138381201044,2.1096605744125325,0.43287037037037035,0.6342592592592593
4329,0.1412037037037037,0.6118143459915611,0.22945121081235326,0.30792227204783257,0.8865740740740741,-1.3263707571801566,2.0417754569190603,0.44907407407407407,0.6388888888888888
4330,0.1527777777777778,0.6118143459915611,0.24450065149076416,0.3153961136023916,0.8865740740740741,-1.4934725848563968,2.0783289817232378,0.41435185185185186,0.6180555555555556
4331,0.18287037037037038,0.6118143459915611,0.28157762127748487,0.33482810164424515,0.8865740740740741,-1.360313315926893,1.9033942558746737,0.4675925925925926,0.6597222222222222
4332,0.125,0.6118143459915611,0.20758768790264853,0.2974588938714499,0.8865740740740741,-1.3994778067885119,2.135770234986945,0.4097222222222222,0.6111111111111112
4333,0.1388888888888889,0.6118143459915611,0.22638563622170177,0.3064275037369208,0.8865740740740741,-1.516971279373368,2.117493472584856,0.44675925925925924,0.6134259259259259
4334,0.17592592592592593,0.6118143459915611,0.27327282646431583,0.3303437967115097,0.8865740740740741,-1.5221932114882506,2.049608355091384,0.43287037037037035,0.6180555555555556
4335,0.1527777777777778,0.6118143459915611,0.24450065149076416,0.3153961136023916,0.8865740740740741,-1.6161879895561357,2.1906005221932117,0.4212962962962963,0.5995370370370371
4336,0.1712962962962963,0.6118143459915611,0.26765446880690463,0.3273542600896861,0.8865740740740741,-1.3263707571801566,1.926892950391645,0.46296296296296297,0.6504629629629629
4337,0.18287037037037038,0.6118143459915611,0.28157762127748487,0.33482810164424515,0.8865740740740741,-1.5900783289817233,2.0757180156657964,0.4398148148148148,0.6273148148148148
4338,0.16666666666666666,0.6118143459915611,0.26196928635953026,0.3243647234678625,0.8865740740740741,-1.412532637075718,2.0966057441253265,0.4398148148148148,0.6111111111111112
4339,0.14814814814814814,0.6118143459915611,0.23853588319967095,0.312406576980568,0.8865740740740741,-1.328981723237598,2.0548302872062663,0.42592592592592593,0.6064814814814815
4340,0.15046296296296297,0.6118143459915611,0.2415273239797553,0.31390134529147984,0.8865740740740741,-1.5691906005221932,2.2010443864229763,0.3819444444444444,0.5995370370370371
4341,0.1597222222222222,0.6118143459915611,0.25331358474801563,0.31988041853512705,0.8865740740740741,-1.5483028720626633,2.133159268929504,0.4166666666666667,0.6296296296296297
4342,0.14814814814814814,0.6118143459915611,0.23853588319967095,0.312406576980568,0.8865740740740741,-1.5065274151436032,2.0757180156657964,0.4537037037037037,0.6458333333333334
4343,0.1712962962962963,0.6118143459915611,0.26765446880690463,0.3273542600896861,0.8865740740740741,-1.4255874673629243,2.010443864229765,0.44212962962962965,0.6226851851851852
4344,0.14814814814814814,0.6118143459915611,0.23853588319967095,0.312406576980568,0.8865740740740741,-1.4673629242819843,2.0574412532637076,0.4236111111111111,0.6296296296296297
4345,0.16666666666666666,0.6118143459915611,0.26196928635953026,0.3243647234678625,0.8865740740740741,-1.441253263707572,2.010443864229765,0.4351851851851852,0.6273148148148148
4346,0.1574074074074074,0.6118143459915611,0.2503936208034943,0.3183856502242152,0.8865740740740741,-1.4177545691906006,2.044386422976501,0.42592592592592593,0.6157407407407407
4347,0.1875,0.6118143459915611,0.28703398218409765,0.33781763826606875,0.8865740740740741,-1.4699738903394255,2.060052219321149,0.4675925925925926,0.6319444444444444
4348,0.1574074074074074,0.6118143459915611,0.2503936208034943,0.3183856502242152,0.8865740740740741,-1.5195822454308094,2.135770234986945,0.4097222222222222,0.6203703703703703
4349,0.13657407407407407,0.6118143459915611,0.22330109758166605,0.30493273542600896,0.8865740740740741,-1.3472584856396868,2.16710182767624,0.4166666666666667,0.6087962962962963
4350,0.1875,0.6118143459915611,0.28703398218409765,0.33781763826606875,0.8865740740740741,-1.4281984334203655,2.028720626631854,0.4583333333333333,0.6388888888888888
4351,0.15046296296296297,0.6118143459915611,0.2415273239797553,0.31390134529147984,0.8865740740740741,-1.3550913838120104,2.0704960835509136,0.4305555555555556,0.6458333333333334
4352,0.1712962962962963,0.6118143459915611,0.26765446880690463,0.3273542600896861,0.8865740740740741,-1.4595300261096606,2.0809399477806787,0.4375,0.6203703703703703
4353,0.14583333333333334,0.6118143459915611,0.2355261631279731,0.3109118086696562,0.8865740740740741,-1.4673629242819843,2.1253263707571803,0.41898148148148145,0.6180555555555556
4354,0.19444444444444445,0.6118143459915611,0.2951010321267626,0.3423019431988042,0.8865740740740741,-1.3524804177545693,1.9791122715404699,0.4444444444444444,0.6180555555555556
4355,0.1736111111111111,0.6118143459915611,0.2704719268793136,0.32884902840059793,0.8865740740740741,-1.4490861618798956,2.0182767624020888,0.4699074074074074,0.6388888888888888
4356,0.17824074074074073,0.6118143459915611,0.27605731310808634,0.33183856502242154,0.8865740740740741,-1.483028720626632,2.0417754569190603,0.4583333333333333,0.625
4357,0.17592592592592593,0.6118143459915611,0.27327282646431583,0.3303437967115097,0.8865740740740741,-1.4725848563968669,1.9216710182767625,0.4675925925925926,0.6365740740740741
4358,0.17824074074074073,0.6118143459915611,0.27605731310808634,0.33183856502242154,0.8865740740740741,-1.5013054830287207,2.033942558746736,0.45601851851851855,0.6226851851851852
4359,0.1550925925925926,0.6118143459915611,0.24745602975076095,0.31689088191330345,0.8865740740740741,-1.4569190600522193,2.031331592689295,0.4444444444444444,0.6342592592592593
4360,0.16203703703703703,0.6118143459915611,0.2562160797677647,0.3213751868460389,0.8865740740740741,-1.4386422976501305,2.0913838120104438,0.45601851851851855,0.6342592592592593
4361,0.1712962962962963,0.6118143459915611,0.26765446880690463,0.3273542600896861,0.8865740740740741,-1.4725848563968669,2.1148825065274153,0.4166666666666667,0.6018518518518519
4362,0.1574074074074074,0.6118143459915611,0.2503936208034943,0.3183856502242152,0.8865740740740741,-1.5691906005221932,2.039164490861619,0.4513888888888889,0.6273148148148148
4363,0.14814814814814814,0.6118143459915611,0.23853588319967095,0.312406576980568,0.8865740740740741,-1.558746736292428,2.101827676240209,0.41898148148148145,0.6226851851851852
4364,0.14814814814814814,0.6118143459915611,0.23853588319967095,0.312406576980568,0.8865740740740741,-1.475195822454308,2.0704960835509136,0.4236111111111111,0.6226851851851852
4365,0.1527777777777778,0.6118143459915611,0.24450065149076416,0.3153961136023916,0.8865740740740741,-1.4543080939947781,2.0809399477806787,0.41898148148148145,0.6111111111111112
4366,0.19444444444444445,0.6118143459915611,0.2951010321267626,0.3423019431988042,0.8865740740740741,-1.4908616187989556,1.9503916449086163,0.4652777777777778,0.6458333333333334
4367,0.1550925925925926,0.6118143459915611,0.24745602975076095,0.31689088191330345,0.8865740740740741,-1.441253263707572,2.0574412532637076,0.4583333333333333,0.6134259259259259
4368,0.18287037037037038,0.6118143459915611,0.28157762127748487,0.33482810164424515,0.8865740740740741,-1.3342036553524803,1.9817232375979112,0.43287037037037035,0.6273148148148148
4369,0.13194444444444445,0.6118143459915611,0.21707441988732618,0.30194319880418535,0.8865740740740741,-1.4725848563968669,2.1148825065274153,0.4236111111111111,0.6203703703703703
4370,0.14583333333333334,0.6118143459915611,0.2355261631279731,0.3109118086696562,0.8865740740740741,-1.2976501305483028,2.0130548302872064,0.4791666666666667,0.6319444444444444
4371,0.1550925925925926,0.6118143459915611,0.24745602975076095,0.31689088191330345,0.8865740740740741,-1.5926892950391645,2.16710182767624,0.41435185185185186,0.6087962962962963
4372,0.1574074074074074,0.6118143459915611,0.2503936208034943,0.3183856502242152,0.8865740740740741,-1.4177545691906006,2.117493472584856,0.4305555555555556,0.6064814814814815
4373,0.16435185185185186,0.6118143459915611,0.25910126215913526,0.32286995515695066,0.8865740740740741,-1.3864229765013054,2.1070496083550916,0.4166666666666667,0.6203703703703703
4374,0.16666666666666666,0.6118143459915611,0.26196928635953026,0.3243647234678625,0.8865740740740741,-1.6057441253263707,2.195822454308094,0.4027777777777778,0.6111111111111112
4375,0.13657407407407407,0.6118143459915611,0.22330109758166605,0.30493273542600896,0.8865740740740741,-1.3838120104438643,2.0678851174934727,0.4375,0.6435185185185185
4376,0.14351851851851852,0.6118143459915611,0.23249799570693358,0.3094170403587444,0.8865740740740741,-1.5744125326370757,2.1488250652741514,0.4236111111111111,0.5972222222222222
4377,0.13425925925925927,0.6118143459915611,0.2201974183750949,0.3034379671150972,0.8865740740740741,-1.558746736292428,2.0809399477806787,0.4513888888888889,0.6134259259259259
4378,0.16203703703703703,0.6118143459915611,0.2562160797677647,0.3213751868460389,0.8865740740740741,-1.5352480417754568,2.14621409921671,0.4212962962962963,0.6157407407407407
4379,0.1597222222222222,0.6118143459915611,0.25331358474801563,0.31988041853512705,0.8865740740740741,-1.4490861618798956,2.112271540469974,0.4027777777777778,0.6157407407407407
4380,0.1712962962962963,0.6118143459915611,0.26765446880690463,0.3273542600896861,0.8865740740740741,-1.5117493472584855,2.033942558746736,0.4305555555555556,0.625
4381,0.18518518518518517,0.6118143459915611,0.284313725490196,0.336322869955157,0.8865740740740741,-1.3054830287206267,1.9791122715404699,0.46296296296296297,0.6273148148148148
4382,0.16898148148148148,0.6118143459915611,0.264820304974919,0.32585949177877427,0.8865740740740741,-1.433420365535248,1.9869451697127938,0.45601851851851855,0.6319444444444444
4383,0.18287037037037038,0.6118143459915611,0.28157762127748487,0.33482810164424515,0.8865740740740741,-1.3785900783289817,2.010443864229765,0.44675925925925924,0.6481481481481481
4384,0.1736111111111111,0.6118143459915611,0.2704719268793136,0.32884902840059793,0.8865740740740741,-1.3942558746736293,1.9738903394255876,0.4351851851851852,0.6574074074074074
4385,0.18287037037037038,0.6118143459915611,0.28157762127748487,0.33482810164424515,0.8865740740740741,-1.5848563968668408,1.9556135770234986,0.4675925925925926,0.6458333333333334
4386,0.14351851851851852,0.6118143459915611,0.23249799570693358,0.3094170403587444,0.8865740740740741,-1.4516971279373367,2.172323759791123,0.4097222222222222,0.6041666666666666
4387,0.16435185185185186,0.6118143459915611,0.25910126215913526,0.32286995515695066,0.8865740740740741,-1.4725848563968669,2.1253263707571803,0.4375,0.6319444444444444
4388,0.16435185185185186,0.6118143459915611,0.25910126215913526,0.32286995515695066,0.8865740740740741,-1.4464751958224542,1.9425587467362924,0.45601851851851855,0.6712962962962963
4389,0.16203703703703703,0.6118143459915611,0.2562160797677647,0.3213751868460389,0.8865740740740741,-1.5509138381201044,2.06266318537859,0.44907407407407407,0.625
4390,0.1597222222222222,0.6118143459915611,0.25331358474801563,0.31988041853512705,0.8865740740740741,-1.370757180156658,2.0078328981723237,0.4398148148148148,0.6365740740740741
4391,0.18518518518518517,0.6118143459915611,0.284313725490196,0.336322869955157,0.8865740740740741,-1.4778067885117494,2.0365535248041775,0.4675925925925926,0.625
4392,0.1574074074074074,0.6118143459915611,0.2503936208034943,0.3183856502242152,0.8865740740740741,-1.5091383812010444,2.06266318537859,0.4398148148148148,0.6134259259259259
4393,0.16435185185185186,0.6118143459915611,0.25910126215913526,0.32286995515695066,0.8865740740740741,-1.6161879895561357,2.0548302872062663,0.4444444444444444,0.6203703703703703
4394,0.16203703703703703,0.6118143459915611,0.2562160797677647,0.3213751868460389,0.8865740740740741,-1.5221932114882506,2.0704960835509136,0.4375,0.6134259259259259
4395,0.1597222222222222,0.6118143459915611,0.25331358474801563,0.31988041853512705,0.8865740740740741,-1.422976501305483,2.023498694516971,0.4444444444444444,0.6157407407407407
4396,0.18055555555555555,0.6118143459915611,0.27882553065601656,0.3333333333333333,0.8865740740740741,-1.3812010443864229,2.060052219321149,0.4583333333333333,0.6296296296296297
4397,0.16435185185185186,0.6118143459915611,0.25910126215913526,0.32286995515695066,0.8865740740740741,-1.524804177545692,2.0469973890339426,0.4236111111111111,0.6296296296296297
4398,0.17592592592592593,0.6118143459915611,0.27327282646431583,0.3303437967115097,0.8865740740740741,-1.4778067885117494,2.135770234986945,0.43287037037037035,0.6203703703703703
4399,0.1574074074074074,0.6118143459915611,0.2503936208034943,0.3183856502242152,0.8865740740740741,-1.5221932114882506,2.0913838120104438,0.42824074074074076,0.6273148148148148
4400,0.19675925925925927,0.6118143459915611,0.29775925590384733,0.34379671150971597,0.8865740740740741,-1.349869451697128,2.060052219321149,0.42824074074074076,0.6018518518518519
4401,0.1550925925925926,0.6118143459915611,0.24745602975076095,0.31689088191330345,0.8865740740740741,-1.4595300261096606,2.112271540469974,0.43287037037037035,0.5902777777777778
4402,0.1875,0.6118143459915611,0.28703398218409765,0.33781763826606875,0.8865740740740741,-1.4986945169712793,2.010443864229765,0.4675925925925926,0.6180555555555556
4403,0.1736111111111111,0.6118143459915611,0.2704719268793136,0.32884902840059793,0.8865740740740741,-1.443864229765013,2.0130548302872064,0.4351851851851852,0.6296296296296297
4404,0.18055555555555555,0.6118143459915611,0.27882553065601656,0.3333333333333333,0.8865740740740741,-1.360313315926893,2.028720626631854,0.42592592592592593,0.6342592592592593
4405,0.13194444444444445,0.6118143459915611,0.21707441988732618,0.30194319880418535,0.8865740740740741,-1.4255874673629243,2.0574412532637076,0.44907407407407407,0.6296296296296297
4406,0.1597222222222222,0.6118143459915611,0.25331358474801563,0.31988041853512705,0.8865740740740741,-1.4516971279373367,2.0574412532637076,0.42824074074074076,0.6226851851851852
4407,0.16898148148148148,0.6118143459915611,0.264820304974919,0.32585949177877427,0.8865740740740741,-1.4386422976501305,2.1592689295039165,0.4351851851851852,0.6018518518518519
4408,0.16898148148148148,0.6118143459915611,0.264820304974919,0.32585949177877427,0.8865740740740741,-1.4046997389033942,2.08355091383812,0.4375,0.625
4409,0.1527777777777778,0.6118143459915611,0.24450065149076416,0.3153961136023916,0.8865740740740741,-1.5117493472584855,2.185378590078329,0.4166666666666667,0.6018518518518519
4410,0.14351851851851852,0.6118143459915611,0.23249799570693358,0.3094170403587444,0.8865740740740741,-1.4046997389033942,2.2036553524804177,0.4097222222222222,0.6064814814814815
4411,0.16203703703703703,0.6118143459915611,0.2562160797677647,0.3213751868460389,0.8865740740740741,-1.6240208877284594,2.1305483028720626,0.4398148148148148,0.6157407407407407
4412,0.15046296296296297,0.6118143459915611,0.2415273239797553,0.31390134529147984,0.8865740740740741,-1.5065274151436032,2.0861618798955615,0.4375,0.6296296296296297
4413,0.15046296296296297,0.6118143459915611,0.2415273239797553,0.31390134529147984,0.8865740740740741,-1.4725848563968669,2.088772845953003,0.4305555555555556,0.6180555555555556
4414,0.16898148148148148,0.6118143459915611,0.264820304974919,0.32585949177877427,0.8865740740740741,-1.3263707571801566,2.010443864229765,0.4351851851851852,0.6458333333333334
4415,0.18287037037037038,0.6118143459915611,0.28157762127748487,0.33482810164424515,0.8865740740740741,-1.3890339425587468,2.0261096605744124,0.46296296296296297,0.6412037037037037
4416,0.1527777777777778,0.6118143459915611,0.24450065149076416,0.3153961136023916,0.8865740740740741,-1.5039164490861618,2.0992167101827675,0.4166666666666667,0.6296296296296297
4417,0.17592592592592593,0.6118143459915611,0.27327282646431583,0.3303437967115097,0.8865740740740741,-1.4360313315926894,2.1253263707571803,0.44675925925925924,0.6157407407407407
4418,0.17824074074074073,0.6118143459915611,0.27605731310808634,0.33183856502242154,0.8865740740740741,-1.443864229765013,2.044386422976501,0.42824074074074076,0.6226851851851852
4419,0.1550925925925926,0.6118143459915611,0.24745602975076095,0.31689088191330345,0.8865740740740741,-1.3446475195822454,2.101827676240209,0.4537037037037037,0.6134259259259259
4420,0.16666666666666666,0.6118143459915611,0.26196928635953026,0.3243647234678625,0.8865740740740741,-1.4804177545691906,2.0182767624020888,0.44212962962962965,0.6412037037037037
4421,0.1574074074074074,0.6118143459915611,0.2503936208034943,0.3183856502242152,0.8865740740740741,-1.441253263707572,2.1201044386422976,0.42824074074074076,0.6087962962962963
4422,0.16666666666666666,0.6118143459915611,0.26196928635953026,0.3243647234678625,0.8865740740740741,-1.3864229765013054,1.9921671018276763,0.4351851851851852,0.6342592592592593
4423,0.1875,0.6118143459915611,0.28703398218409765,0.33781763826606875,0.8865740740740741,-1.3968668407310705,2.1070496083550916,0.42824074074074076,0.6226851851851852
4424,0.14583333333333334,0.6118143459915611,0.2355261631279731,0.3109118086696562,0.8865740740740741,-1.5013054830287207,2.2010443864229763,0.4236111111111111,0.6157407407407407
4425,0.16435185185185186,0.6118143459915611,0.25910126215913526,0.32286995515695066,0.8865740740740741,-1.3968668407310705,2.0130548302872064,0.44675925925925924,0.6481481481481481
4426,0.17824074074074073,0.6118143459915611,0.27605731310808634,0.33183856502242154,0.8865740740740741,-1.4073107049608355,1.9451697127937337,0.4583333333333333,0.6435185185185185
4427,0.14814814814814814,0.6118143459915611,0.23853588319967095,0.312406576980568,0.8865740740740741,-1.3394255874673628,2.0861618798955615,0.4236111111111111,0.6134259259259259
4428,0.17592592592592593,0.6118143459915611,0.27327282646431583,0.3303437967115097,0.8865740740740741,-1.4046997389033942,1.9843342036553524,0.4583333333333333,0.6365740740740741
4429,0.1736111111111111,0.6118143459915611,0.2704719268793136,0.32884902840059793,0.8865740740740741,-1.524804177545692,2.093994778067885,0.44212962962962965,0.6319444444444444
4430,0.17824074074074073,0.6118143459915611,0.27605731310808634,0.33183856502242154,0.8865740740740741,-1.483028720626632,2.02088772845953,0.44907407407407407,0.6273148148148148
4431,0.17592592592592593,0.6118143459915611,0.27327282646431583,0.3303437967115097,0.8865740740740741,-1.3394255874673628,2.039164490861619,0.4351851851851852,0.6412037037037037
4432,0.1388888888888889,0.6118143459915611,0.22638563622170177,0.3064275037369208,0.8865740740740741,-1.4934725848563968,2.2193211488250655,0.4398148148148148,0.6018518518518519
4433,0.16435185185185186,0.6118143459915611,0.25910126215913526,0.32286995515695066,0.8865740740740741,-1.4569190600522193,2.0365535248041775,0.4537037037037037,0.6342592592592593
4434,0.1412037037037037,0.6118143459915611,0.22945121081235326,0.30792227204783257,0.8865740740740741,-1.4778067885117494,2.1201044386422976,0.41898148148148145,0.6041666666666666
4435,0.18287037037037038,0.6118143459915611,0.28157762127748487,0.33482810164424515,0.8865740740740741,-1.5796344647519582,2.044386422976501,0.44675925925925924,0.6157407407407407
4436,0.14351851851851852,0.6118143459915611,0.23249799570693358,0.3094170403587444,0.8865740740740741,-1.4621409921671018,2.14621409921671,0.4166666666666667,0.6273148148148148
4437,0.1712962962962963,0.6118143459915611,0.26765446880690463,0.3273542600896861,0.8865740740740741,-1.4151436031331592,2.08355091383812,0.42592592592592593,0.6180555555555556
4438,0.14351851851851852,0.6118143459915611,0.23249799570693358,0.3094170403587444,0.8865740740740741,-1.5195822454308094,2.161879895561358,0.43287037037037035,0.6087962962962963
4439,0.18981481481481483,0.6118143459915611,0.2897385286448815,0.3393124065769806,0.8865740740740741,-1.5691906005221932,2.0652741514360313,0.44675925925925924,0.6157407407407407
4440,0.1574074074074074,0.6118143459915611,0.2503936208034943,0.3183856502242152,0.8865740740740741,-1.6657963446475197,2.1932114882506526,0.4166666666666667,0.6018518518518519
4441,0.1597222222222222,0.6118143459915611,0.25331358474801563,0.31988041853512705,0.8865740740740741,-1.587467362924282,2.093994778067885,0.4097222222222222,0.6203703703703703
4442,0.1736111111111111,0.6118143459915611,0.2704719268793136,0.32884902840059793,0.8865740740740741,-1.3968668407310705,1.9921671018276763,0.43287037037037035,0.6412037037037037
4443,0.16435185185185186,0.6118143459915611,0.25910126215913526,0.32286995515695066,0.8865740740740741,-1.4308093994778068,2.1096605744125325,0.4375,0.6111111111111112
4444,0.16666666666666666,0.6118143459915611,0.26196928635953026,0.3243647234678625,0.8865740740740741,-1.441253263707572,2.1253263707571803,0.4166666666666667,0.6064814814814815
4445,0.18287037037037038,0.6118143459915611,0.28157762127748487,0.33482810164424515,0.8865740740740741,-1.4177545691906006,2.049608355091384,0.4583333333333333,0.6296296296296297
4446,0.15046296296296297,0.6118143459915611,0.2415273239797553,0.31390134529147984,0.8865740740740741,-1.4882506527415145,2.088772845953003,0.4050925925925926,0.6342592592592593
4447,0.15046296296296297,0.6118143459915611,0.2415273239797553,0.31390134529147984,0.8865740740740741,-1.3655352480417755,2.1906005221932117,0.41203703703703703,0.6111111111111112
4448,0.1712962962962963,0.6118143459915611,0.26765446880690463,0.3273542600896861,0.8865740740740741,-1.441253263707572,2.031331592689295,0.44212962962962965,0.6319444444444444
4449,0.1712962962962963,0.6118143459915611,0.26765446880690463,0.3273542600896861,0.8865740740740741,-1.3942558746736293,2.06266318537859,0.4305555555555556,0.625
4450,0.1875,0.6118143459915611,0.28703398218409765,0.33781763826606875,0.8865740740740741,-1.441253263707572,1.9738903394255876,0.4537037037037037,0.6388888888888888
4451,0.1574074074074074,0.6118143459915611,0.2503936208034943,0.3183856502242152,0.8865740740740741,-1.5117493472584855,2.049608355091384,0.44675925925925924,0.6296296296296297
4452,0.16666666666666666,0.6118143459915611,0.26196928635953026,0.3243647234678625,0.8865740740740741,-1.4804177545691906,2.0757180156657964,0.4398148148148148,0.6157407407407407
4453,0.15046296296296297,0.6118143459915611,0.2415273239797553,0.31390134529147984,0.8865740740740741,-1.4960835509138382,2.1488250652741514,0.43287037037037035,0.6041666666666666
4454,0.17592592592592593,0.6118143459915611,0.27327282646431583,0.3303437967115097,0.8865740740740741,-1.3864229765013054,2.174934725848564,0.4236111111111111,0.6018518518518519
4455,0.18518518518518517,0.6118143459915611,0.284313725490196,0.336322869955157,0.8865740740740741,-1.3577023498694516,1.989556135770235,0.4537037037037037,0.6412037037037037
4456,0.1550925925925926,0.6118143459915611,0.24745602975076095,0.31689088191330345,0.8865740740740741,-1.4046997389033942,2.052219321148825,0.4375,0.6365740740740741
4457,0.16898148148148148,0.6118143459915611,0.264820304974919,0.32585949177877427,0.8865740740740741,-1.4595300261096606,2.0966057441253265,0.4351851851851852,0.6018518518518519
4458,0.13194444444444445,0.6118143459915611,0.21707441988732618,0.30194319880418535,0.8865740740740741,-1.4046997389033942,2.1148825065274153,0.4050925925925926,0.625
4459,0.18518518518518517,0.6118143459915611,0.284313725490196,0.336322869955157,0.8865740740740741,-1.5065274151436032,1.9660574412532636,0.45601851851851855,0.6134259259259259
4460,0.1550925925925926,0.6118143459915611,0.24745602975076095,0.31689088191330345,0.8865740740740741,-1.4804177545691906,2.122715404699739,0.41203703703703703,0.5995370370370371
4461,0.16898148148148148,0.6118143459915611,0.264820304974919,0.32585949177877427,0.8865740740740741,-1.4699738903394255,2.049608355091384,0.4351851851851852,0.625
4462,0.14583333333333334,0.6118143459915611,0.2355261631279731,0.3109118086696562,0.8865740740740741,-1.5091383812010444,2.1201044386422976,0.4351851851851852,0.6134259259259259
4463,0.16898148148148148,0.6118143459915611,0.264820304974919,0.32585949177877427,0.8865740740740741,-1.4882506527415145,2.1253263707571803,0.43287037037037035,0.6134259259259259
4464,0.18518518518518517,0.6118143459915611,0.284313725490196,0.336322869955157,0.8865740740740741,-1.4569190600522193,2.0783289817232378,0.41898148148148145,0.6157407407407407
4465,0.1597222222222222,0.6118143459915611,0.25331358474801563,0.31988041853512705,0.8865740740740741,-1.3342036553524803,2.0809399477806787,0.4305555555555556,0.6134259259259259
4466,0.16203703703703703,0.6118143459915611,0.2562160797677647,0.3213751868460389,0.8865740740740741,-1.4960835509138382,2.0026109660574414,0.45601851851851855,0.6296296296296297
4467,0.18055555555555555,0.6118143459915611,0.27882553065601656,0.3333333333333333,0.8865740740740741,-1.4177545691906006,1.9817232375979112,0.4513888888888889,0.6435185185185185
4468,0.1597222222222222,0.6118143459915611,0.25331358474801563,0.31988041853512705,0.8865740740740741,-1.433420365535248,2.112271540469974,0.42592592592592593,0.6180555555555556
4469,0.16435185185185186,0.6118143459915611,0.25910126215913526,0.32286995515695066,0.8865740740740741,-1.4255874673629243,2.088772845953003,0.4351851851851852,0.6226851851851852
4470,0.1597222222222222,0.6118143459915611,0.25331358474801563,0.31988041853512705,0.8865740740740741,-1.3577023498694516,1.9843342036553524,0.4583333333333333,0.6412037037037037
4471,0.18055555555555555,0.6118143459915611,0.27882553065601656,0.3333333333333333,0.8865740740740741,-1.3080939947780679,1.9608355091383811,0.44675925925925924,0.6458333333333334
4472,0.1712962962962963,0.6118143459915611,0.26765446880690463,0.3273542600896861,0.8865740740740741,-1.5456919060052219,2.06266318537859,0.44907407407407407,0.6273148148148148
4473,0.16666666666666666,0.6118143459915611,0.26196928635953026,0.3243647234678625,0.8865740740740741,-1.5352480417754568,2.073107049608355,0.42824074074074076,0.625
4474,0.16203703703703703,0.6118143459915611,0.2562160797677647,0.3213751868460389,0.8865740740740741,-1.3629242819843341,2.0783289817232378,0.4351851851851852,0.6319444444444444
4475,0.1597222222222222,0.6118143459915611,0.25331358474801563,0.31988041853512705,0.8865740740740741,-1.4516971279373367,2.0678851174934727,0.4074074074074074,0.6134259259259259
4476,0.15046296296296297,0.6118143459915611,0.2415273239797553,0.31390134529147984,0.8865740740740741,-1.5195822454308094,2.1201044386422976,0.4351851851851852,0.6157407407407407
4477,0.16203703703703703,0.6118143459915611,0.2562160797677647,0.3213751868460389,0.8865740740740741,-1.4255874673629243,2.0156657963446474,0.44212962962962965,0.6319444444444444
4478,0.16898148148148148,0.6118143459915611,0.264820304974919,0.32585949177877427,0.8865740740740741,-1.4960835509138382,2.0548302872062663,0.44675925925925924,0.6342592592592593
4479,0.16898148148148148,0.6118143459915611,0.264820304974919,0.32585949177877427,0.8865740740740741,-1.3890339425587468,2.031331592689295,0.44212962962962965,0.6157407407407407
4480,0.17592592592592593,0.6118143459915611,0.27327282646431583,0.3303437967115097,0.8865740740740741,-1.5430809399477807,2.0078328981723237,0.46296296296296297,0.625
4481,0.17592592592592593,0.6118143459915611,0.27327282646431583,0.3303437967115097,0.8865740740740741,-1.4621409921671018,2.0156657963446474,0.44907407407407407,0.6296296296296297
4482,0.18518518518518517,0.6118143459915611,0.284313725490196,0.336322869955157,0.8865740740740741,-1.5509138381201044,2.1305483028720626,0.4236111111111111,0.6273148148148148
4483,0.16203703703703703,0.6118143459915611,0.2562160797677647,0.3213751868460389,0.8865740740740741,-1.3759791122715406,1.9869451697127938,0.46064814814814814,0.6481481481481481
4484,0.1412037037037037,0.6118143459915611,0.22945121081235326,0.30792227204783257,0.8865740740740741,-1.5639686684073106,2.185378590078329,0.4236111111111111,0.6018518518518519
4485,0.1736111111111111,0.6118143459915611,0.2704719268793136,0.32884902840059793,0.8865740740740741,-1.516971279373368,2.101827676240209,0.44212962962962965,0.6041666666666666
4486,0.1736111111111111,0.6118143459915611,0.2704719268793136,0.32884902840059793,0.8865740740740741,-1.422976501305483,1.919060052219321,0.46064814814814814,0.6574074074074074
4487,0.1597222222222222,0.6118143459915611,0.25331358474801563,0.31988041853512705,0.8865740740740741,-1.524804177545692,2.0469973890339426,0.4513888888888889,0.6111111111111112
4488,0.1388888888888889,0.6118143459915611,0.22638563622170177,0.3064275037369208,0.8865740740740741,-1.5639686684073106,2.060052219321149,0.44212962962962965,0.6273148148148148
4489,0.1574074074074074,0.6118143459915611,0.2503936208034943,0.3183856502242152,0.8865740740740741,-1.5639686684073106,2.0861618798955615,0.4166666666666667,0.6180555555555556
4490,0.16666666666666666,0.6118143459915611,0.26196928635953026,0.3243647234678625,0.8865740740740741,-1.4569190600522193,2.031331592689295,0.4722222222222222,0.6180555555555556
4491,0.1712962962962963,0.6118143459915611,0.26765446880690463,0.3273542600896861,0.8865740740740741,-1.3890339425587468,2.0156657963446474,0.45601851851851855,0.6319444444444444
4492,0.1527777777777778,0.6118143459915611,0.24450065149076416,0.3153961136023916,0.8865740740740741,-1.3994778067885119,2.06266318537859,0.45601851851851855,0.6388888888888888
4493,0.1712962962962963,0.6118143459915611,0.26765446880690463,0.3273542600896861,0.8865740740740741,-1.475195822454308,2.101827676240209,0.42592592592592593,0.6111111111111112
4494,0.17824074074074073,0.6118143459915611,0.27605731310808634,0.33183856502242154,0.8865740740740741,-1.5352480417754568,2.08355091383812,0.42592592592592593,0.6157407407407407
4495,0.20601851851851852,0.6118143459915611,0.3082416729365961,0.34977578475336324,0.8865740740740741,-1.3420365535248042,2.0156657963446474,0.45601851851851855,0.6388888888888888
4496,0.13657407407407407,0.6118143459915611,0.22330109758166605,0.30493273542600896,0.8865740740740741,-1.4986945169712793,2.156657963446475,0.4027777777777778,0.6087962962962963
4497,0.12731481481481483,0.6118143459915611,0.21076973901552695,0.29895366218236175,0.8865740740740741,-1.5953002610966058,2.300261096605744,0.3958333333333333,0.6018518518518519
4498,0.1597222222222222,0.6118143459915611,0.25331358474801563,0.31988041853512705,0.8865740740740741,-1.5639686684073106,2.133159268929504,0.4097222222222222,0.6064814814814815
4499,0.16435185185185186,0.6118143459915611,0.25910126215913526,0.32286995515695066,0.8865740740740741,-1.3785900783289817,2.1148825065274153,0.44212962962962965,0.6180555555555556
4500,0.16435185185185186,0.6118143459915611,0.25910126215913526,0.32286995515695066,0.8865740740740741,-1.475195822454308,2.0078328981723237,0.4583333333333333,0.6296296296296297
4501,0.14351851851851852,0.6118143459915611,0.23249799570693358,0.3094170403587444,0.8865740740740741,-1.5300261096605745,2.073107049608355,0.4583333333333333,0.6365740740740741
4502,0.1736111111111111,0.6118143459915611,0.2704719268793136,0.32884902840059793,0.8865740740740741,-1.3655352480417755,1.9973890339425588,0.42824074074074076,0.6296296296296297
4503,0.1712962962962963,0.6118143459915611,0.26765446880690463,0.3273542600896861,0.8865740740740741,-1.5117493472584855,2.033942558746736,0.44907407407407407,0.6412037037037037
4504,0.1712962962962963,0.6118143459915611,0.26765446880690463,0.3273542600896861,0.8865740740740741,-1.5195822454308094,2.031331592689295,0.4398148148148148,0.6203703703703703
4505,0.1527777777777778,0.6118143459915611,0.24450065149076416,0.3153961136023916,0.8865740740740741,-1.4308093994778068,2.031331592689295,0.44907407407407407,0.6273148148148148
4506,0.1550925925925926,0.6118143459915611,0.24745602975076095,0.31689088191330345,0.8865740740740741,-1.391644908616188,2.028720626631854,0.42824074074074076,0.6597222222222222
4507,0.1550925925925926,0.6118143459915611,0.24745602975076095,0.31689088191330345,0.8865740740740741,-1.4986945169712793,2.0992167101827675,0.43287037037037035,0.6273148148148148
4508,0.14351851851851852,0.6118143459915611,0.23249799570693358,0.3094170403587444,0.8865740740740741,-1.4516971279373367,1.968668407310705,0.46296296296296297,0.6319444444444444
4509,0.16203703703703703,0.6118143459915611,0.2562160797677647,0.3213751868460389,0.8865740740740741,-1.5430809399477807,2.028720626631854,0.4305555555555556,0.6319444444444444
4510,0.19212962962962962,0.6118143459915611,0.2924275005770796,0.34080717488789236,0.8865740740740741,-1.3994778067885119,2.0156657963446474,0.4583333333333333,0.6435185185185185
4511,0.16666666666666666,0.6118143459915611,0.26196928635953026,0.3243647234678625,0.8865740740740741,-1.3629242819843341,2.0992167101827675,0.41898148148148145,0.6134259259259259
4512,0.14351851851851852,0.6118143459915611,0.23249799570693358,0.3094170403587444,0.8865740740740741,-1.4882506527415145,2.172323759791123,0.42592592592592593,0.6157407407407407
4513,0.16203703703703703,0.6118143459915611,0.2562160797677647,0.3213751868460389,0.8865740740740741,-1.433420365535248,2.039164490861619,0.4513888888888889,0.6226851851851852
4514,0.1550925925925926,0.6118143459915611,0.24745602975076095,0.31689088191330345,0.8865740740740741,-1.2845953002610966,2.0052219321148823,0.42592592592592593,0.625
4515,0.16435185185185186,0.6118143459915611,0.25910126215913526,0.32286995515695066,0.8865740740740741,-1.4151436031331592,2.0156657963446474,0.4212962962962963,0.6319444444444444
4516,0.1712962962962963,0.6118143459915611,0.26765446880690463,0.3273542600896861,0.8865740740740741,-1.5378590078328982,2.117493472584856,0.41898148148148145,0.6111111111111112
4517,0.16898148148148148,0.6118143459915611,0.264820304974919,0.32585949177877427,0.8865740740740741,-1.5013054830287207,2.133159268929504,0.4074074074074074,0.6273148148148148
4518,0.1527777777777778,0.6118143459915611,0.24450065149076416,0.3153961136023916,0.8865740740740741,-1.4960835509138382,2.1070496083550916,0.42592592592592593,0.6296296296296297
4519,0.1574074074074074,0.6118143459915611,0.2503936208034943,0.3183856502242152,0.8865740740740741,-1.5613577023498695,2.1879895561357703,0.4166666666666667,0.6157407407407407
4520,0.18981481481481483,0.6118143459915611,0.2897385286448815,0.3393124065769806,0.8865740740740741,-1.4725848563968669,2.0417754569190603,0.4513888888888889,0.6273148148148148
4521,0.17824074074074073,0.6118143459915611,0.27605731310808634,0.33183856502242154,0.8865740740740741,-1.422976501305483,1.9869451697127938,0.46064814814814814,0.6319444444444444
4522,0.1574074074074074,0.6118143459915611,0.2503936208034943,0.3183856502242152,0.8865740740740741,-1.5691906005221932,2.117493472584856,0.4074074074074074,0.6226851851851852
4523,0.15046296296296297,0.6118143459915611,0.2415273239797553,0.31390134529147984,0.8865740740740741,-1.4699738903394255,2.044386422976501,0.4375,0.6273148148148148
4524,0.16203703703703703,0.6118143459915611,0.2562160797677647,0.3213751868460389,0.8865740740740741,-1.4386422976501305,2.1070496083550916,0.4097222222222222,0.6041666666666666
4525,0.17824074074074073,0.6118143459915611,0.27605731310808634,0.33183856502242154,0.8865740740740741,-1.4621409921671018,2.0052219321148823,0.44907407407407407,0.6273148148148148
4526,0.18518518518518517,0.6118143459915611,0.284313725490196,0.336322869955157,0.8865740740740741,-1.4308093994778068,2.02088772845953,0.43287037037037035,0.6226851851851852
4527,0.16666666666666666,0.6118143459915611,0.26196928635953026,0.3243647234678625,0.8865740740740741,-1.4099216710182767,2.031331592689295,0.4675925925925926,0.6342592592592593
4528,0.17592592592592593,0.6118143459915611,0.27327282646431583,0.3303437967115097,0.8865740740740741,-1.4255874673629243,2.0365535248041775,0.42824074074074076,0.6111111111111112
4529,0.16435185185185186,0.6118143459915611,0.25910126215913526,0.32286995515695066,0.8865740740740741,-1.5352480417754568,2.135770234986945,0.4351851851851852,0.6203703703703703
4530,0.1574074074074074,0.6118143459915611,0.2503936208034943,0.3183856502242152,0.8865740740740741,-1.422976501305483,1.9973890339425588,0.47453703703703703,0.6412037037037037
4531,0.17824074074074073,0.6118143459915611,0.27605731310808634,0.33183856502242154,0.8865740740740741,-1.4464751958224542,2.0261096605744124,0.44675925925925924,0.6388888888888888
4532,0.16203703703703703,0.6118143459915611,0.2562160797677647,0.3213751868460389,0.8865740740740741,-1.4281984334203655,2.0757180156657964,0.44907407407407407,0.6342592592592593
4533,0.16666666666666666,0.6118143459915611,0.26196928635953026,0.3243647234678625,0.8865740740740741,-1.4725848563968669,2.0992167101827675,0.41203703703703703,0.6203703703703703
4534,0.17824074074074073,0.6118143459915611,0.27605731310808634,0.33183856502242154,0.8865740740740741,-1.3942558746736293,1.9634464751958225,0.4675925925925926,0.6435185185185185
4535,0.16898148148148148,0.6118143459915611,0.264820304974919,0.32585949177877427,0.8865740740740741,-1.3733681462140992,2.0261096605744124,0.4583333333333333,0.6481481481481481
4536,0.1550925925925926,0.6118143459915611,0.24745602975076095,0.31689088191330345,0.8865740740740741,-1.433420365535248,2.0704960835509136,0.45601851851851855,0.6203703703703703
4537,0.15046296296296297,0.6118143459915611,0.2415273239797553,0.31390134529147984,0.8865740740740741,-1.4569190600522193,2.073107049608355,0.44907407407407407,0.6180555555555556
4538,0.16435185185185186,0.6118143459915611,0.25910126215913526,0.32286995515695066,0.8865740740740741,-1.3681462140992167,2.0574412532637076,0.4375,0.6203703703703703
4539,0.19212962962962962,0.6118143459915611,0.2924275005770796,0.34080717488789236,0.8865740740740741,-1.5404699738903394,2.093994778067885,0.43287037037037035,0.6157407407407407
4540,0.17824074074074073,0.6118143459915611,0.27605731310808634,0.33183856502242154,0.8865740740740741,-1.556135770234987,2.0574412532637076,0.44907407407407407,0.6180555555555556
4541,0.17824074074074073,0.6118143459915611,0.27605731310808634,0.33183856502242154,0.8865740740740741,-1.2610966057441253,2.0026109660574414,0.4583333333333333,0.6203703703703703
4542,0.1550925925925926,0.6118143459915611,0.24745602975076095,0.31689088191330345,0.8865740740740741,-1.577023498694517,2.172323759791123,0.4097222222222222,0.6064814814814815
4543,0.16666666666666666,0.6118143459915611,0.26196928635953026,0.3243647234678625,0.8865740740740741,-1.4177545691906006,2.0913838120104438,0.42824074074074076,0.6203703703703703
4544,0.14583333333333334,0.6118143459915611,0.2355261631279731,0.3109118086696562,0.8865740740740741,-1.4908616187989556,2.122715404699739,0.4351851851851852,0.6273148148148148
4545,0.18055555555555555,0.6118143459915611,0.27882553065601656,0.3333333333333333,0.8865740740740741,-1.5039164490861618,2.0678851174934727,0.4305555555555556,0.6296296296296297
4546,0.16666666666666666,0.6118143459915611,0.26196928635953026,0.3243647234678625,0.8865740740740741,-1.5274151436031331,2.1070496083550916,0.44212962962962965,0.6157407407407407
4547,0.12962962962962962,0.6118143459915611,0.2139319211718832,0.3004484304932735,0.8865740740740741,-1.5117493472584855,2.0913838120104438,0.42592592592592593,0.6064814814814815
4548,0.1597222222222222,0.6118143459915611,0.25331358474801563,0.31988041853512705,0.8865740740740741,-1.516971279373368,2.028720626631854,0.4351851851851852,0.6064814814814815
4549,0.1736111111111111,0.6118143459915611,0.2704719268793136,0.32884902840059793,0.8865740740740741,-1.4543080939947781,2.049608355091384,0.4305555555555556,0.6226851851851852
4550,0.16435185185185186,0.6118143459915611,0.25910126215913526,0.32286995515695066,0.8865740740740741,-1.370757180156658,2.049608355091384,0.4513888888888889,0.6296296296296297
4551,0.16666666666666666,0.6118143459915611,0.26196928635953026,0.3243647234678625,0.8865740740740741,-1.5274151436031331,2.133159268929504,0.4236111111111111,0.6064814814814815
4552,0.17592592592592593,0.6118143459915611,0.27327282646431583,0.3303437967115097,0.8865740740740741,-1.4543080939947781,2.112271540469974,0.42824074074074076,0.625
4553,0.18055555555555555,0.6118143459915611,0.27882553065601656,0.3333333333333333,0.8865740740740741,-1.5117493472584855,2.039164490861619,0.45601851851851855,0.6296296296296297
4554,0.16666666666666666,0.6118143459915611,0.26196928635953026,0.3243647234678625,0.8865740740740741,-1.4464751958224542,2.0417754569190603,0.4351851851851852,0.625
4555,0.1412037037037037,0.6118143459915611,0.22945121081235326,0.30792227204783257,0.8865740740740741,-1.6057441253263707,2.060052219321149,0.44212962962962965,0.625
4556,0.17824074074074073,0.6118143459915611,0.27605731310808634,0.33183856502242154,0.8865740740740741,-1.5691906005221932,2.0861618798955615,0.4398148148148148,0.6064814814814815
4557,0.1875,0.6118143459915611,0.28703398218409765,0.33781763826606875,0.8865740740740741,-1.4281984334203655,2.0913838120104438,0.42824074074074076,0.6134259259259259
4558,0.16898148148148148,0.6118143459915611,0.264820304974919,0.32585949177877427,0.8865740740740741,-1.3838120104438643,2.088772845953003,0.4398148148148148,0.6203703703703703
4559,0.1574074074074074,0.6118143459915611,0.2503936208034943,0.3183856502242152,0.8865740740740741,-1.475195822454308,2.0652741514360313,0.4166666666666667,0.6111111111111112
4560,0.1597222222222222,0.6118143459915611,0.25331358474801563,0.31988041853512705,0.8865740740740741,-1.4804177545691906,2.0704960835509136,0.4305555555555556,0.6203703703703703
4561,0.1412037037037037,0.6118143459915611,0.22945121081235326,0.30792227204783257,0.8865740740740741,-1.4543080939947781,2.044386422976501,0.43287037037037035,0.6342592592592593
4562,0.1574074074074074,0.6118143459915611,0.2503936208034943,0.3183856502242152,0.8865740740740741,-1.441253263707572,2.1201044386422976,0.4097222222222222,0.625
4563,0.17592592592592593,0.6118143459915611,0.27327282646431583,0.3303437967115097,0.8865740740740741,-1.321148825065274,1.9007832898172323,0.4583333333333333,0.6689814814814815
4564,0.14814814814814814,0.6118143459915611,0.23853588319967095,0.312406576980568,0.8865740740740741,-1.3028720626631853,2.0913838120104438,0.4398148148148148,0.625
4565,0.1574074074074074,0.6118143459915611,0.2503936208034943,0.3183856502242152,0.8865740740740741,-1.5744125326370757,2.1488250652741514,0.4513888888888889,0.6018518518518519
4566,0.16898148148148148,0.6118143459915611,0.264820304974919,0.32585949177877427,0.8865740740740741,-1.4543080939947781,2.0757180156657964,0.43287037037037035,0.625
4567,0.16203703703703703,0.6118143459915611,0.2562160797677647,0.3213751868460389,0.8865740740740741,-1.516971279373368,2.0757180156657964,0.4351851851851852,0.6296296296296297
4568,0.18055555555555555,0.6118143459915611,0.27882553065601656,0.3333333333333333,0.8865740740740741,-1.4516971279373367,2.073107049608355,0.4236111111111111,0.6180555555555556
4569,0.1736111111111111,0.6118143459915611,0.2704719268793136,0.32884902840059793,0.8865740740740741,-1.5456919060052219,2.1409921671018277,0.4212962962962963,0.6111111111111112
4570,0.1574074074074074,0.6118143459915611,0.2503936208034943,0.3183856502242152,0.8865740740740741,-1.5065274151436032,2.028720626631854,0.44675925925925924,0.6296296296296297
4571,0.1712962962962963,0.6118143459915611,0.26765446880690463,0.3273542600896861,0.8865740740740741,-1.5326370757180157,2.1070496083550916,0.4212962962962963,0.6157407407407407
4572,0.16666666666666666,0.6118143459915611,0.26196928635953026,0.3243647234678625,0.8865740740740741,-1.485639686684073,2.0861618798955615,0.44212962962962965,0.625
4573,0.17824074074074073,0.6118143459915611,0.27605731310808634,0.33183856502242154,0.8865740740740741,-1.5195822454308094,2.0678851174934727,0.4375,0.6087962962962963
4574,0.1550925925925926,0.6118143459915611,0.24745602975076095,0.31689088191330345,0.8865740740740741,-1.524804177545692,2.1148825065274153,0.4236111111111111,0.6226851851851852
4575,0.16898148148148148,0.6118143459915611,0.264820304974919,0.32585949177877427,0.8865740740740741,-1.4543080939947781,2.117493472584856,0.4398148148148148,0.6157407407407407
4576,0.14583333333333334,0.6118143459915611,0.2355261631279731,0.3109118086696562,0.8865740740740741,-1.566579634464752,2.14621409921671,0.4212962962962963,0.6273148148148148
4577,0.18287037037037038,0.6118143459915611,0.28157762127748487,0.33482810164424515,0.8865740740740741,-1.3942558746736293,2.0365535248041775,0.4351851851851852,0.6319444444444444
4578,0.1736111111111111,0.6118143459915611,0.2704719268793136,0.32884902840059793,0.8865740740740741,-1.4151436031331592,1.9634464751958225,0.46064814814814814,0.6435185185185185
4579,0.1712962962962963,0.6118143459915611,0.26765446880690463,0.3273542600896861,0.8865740740740741,-1.4934725848563968,2.08355091383812,0.43287037037037035,0.6087962962962963
4580,0.19444444444444445,0.6118143459915611,0.2951010321267626,0.3423019431988042,0.8865740740740741,-1.4464751958224542,2.0156657963446474,0.44907407407407407,0.6388888888888888
4581,0.1412037037037037,0.6118143459915611,0.22945121081235326,0.30792227204783257,0.8865740740740741,-1.4569190600522193,2.010443864229765,0.4537037037037037,0.6435185185185185
4582,0.17824074074074073,0.6118143459915611,0.27605731310808634,0.33183856502242154,0.8865740740740741,-1.3890339425587468,2.06266318537859,0.4236111111111111,0.6203703703703703
4583,0.1527777777777778,0.6118143459915611,0.24450065149076416,0.3153961136023916,0.8865740740740741,-1.370757180156658,2.1070496083550916,0.4236111111111111,0.6226851851851852
4584,0.16435185185185186,0.6118143459915611,0.25910126215913526,0.32286995515695066,0.8865740740740741,-1.2715404699738904,2.039164490861619,0.42592592592592593,0.6296296296296297
4585,0.1550925925925926,0.6118143459915611,0.24745602975076095,0.31689088191330345,0.8865740740740741,-1.4804177545691906,2.039164490861619,0.4537037037037037,0.6388888888888888
4586,0.14814814814814814,0.6118143459915611,0.23853588319967095,0.312406576980568,0.8865740740740741,-1.3550913838120104,2.0913838120104438,0.4212962962962963,0.6296296296296297
4587,0.1736111111111111,0.6118143459915611,0.2704719268793136,0.32884902840059793,0.8865740740740741,-1.5430809399477807,2.028720626631854,0.4351851851851852,0.625
4588,0.16435185185185186,0.6118143459915611,0.25910126215913526,0.32286995515695066,0.8865740740740741,-1.5065274151436032,2.0704960835509136,0.4212962962962963,0.6203703703703703
4589,0.16898148148148148,0.6118143459915611,0.264820304974919,0.32585949177877427,0.8865740740740741,-1.4882506527415145,2.0417754569190603,0.4305555555555556,0.6319444444444444
4590,0.1527777777777778,0.6118143459915611,0.24450065149076416,0.3153961136023916,0.8865740740740741,-1.5509138381201044,2.135770234986945,0.4444444444444444,0.6342592592592593
4591,0.1527777777777778,0.6118143459915611,0.24450065149076416,0.3153961136023916,0.8865740740740741,-1.422976501305483,2.0966057441253265,0.4212962962962963,0.6226851851851852
4592,0.1550925925925926,0.6118143459915611,0.24745602975076095,0.31689088191330345,0.8865740740740741,-1.422976501305483,2.0966057441253265,0.44675925925925924,0.6226851851851852
4593,0.1712962962962963,0.6118143459915611,0.26765446880690463,0.3273542600896861,0.8865740740740741,-1.558746736292428,2.1279373368146213,0.4050925925925926,0.6134259259259259
4594,0.16666666666666666,0.6118143459915611,0.26196928635953026,0.3243647234678625,0.8865740740740741,-1.3681462140992167,2.06266318537859,0.4398148148148148,0.6226851851851852
4595,0.16666666666666666,0.6118143459915611,0.26196928635953026,0.3243647234678625,0.8865740740740741,-1.4960835509138382,2.117493472584856,0.4351851851851852,0.6111111111111112
4596,0.17592592592592593,0.6118143459915611,0.27327282646431583,0.3303437967115097,0.8865740740740741,-1.4908616187989556,2.0704960835509136,0.4375,0.6180555555555556
4597,0.15046296296296297,0.6118143459915611,0.2415273239797553,0.31390134529147984,0.8865740740740741,-1.5456919060052219,2.1253263707571803,0.41435185185185186,0.6157407407407407
4598,0.12731481481481483,0.6118143459915611,0.21076973901552695,0.29895366218236175,0.8865740740740741,-1.4543080939947781,2.0809399477806787,0.4375,0.6018518518518519
4599,0.14814814814814814,0.6118143459915611,0.23853588319967095,0.312406576980568,0.8865740740740741,-1.412532637075718,2.060052219321149,0.4305555555555556,0.6365740740740741
4600,0.1527777777777778,0.6118143459915611,0.24450065149076416,0.3153961136023916,0.8865740740740741,-1.475195822454308,2.117493472584856,0.42592592592592593,0.5995370370370371
4601,0.16203703703703703,0.6118143459915611,0.2562160797677647,0.3213751868460389,0.8865740740740741,-1.4647519582245432,2.0704960835509136,0.44212962962962965,0.6157407407407407
4602,0.16203703703703703,0.6118143459915611,0.2562160797677647,0.3213751868460389,0.8865740740740741,-1.4621409921671018,2.0574412532637076,0.44675925925925924,0.6296296296296297
4603,0.16435185185185186,0.6118143459915611,0.25910126215913526,0.32286995515695066,0.8865740740740741,-1.4960835509138382,2.0078328981723237,0.4537037037037037,0.6458333333333334
4604,0.14814814814814814,0.6118143459915611,0.23853588319967095,0.312406576980568,0.8865740740740741,-1.524804177545692,2.093994778067885,0.4375,0.6342592592592593
4605,0.1550925925925926,0.6118143459915611,0.24745602975076095,0.31689088191330345,0.8865740740740741,-1.4255874673629243,2.177545691906005,0.41203703703703703,0.6296296296296297
4606,0.18518518518518517,0.6118143459915611,0.284313725490196,0.336322869955157,0.8865740740740741,-1.4046997389033942,1.989556135770235,0.44907407407407407,0.6226851851851852
4607,0.16203703703703703,0.6118143459915611,0.2562160797677647,0.3213751868460389,0.8865740740740741,-1.349869451697128,2.1070496083550916,0.44675925925925924,0.6273148148148148
4608,0.1597222222222222,0.6118143459915611,0.25331358474801563,0.31988041853512705,0.8865740740740741,-1.4490861618798956,2.0913838120104438,0.4236111111111111,0.6319444444444444
4609,0.1550925925925926,0.6118143459915611,0.24745602975076095,0.31689088191330345,0.8865740740740741,-1.402088772845953,2.117493472584856,0.41898148148148145,0.6064814814814815
4610,0.16203703703703703,0.6118143459915611,0.2562160797677647,0.3213751868460389,0.8865740740740741,-1.577023498694517,2.1096605744125325,0.4513888888888889,0.6226851851851852
4611,0.1736111111111111,0.6118143459915611,0.2704719268793136,0.32884902840059793,0.8865740740740741,-1.5091383812010444,2.06266318537859,0.4236111111111111,0.6157407407407407
4612,0.16203703703703703,0.6118143459915611,0.2562160797677647,0.3213751868460389,0.8865740740740741,-1.391644908616188,2.033942558746736,0.43287037037037035,0.6296296296296297
4613,0.16435185185185186,0.6118143459915611,0.25910126215913526,0.32286995515695066,0.8865740740740741,-1.4203655352480418,2.06266318537859,0.43287037037037035,0.6134259259259259
4614,0.1574074074074074,0.6118143459915611,0.2503936208034943,0.3183856502242152,0.8865740740740741,-1.5300261096605745,2.031331592689295,0.44907407407407407,0.6273148148148148
4615,0.16898148148148148,0.6118143459915611,0.264820304974919,0.32585949177877427,0.8865740740740741,-1.4595300261096606,2.0548302872062663,0.4375,0.6087962962962963
4616,0.1736111111111111,0.6118143459915611,0.2704719268793136,0.32884902840059793,0.8865740740740741,-1.412532637075718,2.0757180156657964,0.4236111111111111,0.6180555555555556
4617,0.18981481481481483,0.6118143459915611,0.2897385286448815,0.3393124065769806,0.8865740740740741,-1.443864229765013,1.9660574412532636,0.44907407407407407,0.6365740740740741
4618,0.16666666666666666,0.6118143459915611,0.26196928635953026,0.3243647234678625,0.8865740740740741,-1.3864229765013054,2.143603133159269,0.41435185185185186,0.6087962962962963
4619,0.16666666666666666,0.6118143459915611,0.26196928635953026,0.3243647234678625,0.8865740740740741,-1.5848563968668408,2.1697127937336815,0.42824074074074076,0.5902777777777778
4620,0.18518518518518517,0.6118143459915611,0.284313725490196,0.336322869955157,0.8865740740740741,-1.4960835509138382,2.101827676240209,0.4444444444444444,0.6087962962962963
4621,0.1712962962962963,0.6118143459915611,0.26765446880690463,0.3273542600896861,0.8865740740740741,-1.441253263707572,2.1148825065274153,0.42592592592592593,0.6111111111111112
4622,0.1550925925925926,0.6118143459915611,0.24745602975076095,0.31689088191330345,0.8865740740740741,-1.5221932114882506,2.0548302872062663,0.43287037037037035,0.6226851851851852
4623,0.1388888888888889,0.6118143459915611,0.22638563622170177,0.3064275037369208,0.8865740740740741,-1.4699738903394255,2.1070496083550916,0.4351851851851852,0.625
4624,0.1388888888888889,0.6118143459915611,0.22638563622170177,0.3064275037369208,0.8865740740740741,-1.483028720626632,2.1305483028720626,0.4305555555555556,0.6041666666666666
4625,0.14814814814814814,0.6118143459915611,0.23853588319967095,0.312406576980568,0.8865740740740741,-1.4203655352480418,2.052219321148825,0.44907407407407407,0.625
4626,0.19444444444444445,0.6118143459915611,0.2951010321267626,0.3423019431988042,0.8865740740740741,-1.4516971279373367,1.9373368146214098,0.45601851851851855,0.6342592592592593
4627,0.18287037037037038,0.6118143459915611,0.28157762127748487,0.33482810164424515,0.8865740740740741,-1.3577023498694516,1.968668407310705,0.4583333333333333,0.6296296296296297
4628,0.1412037037037037,0.6118143459915611,0.22945121081235326,0.30792227204783257,0.8865740740740741,-1.5195822454308094,2.08355091383812,0.42592592592592593,0.6273148148148148
4629,0.18287037037037038,0.6118143459915611,0.28157762127748487,0.33482810164424515,0.8865740740740741,-1.4569190600522193,2.0678851174934727,0.45601851851851855,0.6064814814814815
4630,0.16435185185185186,0.6118143459915611,0.25910126215913526,0.32286995515695066,0.8865740740740741,-1.433420365535248,2.101827676240209,0.43287037037037035,0.6064814814814815
4631,0.16203703703703703,0.6118143459915611,0.2562160797677647,0.3213751868460389,0.8865740740740741,-1.5195822454308094,2.0261096605744124,0.4583333333333333,0.6388888888888888
4632,0.1412037037037037,0.6118143459915611,0.22945121081235326,0.30792227204783257,0.8865740740740741,-1.4543080939947781,2.0913838120104438,0.42592592592592593,0.6481481481481481
4633,0.14351851851851852,0.6118143459915611,0.23249799570693358,0.3094170403587444,0.8865740740740741,-1.4569190600522193,2.1096605744125325,0.4513888888888889,0.6180555555555556
4634,0.16203703703703703,0.6118143459915611,0.2562160797677647,0.3213751868460389,0.8865740740740741,-1.248041775456919,2.0156657963446474,0.4537037037037037,0.6273148148148148
4635,0.1574074074074074,0.6118143459915611,0.2503936208034943,0.3183856502242152,0.8865740740740741,-1.558746736292428,2.0652741514360313,0.43287037037037035,0.6342592592592593
4636,0.1712962962962963,0.6118143459915611,0.26765446880690463,0.3273542600896861,0.8865740740740741,-1.4543080939947781,2.0757180156657964,0.4398148148148148,0.6365740740740741
4637,0.1712962962962963,0.6118143459915611,0.26765446880690463,0.3273542600896861,0.8865740740740741,-1.4490861618798956,2.122715404699739,0.4351851851851852,0.6134259259259259
4638,0.16898148148148148,0.6118143459915611,0.264820304974919,0.32585949177877427,0.8865740740740741,-1.441253263707572,2.02088772845953,0.4351851851851852,0.6342592592592593
4639,0.20833333333333334,0.6118143459915611,0.3108252947481243,0.351270553064275,0.8865740740740741,-1.4386422976501305,2.0026109660574414,0.46296296296296297,0.6203703703703703
4640,0.16666666666666666,0.6118143459915611,0.26196928635953026,0.3243647234678625,0.8865740740740741,-1.4099216710182767,2.0,0.4351851851851852,0.6296296296296297
4641,0.17824074074074073,0.6118143459915611,0.27605731310808634,0.33183856502242154,0.8865740740740741,-1.4934725848563968,2.08355091383812,0.42824074074074076,0.6342592592592593
4642,0.15046296296296297,0.6118143459915611,0.2415273239797553,0.31390134529147984,0.8865740740740741,-1.577023498694517,2.156657963446475,0.4305555555555556,0.5972222222222222
4643,0.16203703703703703,0.6118143459915611,0.2562160797677647,0.3213751868460389,0.8865740740740741,-1.391644908616188,2.164490861618799,0.41435185185185186,0.6157407407407407
4644,0.1597222222222222,0.6118143459915611,0.25331358474801563,0.31988041853512705,0.8865740740740741,-1.3420365535248042,2.1305483028720626,0.42592592592592593,0.6087962962962963
4645,0.1736111111111111,0.6118143459915611,0.2704719268793136,0.32884902840059793,0.8865740740740741,-1.412532637075718,1.9921671018276763,0.44675925925925924,0.6296296296296297
4646,0.16203703703703703,0.6118143459915611,0.2562160797677647,0.3213751868460389,0.8865740740740741,-1.5065274151436032,2.122715404699739,0.4398148148148148,0.6365740740740741
4647,0.12962962962962962,0.6118143459915611,0.2139319211718832,0.3004484304932735,0.8865740740740741,-1.4986945169712793,2.0992167101827675,0.4305555555555556,0.6319444444444444
4648,0.17592592592592593,0.6118143459915611,0.27327282646431583,0.3303437967115097,0.8865740740740741,-1.5091383812010444,2.031331592689295,0.44212962962962965,0.6226851851851852
4649,0.15046296296296297,0.6118143459915611,0.2415273239797553,0.31390134529147984,0.8865740740740741,-1.4595300261096606,2.0913838120104438,0.4305555555555556,0.6180555555555556
4650,0.1574074074074074,0.6118143459915611,0.2503936208034943,0.3183856502242152,0.8865740740740741,-1.475195822454308,2.1070496083550916,0.41435185185185186,0.6203703703703703
4651,0.17592592592592593,0.6118143459915611,0.27327282646431583,0.3303437967115097,0.8865740740740741,-1.4177545691906006,2.0182767624020888,0.4537037037037037,0.6481481481481481
4652,0.125,0.6118143459915611,0.20758768790264853,0.2974588938714499,0.8865740740740741,-1.4621409921671018,2.224543080939948,0.4050925925925926,0.6018518518518519
4653,0.16666666666666666,0.6118143459915611,0.26196928635953026,0.3243647234678625,0.8865740740740741,-1.524804177545692,2.0783289817232378,0.42824074074074076,0.6273148148148148
4654,0.16203703703703703,0.6118143459915611,0.2562160797677647,0.3213751868460389,0.8865740740740741,-1.5953002610966058,2.0182767624020888,0.43287037037037035,0.6273148148148148
4655,0.18518518518518517,0.6118143459915611,0.284313725490196,0.336322869955157,0.8865740740740741,-1.4308093994778068,1.9843342036553524,0.4375,0.6574074074074074
4656,0.14583333333333334,0.6118143459915611,0.2355261631279731,0.3109118086696562,0.8865740740740741,-1.5274151436031331,2.117493472584856,0.41203703703703703,0.6134259259259259
4657,0.18055555555555555,0.6118143459915611,0.27882553065601656,0.3333333333333333,0.8865740740740741,-1.5430809399477807,2.049608355091384,0.4351851851851852,0.5949074074074074
4658,0.1574074074074074,0.6118143459915611,0.2503936208034943,0.3183856502242152,0.8865740740740741,-1.5117493472584855,2.039164490861619,0.4444444444444444,0.6203703703703703
4659,0.18518518518518517,0.6118143459915611,0.284313725490196,0.336322869955157,0.8865740740740741,-1.4595300261096606,2.0704960835509136,0.42824074074074076,0.6111111111111112
4660,0.17592592592592593,0.6118143459915611,0.27327282646431583,0.3303437967115097,0.8865740740740741,-1.4673629242819843,2.0469973890339426,0.4166666666666667,0.6111111111111112
4661,0.16666666666666666,0.6118143459915611,0.26196928635953026,0.3243647234678625,0.8865740740740741,-1.4621409921671018,2.156657963446475,0.43287037037037035,0.5995370370370371
4662,0.14814814814814814,0.6118143459915611,0.23853588319967095,0.312406576980568,0.8865740740740741,-1.2950391644908616,2.0469973890339426,0.4583333333333333,0.6504629629629629
4663,0.19212962962962962,0.6118143459915611,0.2924275005770796,0.34080717488789236,0.8865740740740741,-1.4046997389033942,1.968668407310705,0.4513888888888889,0.6435185185185185
4664,0.14351851851851852,0.6118143459915611,0.23249799570693358,0.3094170403587444,0.8865740740740741,-1.4360313315926894,2.1305483028720626,0.41435185185185186,0.6157407407407407
4665,0.1550925925925926,0.6118143459915611,0.24745602975076095,0.31689088191330345,0.8865740740740741,-1.4960835509138382,2.112271540469974,0.43287037037037035,0.6157407407407407
4666,0.1527777777777778,0.6118143459915611,0.24450065149076416,0.3153961136023916,0.8865740740740741,-1.4046997389033942,2.10443864229765,0.4375,0.6203703703703703
4667,0.1574074074074074,0.6118143459915611,0.2503936208034943,0.3183856502242152,0.8865740740740741,-1.3785900783289817,2.1305483028720626,0.4444444444444444,0.6203703703703703
4668,0.16435185185185186,0.6118143459915611,0.25910126215913526,0.32286995515695066,0.8865740740740741,-1.5065274151436032,2.0966057441253265,0.4097222222222222,0.6388888888888888
4669,0.14583333333333334,0.6118143459915611,0.2355261631279731,0.3109118086696562,0.8865740740740741,-1.5456919060052219,2.2088772845953004,0.4212962962962963,0.5995370370370371
4670,0.1388888888888889,0.6118143459915611,0.22638563622170177,0.3064275037369208,0.8865740740740741,-1.4986945169712793,2.0783289817232378,0.4351851851851852,0.6342592592592593
4671,0.14583333333333334,0.6118143459915611,0.2355261631279731,0.3109118086696562,0.8865740740740741,-1.4621409921671018,2.10443864229765,0.4675925925925926,0.6296296296296297
4672,0.1712962962962963,0.6118143459915611,0.26765446880690463,0.3273542600896861,0.8865740740740741,-1.6057441253263707,2.0861618798955615,0.4305555555555556,0.5925925925925926
4673,0.16203703703703703,0.6118143459915611,0.2562160797677647,0.3213751868460389,0.8865740740740741,-1.5065274151436032,2.122715404699739,0.4212962962962963,0.6041666666666666
4674,0.18287037037037038,0.6118143459915611,0.28157762127748487,0.33482810164424515,0.8865740740740741,-1.4673629242819843,2.1253263707571803,0.42824074074074076,0.6111111111111112
4675,0.1736111111111111,0.6118143459915611,0.2704719268793136,0.32884902840059793,0.8865740740740741,-1.5195822454308094,2.0992167101827675,0.4444444444444444,0.6226851851851852
4676,0.16203703703703703,0.6118143459915611,0.2562160797677647,0.3213751868460389,0.8865740740740741,-1.4308093994778068,2.177545691906005,0.41203703703703703,0.5995370370370371
4677,0.1550925925925926,0.6118143459915611,0.24745602975076095,0.31689088191330345,0.8865740740740741,-1.5404699738903394,2.135770234986945,0.4398148148148148,0.6180555555555556
4678,0.15046296296296297,0.6118143459915611,0.2415273239797553,0.31390134529147984,0.8865740740740741,-1.4621409921671018,2.093994778067885,0.4166666666666667,0.6342592592592593
4679,0.18518518518518517,0.6118143459915611,0.284313725490196,0.336322869955157,0.8865740740740741,-1.391644908616188,1.9451697127937337,0.4398148148148148,0.6458333333333334
4680,0.18287037037037038,0.6118143459915611,0.28157762127748487,0.33482810164424515,0.8865740740740741,-1.5039164490861618,2.0783289817232378,0.4398148148148148,0.6157407407407407
4681,0.15046296296296297,0.6118143459915611,0.2415273239797553,0.31390134529147984,0.8865740740740741,-1.5483028720626633,1.9869451697127938,0.44212962962962965,0.6342592592592593
4682,0.1388888888888889,0.6118143459915611,0.22638563622170177,0.3064275037369208,0.8865740740740741,-1.5274151436031331,2.2114882506527413,0.3912037037037037,0.6041666666666666
4683,0.1550925925925926,0.6118143459915611,0.24745602975076095,0.31689088191330345,0.8865740740740741,-1.514360313315927,2.1253263707571803,0.41898148148148145,0.5995370370370371
4684,0.16898148148148148,0.6118143459915611,0.264820304974919,0.32585949177877427,0.8865740740740741,-1.4647519582245432,2.0861618798955615,0.44212962962962965,0.6203703703703703
4685,0.17824074074074073,0.6118143459915611,0.27605731310808634,0.33183856502242154,0.8865740740740741,-1.597911227154047,2.1253263707571803,0.4351851851851852,0.6134259259259259
4686,0.14814814814814814,0.6118143459915611,0.23853588319967095,0.312406576980568,0.8865740740740741,-1.5091383812010444,2.0992167101827675,0.4398148148148148,0.6226851851851852
4687,0.13194444444444445,0.6118143459915611,0.21707441988732618,0.30194319880418535,0.8865740740740741,-1.5352480417754568,2.135770234986945,0.41898148148148145,0.6203703703703703
4688,0.1574074074074074,0.6118143459915611,0.2503936208034943,0.3183856502242152,0.8865740740740741,-1.5195822454308094,2.156657963446475,0.4166666666666667,0.6203703703703703
4689,0.16203703703703703,0.6118143459915611,0.2562160797677647,0.3213751868460389,0.8865740740740741,-1.391644908616188,2.033942558746736,0.46064814814814814,0.6388888888888888
4690,0.13657407407407407,0.6118143459915611,0.22330109758166605,0.30493273542600896,0.8865740740740741,-1.577023498694517,2.1409921671018277,0.4375,0.6018518518518519
4691,0.16203703703703703,0.6118143459915611,0.2562160797677647,0.3213751868460389,0.8865740740740741,-1.4804177545691906,2.1488250652741514,0.4074074074074074,0.6064814814814815
4692,0.1712962962962963,0.6118143459915611,0.26765446880690463,0.3273542600896861,0.8865740740740741,-1.4621409921671018,1.9843342036553524,0.43287037037037035,0.6643518518518519
4693,0.1527777777777778,0.6118143459915611,0.24450065149076416,0.3153961136023916,0.8865740740740741,-1.412532637075718,2.174934725848564,0.4375,0.5972222222222222
4694,0.1712962962962963,0.6118143459915611,0.26765446880690463,0.3273542600896861,0.8865740740740741,-1.5639686684073106,2.1488250652741514,0.4305555555555556,0.6111111111111112
4695,0.1597222222222222,0.6118143459915611,0.25331358474801563,0.31988041853512705,0.8865740740740741,-1.3890339425587468,2.052219321148825,0.4398148148148148,0.6296296296296297
4696,0.18981481481481483,0.6118143459915611,0.2897385286448815,0.3393124065769806,0.8865740740740741,-1.4490861618798956,2.0130548302872064,0.43287037037037035,0.625
4697,0.18518518518518517,0.6118143459915611,0.284313725490196,0.336322869955157,0.8865740740740741,-1.4934725848563968,1.9738903394255876,0.4537037037037037,0.6458333333333334
4698,0.1574074074074074,0.6118143459915611,0.2503936208034943,0.3183856502242152,0.8865740740740741,-1.4255874673629243,2.0574412532637076,0.46296296296296297,0.6134259259259259
4699,0.15046296296296297,0.6118143459915611,0.2415273239797553,0.31390134529147984,0.8865740740740741,-1.514360313315927,2.1305483028720626,0.40046296296296297,0.6111111111111112
4700,0.1712962962962963,0.6118143459915611,0.26765446880690463,0.3273542600896861,0.8865740740740741,-1.4699738903394255,2.0078328981723237,0.44907407407407407,0.6319444444444444
4701,0.1550925925925926,0.6118143459915611,0.24745602975076095,0.31689088191330345,0.8865740740740741,-1.3838120104438643,2.1148825065274153,0.42592592592592593,0.625
4702,0.1574074074074074,0.6118143459915611,0.2503936208034943,0.3183856502242152,0.8865740740740741,-1.422976501305483,2.0966057441253265,0.43287037037037035,0.6180555555555556
4703,0.19907407407407407,0.6118143459915611,0.30040230300402304,0.3452914798206278,0.8865740740740741,-1.3028720626631853,1.9399477806788512,0.4537037037037037,0.6412037037037037
4704,0.1412037037037037,0.6118143459915611,0.22945121081235326,0.30792227204783257,0.8865740740740741,-1.4360313315926894,2.093994778067885,0.41898148148148145,0.6203703703703703
4705,0.17824074074074073,0.6118143459915611,0.27605731310808634,0.33183856502242154,0.8865740740740741,-1.433420365535248,2.112271540469974,0.44212962962962965,0.6134259259259259
4706,0.18518518518518517,0.6118143459915611,0.284313725490196,0.336322869955157,0.8865740740740741,-1.328981723237598,1.9660574412532636,0.4722222222222222,0.6412037037037037
4707,0.16203703703703703,0.6118143459915611,0.2562160797677647,0.3213751868460389,0.8865740740740741,-1.587467362924282,2.0365535248041775,0.44212962962962965,0.625
4708,0.16898148148148148,0.6118143459915611,0.264820304974919,0.32585949177877427,0.8865740740740741,-1.4986945169712793,2.073107049608355,0.4513888888888889,0.6180555555555556
4709,0.14351851851851852,0.6118143459915611,0.23249799570693358,0.3094170403587444,0.8865740740740741,-1.5404699738903394,2.1932114882506526,0.4074074074074074,0.625
4710,0.1574074074074074,0.6118143459915611,0.2503936208034943,0.3183856502242152,0.8865740740740741,-1.5404699738903394,2.1096605744125325,0.41898148148148145,0.6111111111111112
4711,0.18287037037037038,0.6118143459915611,0.28157762127748487,0.33482810164424515,0.8865740740740741,-1.4386422976501305,2.0704960835509136,0.4398148148148148,0.625
4712,0.18055555555555555,0.6118143459915611,0.27882553065601656,0.3333333333333333,0.8865740740740741,-1.3342036553524803,1.9869451697127938,0.47453703703703703,0.6458333333333334
4713,0.16898148148148148,0.6118143459915611,0.264820304974919,0.32585949177877427,0.8865740740740741,-1.4621409921671018,2.0469973890339426,0.42824074074074076,0.6296296296296297
4714,0.1712962962962963,0.6118143459915611,0.26765446880690463,0.3273542600896861,0.8865740740740741,-1.4490861618798956,2.122715404699739,0.4305555555555556,0.625
4715,0.1712962962962963,0.6118143459915611,0.26765446880690463,0.3273542600896861,0.8865740740740741,-1.4778067885117494,2.06266318537859,0.4699074074074074,0.6111111111111112
4716,0.17592592592592593,0.6118143459915611,0.27327282646431583,0.3303437967115097,0.8865740740740741,-1.3968668407310705,2.039164490861619,0.4537037037037037,0.6342592592592593
4717,0.16435185185185186,0.6118143459915611,0.25910126215913526,0.32286995515695066,0.8865740740740741,-1.441253263707572,1.9947780678851175,0.44907407407407407,0.6342592592592593
4718,0.16666666666666666,0.6118143459915611,0.26196928635953026,0.3243647234678625,0.8865740740740741,-1.4046997389033942,2.08355091383812,0.4305555555555556,0.6226851851851852
4719,0.18518518518518517,0.6118143459915611,0.284313725490196,0.336322869955157,0.8865740740740741,-1.4543080939947781,2.033942558746736,0.44907407407407407,0.6180555555555556
4720,0.17592592592592593,0.6118143459915611,0.27327282646431583,0.3303437967115097,0.8865740740740741,-1.4986945169712793,2.052219321148825,0.4444444444444444,0.625
4721,0.14814814814814814,0.6118143459915611,0.23853588319967095,0.312406576980568,0.8865740740740741,-1.5822454308093994,2.088772845953003,0.43287037037037035,0.6111111111111112
4722,0.19212962962962962,0.6118143459915611,0.2924275005770796,0.34080717488789236,0.8865740740740741,-1.4255874673629243,2.031331592689295,0.42824074074074076,0.6180555555555556
4723,0.16666666666666666,0.6118143459915611,0.26196928635953026,0.3243647234678625,0.8865740740740741,-1.5744125326370757,2.133159268929504,0.4444444444444444,0.6296296296296297
4724,0.17824074074074073,0.6118143459915611,0.27605731310808634,0.33183856502242154,0.8865740740740741,-1.4986945169712793,2.052219321148825,0.42824074074074076,0.6134259259259259
4725,0.14583333333333334,0.6118143459915611,0.2355261631279731,0.3109118086696562,0.8865740740740741,-1.587467362924282,2.1984334203655354,0.4074074074074074,0.5949074074074074
4726,0.16666666666666666,0.6118143459915611,0.26196928635953026,0.3243647234678625,0.8865740740740741,-1.5848563968668408,2.164490861618799,0.4166666666666667,0.5902777777777778
4727,0.15046296296296297,0.6118143459915611,0.2415273239797553,0.31390134529147984,0.8865740740740741,-1.485639686684073,2.0652741514360313,0.4236111111111111,0.6157407407407407
4728,0.1597222222222222,0.6118143459915611,0.25331358474801563,0.31988041853512705,0.8865740740740741,-1.5822454308093994,2.093994778067885,0.4699074074074074,0.6296296296296297
4729,0.16898148148148148,0.6118143459915611,0.264820304974919,0.32585949177877427,0.8865740740740741,-1.4595300261096606,2.0182767624020888,0.44212962962962965,0.6388888888888888
4730,0.16435185185185186,0.6118143459915611,0.25910126215913526,0.32286995515695066,0.8865740740740741,-1.558746736292428,2.185378590078329,0.43287037037037035,0.6018518518518519
4731,0.14814814814814814,0.6118143459915611,0.23853588319967095,0.312406576980568,0.8865740740740741,-1.3864229765013054,2.1383812010443863,0.42824074074074076,0.6087962962962963
4732,0.18518518518518517,0.6118143459915611,0.284313725490196,0.336322869955157,0.8865740740740741,-1.4595300261096606,2.1070496083550916,0.41898148148148145,0.625
4733,0.14351851851851852,0.6118143459915611,0.23249799570693358,0.3094170403587444,0.8865740740740741,-1.3864229765013054,2.028720626631854,0.42824074074074076,0.6458333333333334
4734,0.13425925925925927,0.6118143459915611,0.2201974183750949,0.3034379671150972,0.8865740740740741,-1.4490861618798956,2.1279373368146213,0.4236111111111111,0.6157407407407407
4735,0.16203703703703703,0.6118143459915611,0.2562160797677647,0.3213751868460389,0.8865740740740741,-1.3812010443864229,2.0078328981723237,0.4513888888888889,0.6296296296296297
4736,0.1875,0.6118143459915611,0.28703398218409765,0.33781763826606875,0.8865740740740741,-1.3759791122715406,2.039164490861619,0.4537037037037037,0.6226851851851852
4737,0.14583333333333334,0.6118143459915611,0.2355261631279731,0.3109118086696562,0.8865740740740741,-1.5613577023498695,2.0992167101827675,0.4212962962962963,0.6157407407407407
4738,0.18287037037037038,0.6118143459915611,0.28157762127748487,0.33482810164424515,0.8865740740740741,-1.4960835509138382,2.1070496083550916,0.4166666666666667,0.6157407407407407
4739,0.1597222222222222,0.6118143459915611,0.25331358474801563,0.31988041853512705,0.8865740740740741,-1.433420365535248,2.0548302872062663,0.44675925925925924,0.6157407407407407
4740,0.1574074074074074,0.6118143459915611,0.2503936208034943,0.3183856502242152,0.8865740740740741,-1.5456919060052219,2.1984334203655354,0.4305555555555556,0.6134259259259259
4741,0.1574074074074074,0.6118143459915611,0.2503936208034943,0.3183856502242152,0.8865740740740741,-1.4386422976501305,2.060052219321149,0.4513888888888889,0.6180555555555556
4742,0.12962962962962962,0.6118143459915611,0.2139319211718832,0.3004484304932735,0.8865740740740741,-1.4908616187989556,2.164490861618799,0.4074074074074074,0.5972222222222222
4743,0.1736111111111111,0.6118143459915611,0.2704719268793136,0.32884902840059793,0.8865740740740741,-1.443864229765013,1.9817232375979112,0.44675925925925924,0.6157407407407407
4744,0.14814814814814814,0.6118143459915611,0.23853588319967095,0.312406576980568,0.8865740740740741,-1.3472584856396868,2.1096605744125325,0.44907407407407407,0.6203703703703703
4745,0.18287037037037038,0.6118143459915611,0.28157762127748487,0.33482810164424515,0.8865740740740741,-1.3785900783289817,1.9216710182767625,0.44907407407407407,0.6527777777777778
4746,0.16203703703703703,0.6118143459915611,0.2562160797677647,0.3213751868460389,0.8865740740740741,-1.4934725848563968,2.073107049608355,0.4305555555555556,0.6180555555555556
4747,0.1574074074074074,0.6118143459915611,0.2503936208034943,0.3183856502242152,0.8865740740740741,-1.485639686684073,2.060052219321149,0.42824074074074076,0.6087962962962963
4748,0.14583333333333334,0.6118143459915611,0.2355261631279731,0.3109118086696562,0.8865740740740741,-1.5404699738903394,2.1148825065274153,0.44212962962962965,0.6134259259259259
4749,0.1574074074074074,0.6118143459915611,0.2503936208034943,0.3183856502242152,0.8865740740740741,-1.485639686684073,2.049608355091384,0.4513888888888889,0.6296296296296297
4750,0.16666666666666666,0.6118143459915611,0.26196928635953026,0.3243647234678625,0.8865740740740741,-1.4073107049608355,2.060052219321149,0.42592592592592593,0.6134259259259259
4751,0.1527777777777778,0.6118143459915611,0.24450065149076416,0.3153961136023916,0.8865740740740741,-1.4647519582245432,2.185378590078329,0.4166666666666667,0.6018518518518519
4752,0.1712962962962963,0.6118143459915611,0.26765446880690463,0.3273542600896861,0.8865740740740741,-1.5456919060052219,2.0783289817232378,0.41898148148148145,0.6226851851851852
4753,0.16898148148148148,0.6118143459915611,0.264820304974919,0.32585949177877427,0.8865740740740741,-1.4934725848563968,2.0417754569190603,0.4398148148148148,0.6180555555555556
4754,0.1712962962962963,0.6118143459915611,0.26765446880690463,0.3273542600896861,0.8865740740740741,-1.3133159268929504,2.0757180156657964,0.42592592592592593,0.6180555555555556
4755,0.18518518518518517,0.6118143459915611,0.284313725490196,0.336322869955157,0.8865740740740741,-1.5326370757180157,2.0548302872062663,0.43287037037037035,0.6273148148148148
4756,0.1527777777777778,0.6118143459915611,0.24450065149076416,0.3153961136023916,0.8865740740740741,-1.4490861618798956,2.028720626631854,0.4166666666666667,0.6435185185185185
4757,0.1736111111111111,0.6118143459915611,0.2704719268793136,0.32884902840059793,0.8865740740740741,-1.5404699738903394,2.052219321148825,0.4444444444444444,0.625
4758,0.16203703703703703,0.6118143459915611,0.2562160797677647,0.3213751868460389,0.8865740740740741,-1.485639686684073,2.1070496083550916,0.42824074074074076,0.6041666666666666
4759,0.15046296296296297,0.6118143459915611,0.2415273239797553,0.31390134529147984,0.8865740740740741,-1.5039164490861618,2.135770234986945,0.4351851851851852,0.5879629629629629
4760,0.1388888888888889,0.6118143459915611,0.22638563622170177,0.3064275037369208,0.8865740740740741,-1.4281984334203655,2.143603133159269,0.41435185185185186,0.5995370370370371
4761,0.16898148148148148,0.6118143459915611,0.264820304974919,0.32585949177877427,0.8865740740740741,-1.5195822454308094,2.10443864229765,0.4351851851851852,0.6064814814814815
4762,0.16435185185185186,0.6118143459915611,0.25910126215913526,0.32286995515695066,0.8865740740740741,-1.3107049608355092,2.073107049608355,0.4236111111111111,0.6342592592592593
4763,0.16435185185185186,0.6118143459915611,0.25910126215913526,0.32286995515695066,0.8865740740740741,-1.4778067885117494,2.052219321148825,0.4398148148148148,0.6365740740740741
4764,0.14814814814814814,0.6118143459915611,0.23853588319967095,0.312406576980568,0.8865740740740741,-1.485639686684073,2.0704960835509136,0.42592592592592593,0.6226851851851852
4765,0.13657407407407407,0.6118143459915611,0.22330109758166605,0.30493273542600896,0.8865740740740741,-1.556135770234987,2.2036553524804177,0.4212962962962963,0.6064814814814815
4766,0.1597222222222222,0.6118143459915611,0.25331358474801563,0.31988041853512705,0.8865740740740741,-1.5352480417754568,2.1253263707571803,0.4074074074074074,0.6273148148148148
4767,0.14814814814814814,0.6118143459915611,0.23853588319967095,0.312406576980568,0.8865740740740741,-1.4673629242819843,2.1827676240208875,0.42824074074074076,0.5925925925925926
4768,0.17824074074074073,0.6118143459915611,0.27605731310808634,0.33183856502242154,0.8865740740740741,-1.483028720626632,2.0469973890339426,0.43287037037037035,0.6342592592592593
4769,0.1712962962962963,0.6118143459915611,0.26765446880690463,0.3273542600896861,0.8865740740740741,-1.4778067885117494,2.0261096605744124,0.4398148148148148,0.6180555555555556
4770,0.16435185185185186,0.6118143459915611,0.25910126215913526,0.32286995515695066,0.8865740740740741,-1.402088772845953,2.0704960835509136,0.4375,0.6342592592592593
4771,0.1527777777777778,0.6118143459915611,0.24450065149076416,0.3153961136023916,0.8865740740740741,-1.433420365535248,2.0704960835509136,0.41898148148148145,0.6226851851851852
4772,0.1736111111111111,0.6118143459915611,0.2704719268793136,0.32884902840059793,0.8865740740740741,-1.441253263707572,2.0417754569190603,0.44675925925925924,0.6226851851851852
4773,0.1550925925925926,0.6118143459915611,0.24745602975076095,0.31689088191330345,0.8865740740740741,-1.4099216710182767,2.052219321148825,0.42592592592592593,0.6296296296296297
4774,0.1412037037037037,0.6118143459915611,0.22945121081235326,0.30792227204783257,0.8865740740740741,-1.4281984334203655,2.023498694516971,0.4236111111111111,0.625
4775,0.14814814814814814,0.6118143459915611,0.23853588319967095,0.312406576980568,0.8865740740740741,-1.5822454308093994,2.08355091383812,0.4097222222222222,0.6226851851851852
4776,0.1527777777777778,0.6118143459915611,0.24450065149076416,0.3153961136023916,0.8865740740740741,-1.4255874673629243,2.1148825065274153,0.4375,0.6342592592592593
4777,0.16898148148148148,0.6118143459915611,0.264820304974919,0.32585949177877427,0.8865740740740741,-1.558746736292428,2.039164490861619,0.4537037037037037,0.6365740740740741
4778,0.16203703703703703,0.6118143459915611,0.2562160797677647,0.3213751868460389,0.8865740740740741,-1.5352480417754568,2.06266318537859,0.4305555555555556,0.6388888888888888
4779,0.14583333333333334,0.6118143459915611,0.2355261631279731,0.3109118086696562,0.8865740740740741,-1.524804177545692,2.1096605744125325,0.42592592592592593,0.6319444444444444
4780,0.17592592592592593,0.6118143459915611,0.27327282646431583,0.3303437967115097,0.8865740740740741,-1.3655352480417755,1.9921671018276763,0.4722222222222222,0.6412037037037037
4781,0.1712962962962963,0.6118143459915611,0.26765446880690463,0.3273542600896861,0.8865740740740741,-1.443864229765013,2.143603133159269,0.4236111111111111,0.5972222222222222
4782,0.1597222222222222,0.6118143459915611,0.25331358474801563,0.31988041853512705,0.8865740740740741,-1.5430809399477807,2.0861618798955615,0.4513888888888889,0.6087962962962963
4783,0.1388888888888889,0.6118143459915611,0.22638563622170177,0.3064275037369208,0.8865740740740741,-1.4203655352480418,2.0417754569190603,0.45601851851851855,0.6319444444444444
4784,0.17824074074074073,0.6118143459915611,0.27605731310808634,0.33183856502242154,0.8865740740740741,-1.391644908616188,2.0757180156657964,0.44907407407407407,0.6157407407407407
4785,0.1574074074074074,0.6118143459915611,0.2503936208034943,0.3183856502242152,0.8865740740740741,-1.4516971279373367,2.0783289817232378,0.42824074074074076,0.6203703703703703
4786,0.1550925925925926,0.6118143459915611,0.24745602975076095,0.31689088191330345,0.8865740740740741,-1.443864229765013,2.117493472584856,0.41435185185185186,0.6203703703703703
4787,0.1574074074074074,0.6118143459915611,0.2503936208034943,0.3183856502242152,0.8865740740740741,-1.5744125326370757,2.039164490861619,0.41898148148148145,0.625
4788,0.2013888888888889,0.6118143459915611,0.30303030303030304,0.34678624813153963,0.8865740740740741,-1.3028720626631853,1.9869451697127938,0.4513888888888889,0.625
4789,0.15046296296296297,0.6118143459915611,0.2415273239797553,0.31390134529147984,0.8865740740740741,-1.349869451697128,2.0130548302872064,0.4930555555555556,0.6412037037037037
4790,0.16203703703703703,0.6118143459915611,0.2562160797677647,0.3213751868460389,0.8865740740740741,-1.577023498694517,2.06266318537859,0.4537037037037037,0.6273148148148148
4791,0.18287037037037038,0.6118143459915611,0.28157762127748487,0.33482810164424515,0.8865740740740741,-1.5300261096605745,2.031331592689295,0.4351851851851852,0.625
4792,0.14814814814814814,0.6118143459915611,0.23853588319967095,0.312406576980568,0.8865740740740741,-1.4882506527415145,2.010443864229765,0.44212962962962965,0.6527777777777778
4793,0.16898148148148148,0.6118143459915611,0.264820304974919,0.32585949177877427,0.8865740740740741,-1.4595300261096606,2.044386422976501,0.4097222222222222,0.6064814814814815
4794,0.18055555555555555,0.6118143459915611,0.27882553065601656,0.3333333333333333,0.8865740740740741,-1.4464751958224542,2.1148825065274153,0.4074074074074074,0.5949074074074074
4795,0.14583333333333334,0.6118143459915611,0.2355261631279731,0.3109118086696562,0.8865740740740741,-1.5117493472584855,2.0966057441253265,0.42592592592592593,0.6203703703703703
4796,0.18055555555555555,0.6118143459915611,0.27882553065601656,0.3333333333333333,0.8865740740740741,-1.608355091383812,2.06266318537859,0.4351851851851852,0.6157407407407407
4797,0.17592592592592593,0.6118143459915611,0.27327282646431583,0.3303437967115097,0.8865740740740741,-1.5274151436031331,2.0861618798955615,0.4166666666666667,0.6180555555555556
4798,0.16898148148148148,0.6118143459915611,0.264820304974919,0.32585949177877427,0.8865740740740741,-1.4151436031331592,2.0,0.44212962962962965,0.6435185185185185
4799,0.16666666666666666,0.6118143459915611,0.26196928635953026,0.3243647234678625,0.8865740740740741,-1.5300261096605745,2.0417754569190603,0.4444444444444444,0.6365740740740741
4800,0.14351851851851852,0.6118143459915611,0.23249799570693358,0.3094170403587444,0.8865740740740741,-1.5744125326370757,2.1592689295039165,0.4166666666666667,0.6018518518518519
4801,0.14351851851851852,0.6118143459915611,0.23249799570693358,0.3094170403587444,0.8865740740740741,-1.4177545691906006,2.1070496083550916,0.44675925925925924,0.6296296296296297
4802,0.1412037037037037,0.6118143459915611,0.22945121081235326,0.30792227204783257,0.8865740740740741,-1.5117493472584855,1.9921671018276763,0.44212962962962965,0.6550925925925926
4803,0.16435185185185186,0.6118143459915611,0.25910126215913526,0.32286995515695066,0.8865740740740741,-1.4308093994778068,2.0783289817232378,0.43287037037037035,0.6111111111111112
4804,0.18055555555555555,0.6118143459915611,0.27882553065601656,0.3333333333333333,0.8865740740740741,-1.483028720626632,2.052219321148825,0.42592592592592593,0.6203703703703703
4805,0.1550925925925926,0.6118143459915611,0.24745602975076095,0.31689088191330345,0.8865740740740741,-1.5639686684073106,2.0913838120104438,0.41898148148148145,0.6157407407407407
4806,0.1550925925925926,0.6118143459915611,0.24745602975076095,0.31689088191330345,0.8865740740740741,-1.4647519582245432,2.0078328981723237,0.4537037037037037,0.6203703703703703
4807,0.1574074074074074,0.6118143459915611,0.2503936208034943,0.3183856502242152,0.8865740740740741,-1.4882506527415145,2.031331592689295,0.44907407407407407,0.6296296296296297
4808,0.1550925925925926,0.6118143459915611,0.24745602975076095,0.31689088191330345,0.8865740740740741,-1.5039164490861618,2.088772845953003,0.46296296296296297,0.6273148148148148
4809,0.1527777777777778,0.6118143459915611,0.24450065149076416,0.3153961136023916,0.8865740740740741,-1.4778067885117494,2.0678851174934727,0.4305555555555556,0.625
4810,0.14351851851851852,0.6118143459915611,0.23249799570693358,0.3094170403587444,0.8865740740740741,-1.4516971279373367,2.073107049608355,0.41898148148148145,0.6435185185185185
4811,0.17824074074074073,0.6118143459915611,0.27605731310808634,0.33183856502242154,0.8865740740740741,-1.4308093994778068,2.1253263707571803,0.4212962962962963,0.6226851851851852
4812,0.1550925925925926,0.6118143459915611,0.24745602975076095,0.31689088191330345,0.8865740740740741,-1.6214099216710183,2.101827676240209,0.4375,0.6134259259259259
4813,0.1875,0.6118143459915611,0.28703398218409765,0.33781763826606875,0.8865740740740741,-1.5456919060052219,2.088772845953003,0.4305555555555556,0.6203703703703703
4814,0.1712962962962963,0.6118143459915611,0.26765446880690463,0.3273542600896861,0.8865740740740741,-1.4725848563968669,2.0,0.4652777777777778,0.6388888888888888
4815,0.16435185185185186,0.6118143459915611,0.25910126215913526,0.32286995515695066,0.8865740740740741,-1.4804177545691906,2.1070496083550916,0.4166666666666667,0.6087962962962963
4816,0.16666666666666666,0.6118143459915611,0.26196928635953026,0.3243647234678625,0.8865740740740741,-1.4177545691906006,1.9869451697127938,0.4537037037037037,0.6342592592592593
4817,0.17592592592592593,0.6118143459915611,0.27327282646431583,0.3303437967115097,0.8865740740740741,-1.524804177545692,2.0417754569190603,0.4375,0.6203703703703703
4818,0.1550925925925926,0.6118143459915611,0.24745602975076095,0.31689088191330345,0.8865740740740741,-1.3994778067885119,1.95822454308094,0.4537037037037037,0.6435185185185185
4819,0.1527777777777778,0.6118143459915611,0.24450065149076416,0.3153961136023916,0.8865740740740741,-1.3785900783289817,2.0365535248041775,0.44212962962962965,0.6388888888888888
4820,0.15046296296296297,0.6118143459915611,0.2415273239797553,0.31390134529147984,0.8865740740740741,-1.3629242819843341,2.02088772845953,0.44675925925925924,0.6550925925925926
4821,0.13657407407407407,0.6118143459915611,0.22330109758166605,0.30493273542600896,0.8865740740740741,-1.402088772845953,2.0548302872062663,0.45601851851851855,0.6319444444444444
4822,0.17824074074074073,0.6118143459915611,0.27605731310808634,0.33183856502242154,0.8865740740740741,-1.3681462140992167,1.989556135770235,0.44907407407407407,0.6365740740740741
4823,0.18055555555555555,0.6118143459915611,0.27882553065601656,0.3333333333333333,0.8865740740740741,-1.4543080939947781,2.028720626631854,0.42824074074074076,0.6319444444444444
4824,0.1574074074074074,0.6118143459915611,0.2503936208034943,0.3183856502242152,0.8865740740740741,-1.5065274151436032,2.133159268929504,0.4375,0.6435185185185185
4825,0.1550925925925926,0.6118143459915611,0.24745602975076095,0.31689088191330345,0.8865740740740741,-1.3968668407310705,2.1383812010443863,0.4166666666666667,0.5949074074074074
4826,0.13657407407407407,0.6118143459915611,0.22330109758166605,0.30493273542600896,0.8865740740740741,-1.4464751958224542,2.14621409921671,0.4166666666666667,0.5972222222222222
4827,0.1527777777777778,0.6118143459915611,0.24450065149076416,0.3153961136023916,0.8865740740740741,-1.3394255874673628,2.0078328981723237,0.4675925925925926,0.6481481481481481
4828,0.1736111111111111,0.6118143459915611,0.2704719268793136,0.32884902840059793,0.8865740740740741,-1.514360313315927,2.0783289817232378,0.44212962962962965,0.6203703703703703
4829,0.16203703703703703,0.6118143459915611,0.2562160797677647,0.3213751868460389,0.8865740740740741,-1.5117493472584855,2.0913838120104438,0.4212962962962963,0.6087962962962963
4830,0.1412037037037037,0.6118143459915611,0.22945121081235326,0.30792227204783257,0.8865740740740741,-1.608355091383812,2.1148825065274153,0.4351851851851852,0.6365740740740741
4831,0.1527777777777778,0.6118143459915611,0.24450065149076416,0.3153961136023916,0.8865740740740741,-1.5509138381201044,2.135770234986945,0.4074074074074074,0.6134259259259259
4832,0.16203703703703703,0.6118143459915611,0.2562160797677647,0.3213751868460389,0.8865740740740741,-1.5430809399477807,2.1070496083550916,0.42824074074074076,0.6388888888888888
4833,0.1550925925925926,0.6118143459915611,0.24745602975076095,0.31689088191330345,0.8865740740740741,-1.370757180156658,2.0861618798955615,0.42592592592592593,0.6157407407407407
4834,0.1550925925925926,0.6118143459915611,0.24745602975076095,0.31689088191330345,0.8865740740740741,-1.475195822454308,2.0966057441253265,0.44675925925925924,0.6180555555555556
4835,0.16435185185185186,0.6118143459915611,0.25910126215913526,0.32286995515695066,0.8865740740740741,-1.4543080939947781,2.049608355091384,0.44675925925925924,0.6412037037037037
4836,0.16666666666666666,0.6118143459915611,0.26196928635953026,0.3243647234678625,0.8865740740740741,-1.4516971279373367,2.0992167101827675,0.4444444444444444,0.6134259259259259
4837,0.16666666666666666,0.6118143459915611,0.26196928635953026,0.3243647234678625,0.8865740740740741,-1.3237597911227155,2.0026109660574414,0.4351851851851852,0.6157407407407407
4838,0.16435185185185186,0.6118143459915611,0.25910126215913526,0.32286995515695066,0.8865740740740741,-1.4882506527415145,2.10443864229765,0.4537037037037037,0.6180555555555556
4839,0.16203703703703703,0.6118143459915611,0.2562160797677647,0.3213751868460389,0.8865740740740741,-1.4569190600522193,2.088772845953003,0.4444444444444444,0.625
4840,0.1574074074074074,0.6118143459915611,0.2503936208034943,0.3183856502242152,0.8865740740740741,-1.4960835509138382,2.122715404699739,0.41898148148148145,0.6157407407407407
4841,0.16666666666666666,0.6118143459915611,0.26196928635953026,0.3243647234678625,0.8865740740740741,-1.4360313315926894,2.02088772845953,0.45601851851851855,0.6319444444444444
4842,0.18981481481481483,0.6118143459915611,0.2897385286448815,0.3393124065769806,0.8865740740740741,-1.485639686684073,1.9399477806788512,0.47453703703703703,0.6504629629629629
4843,0.1527777777777778,0.6118143459915611,0.24450065149076416,0.3153961136023916,0.8865740740740741,-1.5953002610966058,2.185378590078329,0.41435185185185186,0.6041666666666666
4844,0.1736111111111111,0.6118143459915611,0.2704719268793136,0.32884902840059793,0.8865740740740741,-1.5404699738903394,2.0783289817232378,0.4513888888888889,0.6296296296296297
4845,0.16666666666666666,0.6118143459915611,0.26196928635953026,0.3243647234678625,0.8865740740740741,-1.4073107049608355,2.044386422976501,0.4305555555555556,0.6180555555555556
4846,0.13657407407407407,0.6118143459915611,0.22330109758166605,0.30493273542600896,0.8865740740740741,-1.4308093994778068,2.1201044386422976,0.4351851851851852,0.6087962962962963
4847,0.1574074074074074,0.6118143459915611,0.2503936208034943,0.3183856502242152,0.8865740740740741,-1.441253263707572,2.0783289817232378,0.4236111111111111,0.6203703703703703
4848,0.1388888888888889,0.6118143459915611,0.22638563622170177,0.3064275037369208,0.8865740740740741,-1.3315926892950392,2.10443864229765,0.4236111111111111,0.5972222222222222
4849,0.17824074074074073,0.6118143459915611,0.27605731310808634,0.33183856502242154,0.8865740740740741,-1.4778067885117494,2.0417754569190603,0.43287037037037035,0.6296296296296297
4850,0.1736111111111111,0.6118143459915611,0.2704719268793136,0.32884902840059793,0.8865740740740741,-1.5926892950391645,2.1096605744125325,0.43287037037037035,0.6226851851851852
4851,0.1736111111111111,0.6118143459915611,0.2704719268793136,0.32884902840059793,0.8865740740740741,-1.5326370757180157,2.0913838120104438,0.42592592592592593,0.6157407407407407
4852,0.1574074074074074,0.6118143459915611,0.2503936208034943,0.3183856502242152,0.8865740740740741,-1.5065274151436032,2.0809399477806787,0.4398148148148148,0.6111111111111112
4853,0.17824074074074073,0.6118143459915611,0.27605731310808634,0.33183856502242154,0.8865740740740741,-1.3629242819843341,2.010443864229765,0.4398148148148148,0.6273148148148148
4854,0.18055555555555555,0.6118143459915611,0.27882553065601656,0.3333333333333333,0.8865740740740741,-1.4621409921671018,2.0261096605744124,0.43287037037037035,0.6157407407407407
4855,0.18287037037037038,0.6118143459915611,0.28157762127748487,0.33482810164424515,0.8865740740740741,-1.4699738903394255,1.9295039164490861,0.4675925925925926,0.6319444444444444
4856,0.17592592592592593,0.6118143459915611,0.27327282646431583,0.3303437967115097,0.8865740740740741,-1.412532637075718,2.0130548302872064,0.46064814814814814,0.6203703703703703
4857,0.17824074074074073,0.6118143459915611,0.27605731310808634,0.33183856502242154,0.8865740740740741,-1.4934725848563968,2.02088772845953,0.4537037037037037,0.6134259259259259
4858,0.14351851851851852,0.6118143459915611,0.23249799570693358,0.3094170403587444,0.8865740740740741,-1.5013054830287207,2.1070496083550916,0.42592592592592593,0.6226851851851852
4859,0.1550925925925926,0.6118143459915611,0.24745602975076095,0.31689088191330345,0.8865740740740741,-1.402088772845953,2.1697127937336815,0.3773148148148148,0.6134259259259259
4860,0.16898148148148148,0.6118143459915611,0.264820304974919,0.32585949177877427,0.8865740740740741,-1.3838120104438643,2.1148825065274153,0.4212962962962963,0.625
4861,0.1597222222222222,0.6118143459915611,0.25331358474801563,0.31988041853512705,0.8865740740740741,-1.5744125326370757,2.0757180156657964,0.43287037037037035,0.6273148148148148
4862,0.17824074074074073,0.6118143459915611,0.27605731310808634,0.33183856502242154,0.8865740740740741,-1.3472584856396868,2.010443864229765,0.42824074074074076,0.6134259259259259
4863,0.16435185185185186,0.6118143459915611,0.25910126215913526,0.32286995515695066,0.8865740740740741,-1.4386422976501305,2.0757180156657964,0.42824074074074076,0.6365740740740741
4864,0.16898148148148148,0.6118143459915611,0.264820304974919,0.32585949177877427,0.8865740740740741,-1.4281984334203655,2.0704960835509136,0.4513888888888889,0.6319444444444444
4865,0.12731481481481483,0.6118143459915611,0.21076973901552695,0.29895366218236175,0.8865740740740741,-1.5430809399477807,2.154046997389034,0.4212962962962963,0.6226851851851852
4866,0.1736111111111111,0.6118143459915611,0.2704719268793136,0.32884902840059793,0.8865740740740741,-1.4699738903394255,1.9973890339425588,0.4444444444444444,0.6296296296296297
4867,0.12731481481481483,0.6118143459915611,0.21076973901552695,0.29895366218236175,0.8865740740740741,-1.5718015665796345,2.224543080939948,0.4074074074074074,0.6018518518518519
4868,0.1736111111111111,0.6118143459915611,0.2704719268793136,0.32884902840059793,0.8865740740740741,-1.3733681462140992,2.1096605744125325,0.44212962962962965,0.5949074074074074
4869,0.15046296296296297,0.6118143459915611,0.2415273239797553,0.31390134529147984,0.8865740740740741,-1.5796344647519582,2.122715404699739,0.4351851851851852,0.6319444444444444
4870,0.16898148148148148,0.6118143459915611,0.264820304974919,0.32585949177877427,0.8865740740740741,-1.5300261096605745,2.08355091383812,0.4236111111111111,0.6041666666666666
4871,0.1736111111111111,0.6118143459915611,0.2704719268793136,0.32884902840059793,0.8865740740740741,-1.566579634464752,2.0469973890339426,0.4537037037037037,0.6226851851851852
4872,0.18055555555555555,0.6118143459915611,0.27882553065601656,0.3333333333333333,0.8865740740740741,-1.4490861618798956,1.9869451697127938,0.4444444444444444,0.6458333333333334
4873,0.12037037037037036,0.6118143459915611,0.2011632250146737,0.2944693572496263,0.8865740740740741,-1.4882506527415145,2.1305483028720626,0.4166666666666667,0.6134259259259259
4874,0.16898148148148148,0.6118143459915611,0.264820304974919,0.32585949177877427,0.8865740740740741,-1.287206266318538,1.9399477806788512,0.4861111111111111,0.6481481481481481
4875,0.13657407407407407,0.6118143459915611,0.22330109758166605,0.30493273542600896,0.8865740740740741,-1.5195822454308094,2.1253263707571803,0.41435185185185186,0.6134259259259259
4876,0.13657407407407407,0.6118143459915611,0.22330109758166605,0.30493273542600896,0.8865740740740741,-1.4960835509138382,2.1279373368146213,0.4166666666666667,0.6134259259259259
4877,0.1412037037037037,0.6118143459915611,0.22945121081235326,0.30792227204783257,0.8865740740740741,-1.4569190600522193,2.08355091383812,0.4166666666666667,0.6203703703703703
4878,0.17824074074074073,0.6118143459915611,0.27605731310808634,0.33183856502242154,0.8865740740740741,-1.4516971279373367,2.052219321148825,0.4537037037037037,0.625
4879,0.17824074074074073,0.6118143459915611,0.27605731310808634,0.33183856502242154,0.8865740740740741,-1.4151436031331592,2.0469973890339426,0.43287037037037035,0.6157407407407407
4880,0.1597222222222222,0.6118143459915611,0.25331358474801563,0.31988041853512705,0.8865740740740741,-1.4203655352480418,2.073107049608355,0.44675925925925924,0.625
4881,0.1527777777777778,0.6118143459915611,0.24450065149076416,0.3153961136023916,0.8865740740740741,-1.4934725848563968,2.1984334203655354,0.4375,0.5949074074074074
4882,0.16898148148148148,0.6118143459915611,0.264820304974919,0.32585949177877427,0.8865740740740741,-1.5378590078328982,2.049608355091384,0.4583333333333333,0.6342592592592593
4883,0.14583333333333334,0.6118143459915611,0.2355261631279731,0.3109118086696562,0.8865740740740741,-1.4386422976501305,2.044386422976501,0.4305555555555556,0.6296296296296297
4884,0.16666666666666666,0.6118143459915611,0.26196928635953026,0.3243647234678625,0.8865740740740741,-1.4673629242819843,2.06266318537859,0.44675925925925924,0.625
4885,0.17592592592592593,0.6118143459915611,0.27327282646431583,0.3303437967115097,0.8865740740740741,-1.3107049608355092,1.9843342036553524,0.42592592592592593,0.6273148148148148
4886,0.1550925925925926,0.6118143459915611,0.24745602975076095,0.31689088191330345,0.8865740740740741,-1.556135770234987,2.1409921671018277,0.41435185185185186,0.6087962962962963
4887,0.16435185185185186,0.6118143459915611,0.25910126215913526,0.32286995515695066,0.8865740740740741,-1.5613577023498695,2.0365535248041775,0.4375,0.6203703703703703
4888,0.1875,0.6118143459915611,0.28703398218409765,0.33781763826606875,0.8865740740740741,-1.4621409921671018,1.968668407310705,0.44675925925925924,0.6481481481481481
4889,0.1574074074074074,0.6118143459915611,0.2503936208034943,0.3183856502242152,0.8865740740740741,-1.268929503916449,1.9738903394255876,0.43287037037037035,0.6435185185185185
4890,0.15046296296296297,0.6118143459915611,0.2415273239797553,0.31390134529147984,0.8865740740740741,-1.5117493472584855,2.2375979112271542,0.4074074074074074,0.5833333333333334
4891,0.14583333333333334,0.6118143459915611,0.2355261631279731,0.3109118086696562,0.8865740740740741,-1.5300261096605745,2.031331592689295,0.4375,0.6412037037037037
4892,0.14351851851851852,0.6118143459915611,0.23249799570693358,0.3094170403587444,0.8865740740740741,-1.5039164490861618,2.172323759791123,0.40046296296296297,0.6041666666666666
4893,0.1712962962962963,0.6118143459915611,0.26765446880690463,0.3273542600896861,0.8865740740740741,-1.6057441253263707,2.0757180156657964,0.4444444444444444,0.6180555555555556
4894,0.17592592592592593,0.6118143459915611,0.27327282646431583,0.3303437967115097,0.8865740740740741,-1.3864229765013054,2.0704960835509136,0.42592592592592593,0.6273148148148148
4895,0.17592592592592593,0.6118143459915611,0.27327282646431583,0.3303437967115097,0.8865740740740741,-1.4804177545691906,2.133159268929504,0.4444444444444444,0.6180555555555556
4896,0.14814814814814814,0.6118143459915611,0.23853588319967095,0.312406576980568,0.8865740740740741,-1.5065274151436032,2.0966057441253265,0.41898148148148145,0.6342592592592593
4897,0.14583333333333334,0.6118143459915611,0.2355261631279731,0.3109118086696562,0.8865740740740741,-1.3968668407310705,2.039164490861619,0.4444444444444444,0.6226851851851852
4898,0.17592592592592593,0.6118143459915611,0.27327282646431583,0.3303437967115097,0.8865740740740741,-1.4804177545691906,1.9973890339425588,0.46064814814814814,0.6296296296296297
4899,0.16203703703703703,0.6118143459915611,0.2562160797677647,0.3213751868460389,0.8865740740740741,-1.4203655352480418,2.093994778067885,0.4398148148148148,0.6134259259259259
4900,0.18055555555555555,0.6118143459915611,0.27882553065601656,0.3333333333333333,0.8865740740740741,-1.5091383812010444,1.9843342036553524,0.4305555555555556,0.6226851851851852
4901,0.16435185185185186,0.6118143459915611,0.25910126215913526,0.32286995515695066,0.8865740740740741,-1.5822454308093994,2.1409921671018277,0.4305555555555556,0.6064814814814815
4902,0.18287037037037038,0.6118143459915611,0.28157762127748487,0.33482810164424515,0.8865740740740741,-1.485639686684073,1.9503916449086163,0.4675925925925926,0.6273148148148148
4903,0.1712962962962963,0.6118143459915611,0.26765446880690463,0.3273542600896861,0.8865740740740741,-1.391644908616188,2.033942558746736,0.4398148148148148,0.6342592592592593
4904,0.1550925925925926,0.6118143459915611,0.24745602975076095,0.31689088191330345,0.8865740740740741,-1.475195822454308,2.0652741514360313,0.44212962962962965,0.6412037037037037
4905,0.1712962962962963,0.6118143459915611,0.26765446880690463,0.3273542600896861,0.8865740740740741,-1.3629242819843341,2.0365535248041775,0.41898148148148145,0.6319444444444444
4906,0.16203703703703703,0.6118143459915611,0.2562160797677647,0.3213751868460389,0.8865740740740741,-1.433420365535248,2.028720626631854,0.45601851851851855,0.6481481481481481
4907,0.19212962962962962,0.6118143459915611,0.2924275005770796,0.34080717488789236,0.8865740740740741,-1.4673629242819843,1.989556135770235,0.4583333333333333,0.625
4908,0.1597222222222222,0.6118143459915611,0.25331358474801563,0.31988041853512705,0.8865740740740741,-1.4673629242819843,2.0365535248041775,0.45601851851851855,0.6203703703703703
4909,0.16435185185185186,0.6118143459915611,0.25910126215913526,0.32286995515695066,0.8865740740740741,-1.558746736292428,2.049608355091384,0.4212962962962963,0.6412037037037037
4910,0.1597222222222222,0.6118143459915611,0.25331358474801563,0.31988041853512705,0.8865740740740741,-1.412532637075718,2.1488250652741514,0.4074074074074074,0.6134259259259259
4911,0.18287037037037038,0.6118143459915611,0.28157762127748487,0.33482810164424515,0.8865740740740741,-1.4882506527415145,2.0,0.4699074074074074,0.6319444444444444
4912,0.1875,0.6118143459915611,0.28703398218409765,0.33781763826606875,0.8865740740740741,-1.4255874673629243,1.9373368146214098,0.46296296296296297,0.6365740740740741
4913,0.16435185185185186,0.6118143459915611,0.25910126215913526,0.32286995515695066,0.8865740740740741,-1.4543080939947781,2.028720626631854,0.45601851851851855,0.6365740740740741
4914,0.1574074074074074,0.6118143459915611,0.2503936208034943,0.3183856502242152,0.8865740740740741,-1.4255874673629243,2.0417754569190603,0.4537037037037037,0.6365740740740741
4915,0.18981481481481483,0.6118143459915611,0.2897385286448815,0.3393124065769806,0.8865740740740741,-1.5718015665796345,2.1096605744125325,0.41435185185185186,0.6018518518518519
4916,0.1712962962962963,0.6118143459915611,0.26765446880690463,0.3273542600896861,0.8865740740740741,-1.4934725848563968,2.10443864229765,0.4351851851851852,0.6018518518518519
4917,0.17592592592592593,0.6118143459915611,0.27327282646431583,0.3303437967115097,0.8865740740740741,-1.4099216710182767,1.9843342036553524,0.46064814814814814,0.6527777777777778
4918,0.1412037037037037,0.6118143459915611,0.22945121081235326,0.30792227204783257,0.8865740740740741,-1.4308093994778068,2.1409921671018277,0.4351851851851852,0.6226851851851852
4919,0.1736111111111111,0.6118143459915611,0.2704719268793136,0.32884902840059793,0.8865740740740741,-1.3890339425587468,2.0992167101827675,0.4236111111111111,0.6064814814814815
4920,0.18287037037037038,0.6118143459915611,0.28157762127748487,0.33482810164424515,0.8865740740740741,-1.4647519582245432,2.023498694516971,0.45601851851851855,0.6273148148148148
4921,0.1736111111111111,0.6118143459915611,0.2704719268793136,0.32884902840059793,0.8865740740740741,-1.5822454308093994,2.0469973890339426,0.46296296296296297,0.6226851851851852
4922,0.1388888888888889,0.6118143459915611,0.22638563622170177,0.3064275037369208,0.8865740740740741,-1.3655352480417755,2.044386422976501,0.42824074074074076,0.6203703703703703
4923,0.17592592592592593,0.6118143459915611,0.27327282646431583,0.3303437967115097,0.8865740740740741,-1.4725848563968669,2.052219321148825,0.43287037037037035,0.6296296296296297
4924,0.17824074074074073,0.6118143459915611,0.27605731310808634,0.33183856502242154,0.8865740740740741,-1.4255874673629243,2.052219321148825,0.44675925925925924,0.6296296296296297
4925,0.1712962962962963,0.6118143459915611,0.26765446880690463,0.3273542600896861,0.8865740740740741,-1.5195822454308094,2.1409921671018277,0.4212962962962963,0.6157407407407407
4926,0.13657407407407407,0.6118143459915611,0.22330109758166605,0.30493273542600896,0.8865740740740741,-1.5848563968668408,2.117493472584856,0.44675925925925924,0.6273148148148148
4927,0.19212962962962962,0.6118143459915611,0.2924275005770796,0.34080717488789236,0.8865740740740741,-1.5822454308093994,1.9947780678851175,0.45601851851851855,0.6180555555555556
4928,0.13425925925925927,0.6118143459915611,0.2201974183750949,0.3034379671150972,0.8865740740740741,-1.4673629242819843,2.135770234986945,0.4351851851851852,0.6064814814814815
4929,0.16435185185185186,0.6118143459915611,0.25910126215913526,0.32286995515695066,0.8865740740740741,-1.5639686684073106,2.0704960835509136,0.42592592592592593,0.6273148148148148
4930,0.1597222222222222,0.6118143459915611,0.25331358474801563,0.31988041853512705,0.8865740740740741,-1.4699738903394255,2.0078328981723237,0.44675925925925924,0.6504629629629629
4931,0.16666666666666666,0.6118143459915611,0.26196928635953026,0.3243647234678625,0.8865740740740741,-1.4073107049608355,2.133159268929504,0.4166666666666667,0.6111111111111112
4932,0.16435185185185186,0.6118143459915611,0.25910126215913526,0.32286995515695066,0.8865740740740741,-1.5483028720626633,2.133159268929504,0.4375,0.6296296296296297
4933,0.1712962962962963,0.6118143459915611,0.26765446880690463,0.3273542600896861,0.8865740740740741,-1.5456919060052219,2.1305483028720626,0.4375,0.6180555555555556
4934,0.13194444444444445,0.6118143459915611,0.21707441988732618,0.30194319880418535,0.8865740740740741,-1.566579634464752,2.1879895561357703,0.41435185185185186,0.6064814814814815
4935,0.1550925925925926,0.6118143459915611,0.24745602975076095,0.31689088191330345,0.8865740740740741,-1.3994778067885119,2.0261096605744124,0.44675925925925924,0.6319444444444444
4936,0.16435185185185186,0.6118143459915611,0.25910126215913526,0.32286995515695066,0.8865740740740741,-1.4804177545691906,2.112271540469974,0.43287037037037035,0.6157407407407407
4937,0.11805555555555555,0.6118143459915611,0.19792043036653417,0.2929745889387145,0.8865740740740741,-1.4621409921671018,2.1253263707571803,0.4097222222222222,0.6296296296296297
4938,0.1574074074074074,0.6118143459915611,0.2503936208034943,0.3183856502242152,0.8865740740740741,-1.485639686684073,2.0757180156657964,0.4375,0.6226851851851852
4939,0.1550925925925926,0.6118143459915611,0.24745602975076095,0.31689088191330345,0.8865740740740741,-1.433420365535248,2.143603133159269,0.44907407407407407,0.6365740740740741
4940,0.20601851851851852,0.6118143459915611,0.3082416729365961,0.34977578475336324,0.8865740740740741,-1.4308093994778068,1.9843342036553524,0.45601851851851855,0.6226851851851852
4941,0.13657407407407407,0.6118143459915611,0.22330109758166605,0.30493273542600896,0.8865740740740741,-1.6240208877284594,2.161879895561358,0.40046296296296297,0.6134259259259259
4942,0.1527777777777778,0.6118143459915611,0.24450065149076416,0.3153961136023916,0.8865740740740741,-1.5378590078328982,2.1279373368146213,0.41435185185185186,0.6342592592592593
4943,0.1597222222222222,0.6118143459915611,0.25331358474801563,0.31988041853512705,0.8865740740740741,-1.4621409921671018,2.088772845953003,0.44675925925925924,0.6157407407407407
4944,0.13657407407407407,0.6118143459915611,0.22330109758166605,0.30493273542600896,0.8865740740740741,-1.3759791122715406,2.049608355091384,0.44212962962962965,0.6342592592592593
4945,0.14351851851851852,0.6118143459915611,0.23249799570693358,0.3094170403587444,0.8865740740740741,-1.4621409921671018,2.0992167101827675,0.4305555555555556,0.625
4946,0.16203703703703703,0.6118143459915611,0.2562160797677647,0.3213751868460389,0.8865740740740741,-1.4255874673629243,2.0469973890339426,0.4351851851851852,0.6342592592592593
4947,0.1527777777777778,0.6118143459915611,0.24450065149076416,0.3153961136023916,0.8865740740740741,-1.558746736292428,2.101827676240209,0.42592592592592593,0.6087962962962963
4948,0.18981481481481483,0.6118143459915611,0.2897385286448815,0.3393124065769806,0.8865740740740741,-1.5822454308093994,2.1253263707571803,0.41435185185185186,0.6087962962962963
4949,0.17592592592592593,0.6118143459915611,0.27327282646431583,0.3303437967115097,0.8865740740740741,-1.4725848563968669,1.9738903394255876,0.44907407407407407,0.6504629629629629
4950,0.14583333333333334,0.6118143459915611,0.2355261631279731,0.3109118086696562,0.8865740740740741,-1.5691906005221932,2.1592689295039165,0.4097222222222222,0.6134259259259259
4951,0.16666666666666666,0.6118143459915611,0.26196928635953026,0.3243647234678625,0.8865740740740741,-1.4151436031331592,2.1096605744125325,0.4375,0.6064814814814815
4952,0.1388888888888889,0.6118143459915611,0.22638563622170177,0.3064275037369208,0.8865740740740741,-1.5718015665796345,2.172323759791123,0.4097222222222222,0.6064814814814815
4953,0.18055555555555555,0.6118143459915611,0.27882553065601656,0.3333333333333333,0.8865740740740741,-1.3864229765013054,1.9973890339425588,0.4583333333333333,0.6412037037037037
4954,0.16666666666666666,0.6118143459915611,0.26196928635953026,0.3243647234678625,0.8865740740740741,-1.2715404699738904,2.0078328981723237,0.44212962962962965,0.6180555555555556
4955,0.19212962962962962,0.6118143459915611,0.2924275005770796,0.34080717488789236,0.8865740740740741,-1.443864229765013,2.033942558746736,0.4537037037037037,0.6342592592592593
4956,0.16666666666666666,0.6118143459915611,0.26196928635953026,0.3243647234678625,0.8865740740740741,-1.412532637075718,2.122715404699739,0.41203703703703703,0.6203703703703703
4957,0.1736111111111111,0.6118143459915611,0.2704719268793136,0.32884902840059793,0.8865740740740741,-1.360313315926893,2.039164490861619,0.42824074074074076,0.6435185185185185
4958,0.16666666666666666,0.6118143459915611,0.26196928635953026,0.3243647234678625,0.8865740740740741,-1.4516971279373367,1.9738903394255876,0.4444444444444444,0.6342592592592593
4959,0.19444444444444445,0.6118143459915611,0.2951010321267626,0.3423019431988042,0.8865740740740741,-1.3237597911227155,2.028720626631854,0.44675925925925924,0.6273148148148148
4960,0.17824074074074073,0.6118143459915611,0.27605731310808634,0.33183856502242154,0.8865740740740741,-1.5300261096605745,2.0365535248041775,0.44675925925925924,0.6319444444444444
4961,0.20601851851851852,0.6118143459915611,0.3082416729365961,0.34977578475336324,0.8865740740740741,-1.5378590078328982,2.0026109660574414,0.4351851851851852,0.6365740740740741
4962,0.19212962962962962,0.6118143459915611,0.2924275005770796,0.34080717488789236,0.8865740740740741,-1.433420365535248,2.0757180156657964,0.44675925925925924,0.6134259259259259
4963,0.17824074074074073,0.6118143459915611,0.27605731310808634,0.33183856502242154,0.8865740740740741,-1.4255874673629243,2.0783289817232378,0.4236111111111111,0.6203703703703703
4964,0.16666666666666666,0.6118143459915611,0.26196928635953026,0.3243647234678625,0.8865740740740741,-1.4647519582245432,2.0652741514360313,0.4583333333333333,0.625
4965,0.18518518518518517,0.6118143459915611,0.284313725490196,0.336322869955157,0.8865740740740741,-1.4882506527415145,2.02088772845953,0.4398148148148148,0.6388888888888888
4966,0.16203703703703703,0.6118143459915611,0.2562160797677647,0.3213751868460389,0.8865740740740741,-1.4804177545691906,2.0913838120104438,0.44907407407407407,0.625
4967,0.19212962962962962,0.6118143459915611,0.2924275005770796,0.34080717488789236,0.8865740740740741,-1.483028720626632,1.9947780678851175,0.44212962962962965,0.6296296296296297
4968,0.1412037037037037,0.6118143459915611,0.22945121081235326,0.30792227204783257,0.8865740740740741,-1.5848563968668408,2.0652741514360313,0.4375,0.6226851851851852
4969,0.1712962962962963,0.6118143459915611,0.26765446880690463,0.3273542600896861,0.8865740740740741,-1.5691906005221932,2.227154046997389,0.41203703703703703,0.5925925925925926
4970,0.18055555555555555,0.6118143459915611,0.27882553065601656,0.3333333333333333,0.8865740740740741,-1.4255874673629243,2.073107049608355,0.4351851851851852,0.6180555555555556
4971,0.1597222222222222,0.6118143459915611,0.25331358474801563,0.31988041853512705,0.8865740740740741,-1.5221932114882506,2.143603133159269,0.41435185185185186,0.6111111111111112
4972,0.1550925925925926,0.6118143459915611,0.24745602975076095,0.31689088191330345,0.8865740740740741,-1.475195822454308,2.0966057441253265,0.4351851851851852,0.6180555555555556
4973,0.16203703703703703,0.6118143459915611,0.2562160797677647,0.3213751868460389,0.8865740740740741,-1.4804177545691906,2.0704960835509136,0.44212962962962965,0.6273148148148148
4974,0.1736111111111111,0.6118143459915611,0.2704719268793136,0.32884902840059793,0.8865740740740741,-1.6161879895561357,2.1488250652741514,0.4236111111111111,0.5949074074074074
4975,0.17824074074074073,0.6118143459915611,0.27605731310808634,0.33183856502242154,0.8865740740740741,-1.4778067885117494,2.0156657963446474,0.4513888888888889,0.6388888888888888
4976,0.16203703703703703,0.6118143459915611,0.2562160797677647,0.3213751868460389,0.8865740740740741,-1.441253263707572,2.1201044386422976,0.4212962962962963,0.6041666666666666
4977,0.1574074074074074,0.6118143459915611,0.2503936208034943,0.3183856502242152,0.8865740740740741,-1.5483028720626633,2.101827676240209,0.4375,0.6319444444444444
4978,0.14814814814814814,0.6118143459915611,0.23853588319967095,0.312406576980568,0.8865740740740741,-1.5744125326370757,2.1592689295039165,0.41203703703703703,0.5995370370370371
4979,0.18055555555555555,0.6118143459915611,0.27882553065601656,0.3333333333333333,0.8865740740740741,-1.4804177545691906,1.9973890339425588,0.43287037037037035,0.6157407407407407
4980,0.1550925925925926,0.6118143459915611,0.24745602975076095,0.31689088191330345,0.8865740740740741,-1.3368146214099217,2.10443864229765,0.4444444444444444,0.6157407407407407
4981,0.1597222222222222,0.6118143459915611,0.25331358474801563,0.31988041853512705,0.8865740740740741,-1.6475195822454307,2.2219321148825064,0.4236111111111111,0.5902777777777778
4982,0.17592592592592593,0.6118143459915611,0.27327282646431583,0.3303437967115097,0.8865740740740741,-1.2976501305483028,2.0652741514360313,0.42824074074074076,0.6157407407407407
4983,0.15046296296296297,0.6118143459915611,0.2415273239797553,0.31390134529147984,0.8865740740740741,-1.4464751958224542,2.1201044386422976,0.41203703703703703,0.6018518518518519
4984,0.1712962962962963,0.6118143459915611,0.26765446880690463,0.3273542600896861,0.8865740740740741,-1.485639686684073,2.033942558746736,0.43287037037037035,0.6226851851851852
4985,0.1574074074074074,0.6118143459915611,0.2503936208034943,0.3183856502242152,0.8865740740740741,-1.4386422976501305,1.9660574412532636,0.47453703703703703,0.6388888888888888
4986,0.15046296296296297,0.6118143459915611,0.2415273239797553,0.31390134529147984,0.8865740740740741,-1.4543080939947781,2.0652741514360313,0.44675925925925924,0.6134259259259259
4987,0.17824074074074073,0.6118143459915611,0.27605731310808634,0.33183856502242154,0.8865740740740741,-1.4360313315926894,1.9947780678851175,0.44907407407407407,0.6319444444444444
4988,0.16666666666666666,0.6118143459915611,0.26196928635953026,0.3243647234678625,0.8865740740740741,-1.5509138381201044,2.052219321148825,0.42824074074074076,0.6111111111111112
4989,0.15046296296296297,0.6118143459915611,0.2415273239797553,0.31390134529147984,0.8865740740740741,-1.556135770234987,2.1201044386422976,0.43287037037037035,0.6273148148148148
4990,0.1597222222222222,0.6118143459915611,0.25331358474801563,0.31988041853512705,0.8865740740740741,-1.3446475195822454,2.0861618798955615,0.45601851851851855,0.6342592592592593
4991,0.16435185185185186,0.6118143459915611,0.25910126215913526,0.32286995515695066,0.8865740740740741,-1.514360313315927,2.0783289817232378,0.41435185185185186,0.6365740740740741
4992,0.1712962962962963,0.6118143459915611,0.26765446880690463,0.3273542600896861,0.8865740740740741,-1.4934725848563968,2.0574412532637076,0.4305555555555556,0.6226851851851852
4993,0.1736111111111111,0.6118143459915611,0.2704719268793136,0.32884902840059793,0.8865740740740741,-1.524804177545692,2.0574412532637076,0.42824074074074076,0.6273148148148148
4994,0.16435185185185186,0.6118143459915611,0.25910126215913526,0.32286995515695066,0.8865740740740741,-1.3342036553524803,2.0809399477806787,0.44907407407407407,0.6296296296296297
4995,0.15046296296296297,0.6118143459915611,0.2415273239797553,0.31390134529147984,0.8865740740740741,-1.3994778067885119,2.0417754569190603,0.40046296296296297,0.6388888888888888
4996,0.1527777777777778,0.6118143459915611,0.24450065149076416,0.3153961136023916,0.8865740740740741,-1.3785900783289817,2.177545691906005,0.42824074074074076,0.5925925925925926
4997,0.18518518518518517,0.6118143459915611,0.284313725490196,0.336322869955157,0.8865740740740741,-1.443864229765013,2.0966057441253265,0.4351851851851852,0.6134259259259259
4998,0.18287037037037038,0.6118143459915611,0.28157762127748487,0.33482810164424515,0.8865740740740741,-1.4255874673629243,2.0417754569190603,0.4513888888888889,0.6388888888888888
4999,0.15046296296296297,0.6118143459915611,0.2415273239797553,0.31390134529147984,0.8865740740740741,-1.3759791122715406,2.028720626631854,0.42824074074074076,0.6365740740740741
