readout_id,trace_id,source,step_index,first_error,invalid_so_far,error_onset,direction_type,direction_index,alpha,verdict_score,baseline_verdict_score,delta_verdict_score
step-error-yes-no-v1,omnimath-575,omnimath,3,-1,0,0,learned,-1,0.0,-0.3852839469909668,-0.3852839469909668,0.0
step-error-yes-no-v1,gsm8k-264,gsm8k,2,1,1,0,learned,-1,0.0,-0.1853331923484802,-0.1853331923484802,0.0
step-error-yes-no-v1,omnimath-523,omnimath,2,0,1,0,learned,-1,0.0,0.0312398374080657,0.0312398374080657,0.0
step-error-yes-no-v1,olympiadbench-586,olympiadbench,9,-1,0,0,learned,-1,0.0,-0.1853331923484802,-0.1853331923484802,0.0
step-error-yes-no-v1,gsm8k-161,gsm8k,3,2,1,0,learned,-1,0.0,0.3583573997020721,0.3583573997020721,0.0
step-error-yes-no-v1,omnimath-63,omnimath,1,2,0,0,learned,-1,0.0,0.4497405886650085,0.4497405886650085,0.0
step-error-yes-no-v1,math-304,math,1,3,0,0,learned,-1,0.0,0.5098299980163574,0.5098299980163574,0.0
step-error-yes-no-v1,olympiadbench-884,olympiadbench,0,-1,0,0,learned,-1,0.0,0.0624187588691711,0.0624187588691711,0.0
step-error-yes-no-v1,omnimath-514,omnimath,6,1,1,0,learned,-1,0.0,-0.1243530213832855,-0.1243530213832855,0.0
step-error-yes-no-v1,olympiadbench-275,olympiadbench,6,1,1,0,learned,-1,0.0,-0.4115700721740722,-0.4115700721740722,0.0
step-error-yes-no-v1,omnimath-573,omnimath,0,1,0,0,learned,-1,0.0,0.3308211266994476,0.3308211266994476,0.0
step-error-yes-no-v1,omnimath-674,omnimath,0,-1,0,0,learned,-1,0.0,0.1853331923484802,0.1853331923484802,0.0
step-error-yes-no-v1,math-885,math,2,-1,0,0,learned,-1,0.0,0.7340714931488037,0.7340714931488037,0.0
step-error-yes-no-v1,math-384,math,1,4,0,0,learned,-1,0.0,0.0624187588691711,0.0624187588691711,0.0
step-error-yes-no-v1,olympiadbench-886,olympiadbench,5,-1,0,0,learned,-1,0.0,0.7117023468017578,0.7117023468017578,0.0
step-error-yes-no-v1,olympiadbench-118,olympiadbench,9,8,1,0,learned,-1,0.0,-0.5098299980163574,-0.5098299980163574,0.0
step-error-yes-no-v1,olympiadbench-200,olympiadbench,1,3,0,0,learned,-1,0.0,0.719327449798584,0.719327449798584,0.0
step-error-yes-no-v1,math-259,math,5,2,1,0,learned,-1,0.0,0.077966421842575,0.077966421842575,0.0
step-error-yes-no-v1,math-98,math,2,0,1,0,learned,-1,0.0,0.8526074290275574,0.8526074290275574,0.0
step-error-yes-no-v1,math-499,math,4,3,1,0,learned,-1,0.0,-0.653423547744751,-0.653423547744751,0.0
step-error-yes-no-v1,math-648,math,0,-1,0,0,learned,-1,0.0,0.7481544017791748,0.7481544017791748,0.0
step-error-yes-no-v1,olympiadbench-360,olympiadbench,1,1,1,1,learned,-1,0.0,0.3308211266994476,0.3308211266994476,0.0
step-error-yes-no-v1,omnimath-497,omnimath,1,1,1,1,learned,-1,0.0,0.3308211266994476,0.3308211266994476,0.0
step-error-yes-no-v1,olympiadbench-159,olympiadbench,2,13,0,0,learned,-1,0.0,0.7805885076522827,0.7805885076522827,0.0
step-error-yes-no-v1,olympiadbench-358,olympiadbench,8,1,1,0,learned,-1,0.0,0.5213013291358948,0.5213013291358948,0.0
step-error-yes-no-v1,omnimath-460,omnimath,7,2,1,0,learned,-1,0.0,0.2449186742305755,0.2449186742305755,0.0
step-error-yes-no-v1,olympiadbench-757,olympiadbench,6,-1,0,0,learned,-1,0.0,0.0,0.0,0.0
step-error-yes-no-v1,math-92,math,0,1,0,0,learned,-1,0.0,0.2153263688087463,0.2153263688087463,0.0
step-error-yes-no-v1,math-27,math,2,1,1,0,learned,-1,0.0,0.5436869859695435,0.5436869859695435,0.0
step-error-yes-no-v1,math-387,math,0,1,0,0,learned,-1,0.0,0.5325872898101807,0.5325872898101807,0.0
step-error-yes-no-v1,omnimath-81,omnimath,2,4,0,0,learned,-1,0.0,0.2449186742305755,0.2449186742305755,0.0
step-error-yes-no-v1,math-418,math,2,1,1,0,learned,-1,0.0,0.6709671020507812,0.6709671020507812,0.0
step-error-yes-no-v1,math-35,math,1,2,0,0,learned,-1,0.0,0.4621171057224273,0.4621171057224273,0.0
step-error-yes-no-v1,olympiadbench-844,olympiadbench,5,-1,0,0,learned,-1,0.0,0.4115700721740722,0.4115700721740722,0.0
step-error-yes-no-v1,gsm8k-208,gsm8k,1,4,0,0,learned,-1,0.0,0.6709671020507812,0.6709671020507812,0.0
step-error-yes-no-v1,omnimath-582,omnimath,5,4,1,0,learned,-1,0.0,-0.5963735580444336,-0.5963735580444336,0.0
step-error-yes-no-v1,omnimath-182,omnimath,4,1,1,0,learned,-1,0.0,0.2153263688087463,0.2153263688087463,0.0
step-error-yes-no-v1,omnimath-451,omnimath,2,1,1,0,learned,-1,0.0,-0.2740616202354431,-0.2740616202354431,0.0
step-error-yes-no-v1,olympiadbench-154,olympiadbench,3,3,1,1,learned,-1,0.0,0.5436869859695435,0.5436869859695435,0.0
step-error-yes-no-v1,olympiadbench-568,olympiadbench,1,4,0,0,learned,-1,0.0,0.6709671020507812,0.6709671020507812,0.0
step-error-yes-no-v1,omnimath-429,omnimath,0,2,0,0,learned,-1,0.0,0.093476265668869,0.093476265668869,0.0
step-error-yes-no-v1,olympiadbench-919,olympiadbench,8,-1,0,0,learned,-1,0.0,-0.2449186742305755,-0.2449186742305755,0.0
step-error-yes-no-v1,math-46,math,0,3,0,0,learned,-1,0.0,0.5325872898101807,0.5325872898101807,0.0
step-error-yes-no-v1,math-163,math,1,3,0,0,learned,-1,0.0,0.4371887743473053,0.4371887743473053,0.0
step-error-yes-no-v1,olympiadbench-665,olympiadbench,8,3,1,0,learned,-1,0.0,-0.2884502410888672,-0.2884502410888672,0.0
step-error-yes-no-v1,gsm8k-144,gsm8k,2,1,1,0,learned,-1,0.0,0.6063475608825684,0.6063475608825684,0.0
step-error-yes-no-v1,gsm8k-33,gsm8k,2,2,1,1,learned,-1,0.0,0.2003766596317291,0.2003766596317291,0.0
step-error-yes-no-v1,olympiadbench-293,olympiadbench,2,1,1,0,learned,-1,0.0,0.1549907624721527,0.1549907624721527,0.0
step-error-yes-no-v1,math-664,math,0,-1,0,0,learned,-1,0.0,0.946481466293335,0.946481466293335,0.0
step-error-yes-no-v1,olympiadbench-153,olympiadbench,0,2,0,0,learned,-1,0.0,0.0,0.0,0.0
step-error-yes-no-v1,math-738,math,1,-1,0,0,learned,-1,0.0,0.2153263688087463,0.2153263688087463,0.0
step-error-yes-no-v1,math-293,math,5,3,1,0,learned,-1,0.0,-0.2153263688087463,-0.2153263688087463,0.0
step-error-yes-no-v1,omnimath-571,omnimath,0,2,0,0,learned,-1,0.0,0.1243530213832855,0.1243530213832855,0.0
step-error-yes-no-v1,math-409,math,6,4,1,0,learned,-1,0.0,0.0,0.0,0.0
step-error-yes-no-v1,omnimath-996,omnimath,2,1,1,0,learned,-1,0.0,-0.0312398374080657,-0.0312398374080657,0.0
step-error-yes-no-v1,olympiadbench-442,olympiadbench,1,4,0,0,learned,-1,0.0,0.4863359332084656,0.4863359332084656,0.0
step-error-yes-no-v1,math-363,math,4,2,1,0,learned,-1,0.0,-0.6063475608825684,-0.6063475608825684,0.0
step-error-yes-no-v1,math-545,math,9,-1,0,0,learned,-1,0.0,-0.3852839469909668,-0.3852839469909668,0.0
step-error-yes-no-v1,omnimath-931,omnimath,8,6,1,0,learned,-1,0.0,-0.5436869859695435,-0.5436869859695435,0.0
step-error-yes-no-v1,olympiadbench-898,olympiadbench,6,1,1,0,learned,-1,0.0,-0.6709671020507812,-0.6709671020507812,0.0
step-error-yes-no-v1,omnimath-655,omnimath,8,5,1,0,learned,-1,0.0,-0.2153263688087463,-0.2153263688087463,0.0
step-error-yes-no-v1,math-747,math,2,-1,0,0,learned,-1,0.0,0.7117023468017578,0.7117023468017578,0.0
step-error-yes-no-v1,omnimath-938,omnimath,1,5,0,0,learned,-1,0.0,0.3852839469909668,0.3852839469909668,0.0
step-error-yes-no-v1,omnimath-383,omnimath,4,2,1,0,learned,-1,0.0,0.1853331923484802,0.1853331923484802,0.0
step-error-yes-no-v1,math-508,math,7,-1,0,0,learned,-1,0.0,-0.0312398374080657,-0.0312398374080657,0.0
step-error-yes-no-v1,omnimath-359,omnimath,0,1,0,0,learned,-1,0.0,0.4981744289398193,0.4981744289398193,0.0
step-error-yes-no-v1,olympiadbench-247,olympiadbench,3,2,1,0,learned,-1,0.0,0.4863359332084656,0.4863359332084656,0.0
step-error-yes-no-v1,math-606,math,3,-1,0,0,learned,-1,0.0,0.7615941166877747,0.7615941166877747,0.0
step-error-yes-no-v1,omnimath-722,omnimath,7,4,1,0,learned,-1,0.0,-0.4621171057224273,-0.4621171057224273,0.0
step-error-yes-no-v1,omnimath-766,omnimath,3,1,1,0,learned,-1,0.0,0.653423547744751,0.653423547744751,0.0
step-error-yes-no-v1,omnimath-382,omnimath,0,1,0,0,learned,-1,0.0,0.2449186742305755,0.2449186742305755,0.0
step-error-yes-no-v1,omnimath-349,omnimath,7,7,1,1,learned,-1,0.0,-0.371898889541626,-0.371898889541626,0.0
step-error-yes-no-v1,omnimath-341,omnimath,0,5,0,0,learned,-1,0.0,0.5545997619628906,0.5545997619628906,0.0
step-error-yes-no-v1,omnimath-968,omnimath,6,2,1,0,learned,-1,0.0,-0.3027097582817077,-0.3027097582817077,0.0
step-error-yes-no-v1,math-170,math,8,8,1,1,learned,-1,0.0,-0.0624187588691711,-0.0624187588691711,0.0
step-error-yes-no-v1,gsm8k-242,gsm8k,3,-1,0,0,learned,-1,0.0,-0.2884502410888672,-0.2884502410888672,0.0
step-error-yes-no-v1,olympiadbench-580,olympiadbench,7,2,1,0,learned,-1,0.0,-0.2449186742305755,-0.2449186742305755,0.0
step-error-yes-no-v1,omnimath-168,omnimath,0,1,0,0,learned,-1,0.0,0.1243530213832855,0.1243530213832855,0.0
step-error-yes-no-v1,olympiadbench-54,olympiadbench,5,1,1,0,learned,-1,0.0,0.0312398374080657,0.0312398374080657,0.0
step-error-yes-no-v1,math-936,math,3,0,1,0,learned,-1,0.0,0.1549907624721527,0.1549907624721527,0.0
step-error-yes-no-v1,olympiadbench-475,olympiadbench,2,4,0,0,learned,-1,0.0,0.0624187588691711,0.0624187588691711,0.0
step-error-yes-no-v1,math-483,math,4,3,1,0,learned,-1,0.0,0.1853331923484802,0.1853331923484802,0.0
step-error-yes-no-v1,olympiadbench-95,olympiadbench,7,2,1,0,learned,-1,0.0,-0.093476265668869,-0.093476265668869,0.0
step-error-yes-no-v1,olympiadbench-306,olympiadbench,7,3,1,0,learned,-1,0.0,-0.1243530213832855,-0.1243530213832855,0.0
step-error-yes-no-v1,omnimath-335,omnimath,3,0,1,0,learned,-1,0.0,-0.4743163287639618,-0.4743163287639618,0.0
step-error-yes-no-v1,omnimath-824,omnimath,5,-1,0,0,learned,-1,0.0,-0.2153263688087463,-0.2153263688087463,0.0
step-error-yes-no-v1,omnimath-831,omnimath,0,-1,0,0,learned,-1,0.0,0.4115700721740722,0.4115700721740722,0.0
step-error-yes-no-v1,omnimath-531,omnimath,4,-1,0,0,learned,-1,0.0,0.8093010187149048,0.8093010187149048,0.0
step-error-yes-no-v1,olympiadbench-63,olympiadbench,4,2,1,0,learned,-1,0.0,-0.4371887743473053,-0.4371887743473053,0.0
step-error-yes-no-v1,olympiadbench-268,olympiadbench,0,2,0,0,learned,-1,0.0,0.1549907624721527,0.1549907624721527,0.0
step-error-yes-no-v1,gsm8k-151,gsm8k,6,5,1,0,learned,-1,0.0,-0.2595492601394653,-0.2595492601394653,0.0
step-error-yes-no-v1,gsm8k-65,gsm8k,2,4,0,0,learned,-1,0.0,0.3027097582817077,0.3027097582817077,0.0
step-error-yes-no-v1,omnimath-725,omnimath,9,-1,0,0,learned,-1,0.0,-0.0624187588691711,-0.0624187588691711,0.0
step-error-yes-no-v1,omnimath-851,omnimath,4,2,1,0,learned,-1,0.0,0.3027097582817077,0.3027097582817077,0.0
step-error-yes-no-v1,omnimath-132,omnimath,3,0,1,0,learned,-1,0.0,-0.0312398374080657,-0.0312398374080657,0.0
step-error-yes-no-v1,olympiadbench-866,olympiadbench,4,1,1,0,learned,-1,0.0,0.1549907624721527,0.1549907624721527,0.0
step-error-yes-no-v1,gsm8k-106,gsm8k,2,1,1,0,learned,-1,0.0,-0.093476265668869,-0.093476265668869,0.0
step-error-yes-no-v1,olympiadbench-373,olympiadbench,4,2,1,0,learned,-1,0.0,0.5963735580444336,0.5963735580444336,0.0
step-error-yes-no-v1,math-299,math,2,2,1,1,learned,-1,0.0,0.4863359332084656,0.4863359332084656,0.0
step-error-yes-no-v1,gsm8k-74,gsm8k,6,4,1,0,learned,-1,0.0,0.4863359332084656,0.4863359332084656,0.0
step-error-yes-no-v1,olympiadbench-80,olympiadbench,10,7,1,0,learned,-1,0.0,0.1853331923484802,0.1853331923484802,0.0
step-error-yes-no-v1,math-563,math,4,2,1,0,learned,-1,0.0,0.8833082914352417,0.8833082914352417,0.0
step-error-yes-no-v1,olympiadbench-9,olympiadbench,0,3,0,0,learned,-1,0.0,0.1089409291744232,0.1089409291744232,0.0
step-error-yes-no-v1,omnimath-252,omnimath,2,6,0,0,learned,-1,0.0,0.0624187588691711,0.0624187588691711,0.0
step-error-yes-no-v1,olympiadbench-76,olympiadbench,8,7,1,0,learned,-1,0.0,-0.1549907624721527,-0.1549907624721527,0.0
step-error-yes-no-v1,math-658,math,5,-1,0,0,learned,-1,0.0,-0.0312398374080657,-0.0312398374080657,0.0
step-error-yes-no-v1,olympiadbench-46,olympiadbench,4,4,1,1,learned,-1,0.0,-0.6443782448768616,-0.6443782448768616,0.0
step-error-yes-no-v1,gsm8k-319,gsm8k,1,-1,0,0,learned,-1,0.0,0.7680785655975342,0.7680785655975342,0.0
step-error-yes-no-v1,olympiadbench-517,olympiadbench,0,-1,0,0,learned,-1,0.0,0.2740616202354431,0.2740616202354431,0.0
step-error-yes-no-v1,omnimath-517,omnimath,2,1,1,0,learned,-1,0.0,0.0,0.0,0.0
step-error-yes-no-v1,olympiadbench-21,olympiadbench,8,5,1,0,learned,-1,0.0,-0.1853331923484802,-0.1853331923484802,0.0
step-error-yes-no-v1,gsm8k-105,gsm8k,1,1,1,1,learned,-1,0.0,0.4115700721740722,0.4115700721740722,0.0
step-error-yes-no-v1,math-632,math,1,-1,0,0,learned,-1,0.0,0.7680785655975342,0.7680785655975342,0.0
step-error-yes-no-v1,olympiadbench-61,olympiadbench,7,1,1,0,learned,-1,0.0,-0.653423547744751,-0.653423547744751,0.0
step-error-yes-no-v1,math-65,math,4,8,0,0,learned,-1,0.0,0.7805885076522827,0.7805885076522827,0.0
step-error-yes-no-v1,math-372,math,3,3,1,1,learned,-1,0.0,0.4743163287639618,0.4743163287639618,0.0
step-error-yes-no-v1,gsm8k-250,gsm8k,0,-1,0,0,learned,-1,0.0,0.6443782448768616,0.6443782448768616,0.0
step-error-yes-no-v1,omnimath-942,omnimath,2,-1,0,0,learned,-1,0.0,0.5098299980163574,0.5098299980163574,0.0
step-error-yes-no-v1,math-958,math,10,7,1,0,learned,-1,0.0,-0.4115700721740722,-0.4115700721740722,0.0
step-error-yes-no-v1,omnimath-943,omnimath,1,4,0,0,learned,-1,0.0,0.2449186742305755,0.2449186742305755,0.0
step-error-yes-no-v1,gsm8k-61,gsm8k,0,1,0,0,learned,-1,0.0,0.0468407273292541,0.0468407273292541,0.0
step-error-yes-no-v1,omnimath-329,omnimath,9,8,1,0,learned,-1,0.0,-0.5963735580444336,-0.5963735580444336,0.0
step-error-yes-no-v1,olympiadbench-20,olympiadbench,2,1,1,0,learned,-1,0.0,0.2449186742305755,0.2449186742305755,0.0
step-error-yes-no-v1,math-228,math,6,6,1,1,learned,-1,0.0,-0.2740616202354431,-0.2740616202354431,0.0
step-error-yes-no-v1,olympiadbench-141,olympiadbench,4,2,1,0,learned,-1,0.0,-0.4621171057224273,-0.4621171057224273,0.0
step-error-yes-no-v1,olympiadbench-261,olympiadbench,6,6,1,1,learned,-1,0.0,-0.7680785655975342,-0.7680785655975342,0.0
step-error-yes-no-v1,gsm8k-21,gsm8k,3,5,0,0,learned,-1,0.0,-0.1089409291744232,-0.1089409291744232,0.0
step-error-yes-no-v1,math-962,math,4,-1,0,0,learned,-1,0.0,0.1089409291744232,0.1089409291744232,0.0
step-error-yes-no-v1,omnimath-536,omnimath,1,-1,0,0,learned,-1,0.0,0.5325872898101807,0.5325872898101807,0.0
step-error-yes-no-v1,olympiadbench-962,olympiadbench,0,2,0,0,learned,-1,0.0,0.3308211266994476,0.3308211266994476,0.0
step-error-yes-no-v1,math-25,math,9,5,1,0,learned,-1,0.0,0.0312398374080657,0.0312398374080657,0.0
step-error-yes-no-v1,olympiadbench-424,olympiadbench,11,11,1,1,learned,-1,0.0,0.2153263688087463,0.2153263688087463,0.0
step-error-yes-no-v1,olympiadbench-72,olympiadbench,3,1,1,0,learned,-1,0.0,0.7117023468017578,0.7117023468017578,0.0
step-error-yes-no-v1,omnimath-381,omnimath,0,3,0,0,learned,-1,0.0,0.1549907624721527,0.1549907624721527,0.0
step-error-yes-no-v1,math-700,math,2,-1,0,0,learned,-1,0.0,0.7340714931488037,0.7340714931488037,0.0
step-error-yes-no-v1,olympiadbench-315,olympiadbench,5,5,1,1,learned,-1,0.0,-0.0312398374080657,-0.0312398374080657,0.0
step-error-yes-no-v1,omnimath-408,omnimath,0,1,0,0,learned,-1,0.0,0.3168350160121918,0.3168350160121918,0.0
step-error-yes-no-v1,olympiadbench-507,olympiadbench,1,-1,0,0,learned,-1,0.0,0.5098299980163574,0.5098299980163574,0.0
step-error-yes-no-v1,omnimath-259,omnimath,7,6,1,0,learned,-1,0.0,-0.2449186742305755,-0.2449186742305755,0.0
step-error-yes-no-v1,gsm8k-348,gsm8k,3,-1,0,0,learned,-1,0.0,0.8038413524627686,0.8038413524627686,0.0
step-error-yes-no-v1,omnimath-893,omnimath,3,2,1,0,learned,-1,0.0,0.4863359332084656,0.4863359332084656,0.0
step-error-yes-no-v1,gsm8k-66,gsm8k,8,6,1,0,learned,-1,0.0,-0.5213013291358948,-0.5213013291358948,0.0
step-error-yes-no-v1,olympiadbench-296,olympiadbench,4,2,1,0,learned,-1,0.0,0.0,0.0,0.0
step-error-yes-no-v1,omnimath-392,omnimath,5,6,0,0,learned,-1,0.0,0.0156237185001373,0.0156237185001373,0.0
step-error-yes-no-v1,omnimath-468,omnimath,2,5,0,0,learned,-1,0.0,0.0,0.0,0.0
step-error-yes-no-v1,olympiadbench-73,olympiadbench,9,10,0,0,learned,-1,0.0,0.4621171057224273,0.4621171057224273,0.0
step-error-yes-no-v1,olympiadbench-79,olympiadbench,11,11,1,1,learned,-1,0.0,0.5325872898101807,0.5325872898101807,0.0
step-error-yes-no-v1,math-731,math,3,-1,0,0,learned,-1,0.0,0.2153263688087463,0.2153263688087463,0.0
step-error-yes-no-v1,math-528,math,4,-1,0,0,learned,-1,0.0,0.3852839469909668,0.3852839469909668,0.0
step-error-yes-no-v1,gsm8k-194,gsm8k,1,2,0,0,learned,-1,0.0,0.5325872898101807,0.5325872898101807,0.0
step-error-yes-no-v1,math-790,math,0,-1,0,0,learned,-1,0.0,0.719327449798584,0.719327449798584,0.0
step-error-yes-no-v1,olympiadbench-31,olympiadbench,5,5,1,1,learned,-1,0.0,0.1549907624721527,0.1549907624721527,0.0
step-error-yes-no-v1,omnimath-865,omnimath,1,3,0,0,learned,-1,0.0,0.3985088169574737,0.3985088169574737,0.0
step-error-yes-no-v1,omnimath-421,omnimath,4,3,1,0,learned,-1,0.0,-0.2740616202354431,-0.2740616202354431,0.0
step-error-yes-no-v1,math-926,math,7,4,1,0,learned,-1,0.0,-0.5653250217437744,-0.5653250217437744,0.0
step-error-yes-no-v1,math-100,math,0,1,0,0,learned,-1,0.0,0.5545997619628906,0.5545997619628906,0.0
step-error-yes-no-v1,math-247,math,3,5,0,0,learned,-1,0.0,-0.2449186742305755,-0.2449186742305755,0.0
step-error-yes-no-v1,math-482,math,5,3,1,0,learned,-1,0.0,0.0,0.0,0.0
step-error-yes-no-v1,gsm8k-164,gsm8k,0,0,1,1,learned,-1,0.0,0.6161344051361084,0.6161344051361084,0.0
step-error-yes-no-v1,math-865,math,3,-1,0,0,learned,-1,0.0,-0.0624187588691711,-0.0624187588691711,0.0
step-error-yes-no-v1,math-488,math,3,1,1,0,learned,-1,0.0,0.7411946058273315,0.7411946058273315,0.0
step-error-yes-no-v1,olympiadbench-503,olympiadbench,8,-1,0,0,learned,-1,0.0,-0.2301757037639618,-0.2301757037639618,0.0
step-error-yes-no-v1,olympiadbench-342,olympiadbench,0,1,0,0,learned,-1,0.0,0.2449186742305755,0.2449186742305755,0.0
step-error-yes-no-v1,math-447,math,1,0,1,0,learned,-1,0.0,0.7117023468017578,0.7117023468017578,0.0
step-error-yes-no-v1,olympiadbench-763,olympiadbench,8,2,1,0,learned,-1,0.0,-0.093476265668869,-0.093476265668869,0.0
step-error-yes-no-v1,math-754,math,3,-1,0,0,learned,-1,0.0,-0.3027097582817077,-0.3027097582817077,0.0
step-error-yes-no-v1,gsm8k-55,gsm8k,0,0,1,1,learned,-1,0.0,0.4371887743473053,0.4371887743473053,0.0
step-error-yes-no-v1,olympiadbench-17,olympiadbench,7,6,1,0,learned,-1,0.0,-0.3027097582817077,-0.3027097582817077,0.0
step-error-yes-no-v1,math-146,math,0,1,0,0,learned,-1,0.0,0.5325872898101807,0.5325872898101807,0.0
step-error-yes-no-v1,omnimath-881,omnimath,1,-1,0,0,learned,-1,0.0,0.2153263688087463,0.2153263688087463,0.0
step-error-yes-no-v1,olympiadbench-545,olympiadbench,2,2,1,1,learned,-1,0.0,-0.2153263688087463,-0.2153263688087463,0.0
step-error-yes-no-v1,math-650,math,6,-1,0,0,learned,-1,0.0,0.3027097582817077,0.3027097582817077,0.0
step-error-yes-no-v1,math-521,math,5,-1,0,0,learned,-1,0.0,-0.1549907624721527,-0.1549907624721527,0.0
step-error-yes-no-v1,math-454,math,6,6,1,1,learned,-1,0.0,-0.3027097582817077,-0.3027097582817077,0.0
step-error-yes-no-v1,olympiadbench-297,olympiadbench,3,3,1,1,learned,-1,0.0,0.7340714931488037,0.7340714931488037,0.0
step-error-yes-no-v1,math-37,math,2,1,1,0,learned,-1,0.0,0.3583573997020721,0.3583573997020721,0.0
step-error-yes-no-v1,gsm8k-244,gsm8k,0,-1,0,0,learned,-1,0.0,0.5098299980163574,0.5098299980163574,0.0
step-error-yes-no-v1,olympiadbench-485,olympiadbench,0,2,0,0,learned,-1,0.0,0.0312398374080657,0.0312398374080657,0.0
step-error-yes-no-v1,olympiadbench-746,olympiadbench,4,-1,0,0,learned,-1,0.0,-0.2449186742305755,-0.2449186742305755,0.0
step-error-yes-no-v1,math-717,math,2,-1,0,0,learned,-1,0.0,0.3852839469909668,0.3852839469909668,0.0
step-error-yes-no-v1,math-556,math,3,2,1,0,learned,-1,0.0,0.4863359332084656,0.4863359332084656,0.0
step-error-yes-no-v1,math-544,math,1,-1,0,0,learned,-1,0.0,0.7267831563949585,0.7267831563949585,0.0
step-error-yes-no-v1,gsm8k-199,gsm8k,2,2,1,1,learned,-1,0.0,0.5436869859695435,0.5436869859695435,0.0
step-error-yes-no-v1,math-875,math,1,1,1,1,learned,-1,0.0,0.7549536228179932,0.7549536228179932,0.0
step-error-yes-no-v1,olympiadbench-677,olympiadbench,0,1,0,0,learned,-1,0.0,0.2740616202354431,0.2740616202354431,0.0
step-error-yes-no-v1,math-466,math,5,2,1,0,learned,-1,0.0,0.4863359332084656,0.4863359332084656,0.0
step-error-yes-no-v1,omnimath-219,omnimath,0,1,0,0,learned,-1,0.0,0.6161344051361084,0.6161344051361084,0.0
step-error-yes-no-v1,math-774,math,3,4,0,0,learned,-1,0.0,0.3852839469909668,0.3852839469909668,0.0
step-error-yes-no-v1,omnimath-216,omnimath,4,2,1,0,learned,-1,0.0,-0.6443782448768616,-0.6443782448768616,0.0
step-error-yes-no-v1,omnimath-60,omnimath,2,1,1,0,learned,-1,0.0,0.653423547744751,0.653423547744751,0.0
step-error-yes-no-v1,olympiadbench-634,olympiadbench,2,0,1,0,learned,-1,0.0,0.0624187588691711,0.0624187588691711,0.0
step-error-yes-no-v1,olympiadbench-339,olympiadbench,0,1,0,0,learned,-1,0.0,0.2153263688087463,0.2153263688087463,0.0
step-error-yes-no-v1,omnimath-628,omnimath,2,-1,0,0,learned,-1,0.0,-0.3852839469909668,-0.3852839469909668,0.0
step-error-yes-no-v1,olympiadbench-3,olympiadbench,4,3,1,0,learned,-1,0.0,-0.1853331923484802,-0.1853331923484802,0.0
step-error-yes-no-v1,math-679,math,4,2,1,0,learned,-1,0.0,0.1853331923484802,0.1853331923484802,0.0
step-error-yes-no-v1,olympiadbench-149,olympiadbench,2,1,1,0,learned,-1,0.0,-0.5862119197845459,-0.5862119197845459,0.0
step-error-yes-no-v1,math-437,math,2,2,1,1,learned,-1,0.0,0.5545997619628906,0.5545997619628906,0.0
step-error-yes-no-v1,omnimath-213,omnimath,0,4,0,0,learned,-1,0.0,0.0,0.0,0.0
step-error-yes-no-v1,omnimath-705,omnimath,1,-1,0,0,learned,-1,0.0,0.5963735580444336,0.5963735580444336,0.0
step-error-yes-no-v1,omnimath-205,omnimath,6,3,1,0,learned,-1,0.0,-0.2740616202354431,-0.2740616202354431,0.0
step-error-yes-no-v1,omnimath-640,omnimath,3,-1,0,0,learned,-1,0.0,-0.4115700721740722,-0.4115700721740722,0.0
step-error-yes-no-v1,omnimath-198,omnimath,3,3,1,1,learned,-1,0.0,-0.7411946058273315,-0.7411946058273315,0.0
step-error-yes-no-v1,math-860,math,0,-1,0,0,learned,-1,0.0,0.3027097582817077,0.3027097582817077,0.0
step-error-yes-no-v1,math-725,math,1,2,0,0,learned,-1,0.0,-0.2153263688087463,-0.2153263688087463,0.0
step-error-yes-no-v1,math-234,math,0,1,0,0,learned,-1,0.0,0.8198139667510986,0.8198139667510986,0.0
step-error-yes-no-v1,math-542,math,1,2,0,0,learned,-1,0.0,0.6877902150154114,0.6877902150154114,0.0
step-error-yes-no-v1,math-406,math,1,1,1,1,learned,-1,0.0,0.8438436388969421,0.8438436388969421,0.0
step-error-yes-no-v1,omnimath-48,omnimath,6,4,1,0,learned,-1,0.0,-0.3027097582817077,-0.3027097582817077,0.0
step-error-yes-no-v1,olympiadbench-494,olympiadbench,3,1,1,0,learned,-1,0.0,0.3852839469909668,0.3852839469909668,0.0
step-error-yes-no-v1,math-220,math,3,1,1,0,learned,-1,0.0,0.8093010187149048,0.8093010187149048,0.0
step-error-yes-no-v1,math-81,math,0,2,0,0,learned,-1,0.0,0.8248723149299622,0.8248723149299622,0.0
step-error-yes-no-v1,gsm8k-334,gsm8k,2,-1,0,0,learned,-1,0.0,-0.0156237185001373,-0.0156237185001373,0.0
step-error-yes-no-v1,omnimath-170,omnimath,0,1,0,0,learned,-1,0.0,0.4115700721740722,0.4115700721740722,0.0
step-error-yes-no-v1,math-1,math,8,9,0,0,learned,-1,0.0,-0.4863359332084656,-0.4863359332084656,0.0
step-error-yes-no-v1,omnimath-65,omnimath,4,5,0,0,learned,-1,0.0,0.0624187588691711,0.0624187588691711,0.0
step-error-yes-no-v1,gsm8k-225,gsm8k,1,-1,0,0,learned,-1,0.0,0.2449186742305755,0.2449186742305755,0.0
step-error-yes-no-v1,olympiadbench-257,olympiadbench,1,2,0,0,learned,-1,0.0,0.5098299980163574,0.5098299980163574,0.0
step-error-yes-no-v1,omnimath-559,omnimath,0,2,0,0,learned,-1,0.0,0.1243530213832855,0.1243530213832855,0.0
step-error-yes-no-v1,math-739,math,7,5,1,0,learned,-1,0.0,-0.1853331923484802,-0.1853331923484802,0.0
step-error-yes-no-v1,omnimath-733,omnimath,5,-1,0,0,learned,-1,0.0,-0.3027097582817077,-0.3027097582817077,0.0
step-error-yes-no-v1,omnimath-490,omnimath,6,5,1,0,learned,-1,0.0,0.0624187588691711,0.0624187588691711,0.0
step-error-yes-no-v1,olympiadbench-274,olympiadbench,5,4,1,0,learned,-1,0.0,-0.5545997619628906,-0.5545997619628906,0.0
step-error-yes-no-v1,gsm8k-59,gsm8k,2,2,1,1,learned,-1,0.0,0.5098299980163574,0.5098299980163574,0.0
step-error-yes-no-v1,omnimath-368,omnimath,5,3,1,0,learned,-1,0.0,-0.2153263688087463,-0.2153263688087463,0.0
step-error-yes-no-v1,omnimath-362,omnimath,0,1,0,0,learned,-1,0.0,0.0312398374080657,0.0312398374080657,0.0
step-error-yes-no-v1,olympiadbench-52,olympiadbench,0,3,0,0,learned,-1,0.0,0.3027097582817077,0.3027097582817077,0.0
step-error-yes-no-v1,math-766,math,4,5,0,0,learned,-1,0.0,0.7039056420326233,0.7039056420326233,0.0
step-error-yes-no-v1,math-7,math,1,2,0,0,learned,-1,0.0,0.5758624076843262,0.5758624076843262,0.0
step-error-yes-no-v1,olympiadbench-732,olympiadbench,7,-1,0,0,learned,-1,0.0,-0.2740616202354431,-0.2740616202354431,0.0
step-error-yes-no-v1,omnimath-29,omnimath,0,2,0,0,learned,-1,0.0,0.5325872898101807,0.5325872898101807,0.0
step-error-yes-no-v1,omnimath-861,omnimath,2,0,1,0,learned,-1,0.0,0.0,0.0,0.0
step-error-yes-no-v1,omnimath-167,omnimath,0,2,0,0,learned,-1,0.0,-0.0312398374080657,-0.0312398374080657,0.0
step-error-yes-no-v1,omnimath-885,omnimath,6,-1,0,0,learned,-1,0.0,-0.1243530213832855,-0.1243530213832855,0.0
step-error-yes-no-v1,olympiadbench-286,olympiadbench,2,1,1,0,learned,-1,0.0,-0.3446633815765381,-0.3446633815765381,0.0
step-error-yes-no-v1,math-157,math,7,1,1,0,learned,-1,0.0,0.0312398374080657,0.0312398374080657,0.0
step-error-yes-no-v1,olympiadbench-8,olympiadbench,0,2,0,0,learned,-1,0.0,0.3308211266994476,0.3308211266994476,0.0
step-error-yes-no-v1,math-412,math,0,1,0,0,learned,-1,0.0,-0.3027097582817077,-0.3027097582817077,0.0
step-error-yes-no-v1,math-132,math,0,1,0,0,learned,-1,0.0,0.4863359332084656,0.4863359332084656,0.0
step-error-yes-no-v1,olympiadbench-365,olympiadbench,12,10,1,0,learned,-1,0.0,-0.653423547744751,-0.653423547744751,0.0
step-error-yes-no-v1,omnimath-457,omnimath,11,9,1,0,learned,-1,0.0,-0.6063475608825684,-0.6063475608825684,0.0
step-error-yes-no-v1,olympiadbench-232,olympiadbench,4,4,1,1,learned,-1,0.0,-0.4244643449783325,-0.4244643449783325,0.0
step-error-yes-no-v1,olympiadbench-836,olympiadbench,2,1,1,0,learned,-1,0.0,0.8146244883537292,0.8146244883537292,0.0
step-error-yes-no-v1,math-896,math,2,-1,0,0,learned,-1,0.0,0.5098299980163574,0.5098299980163574,0.0
step-error-yes-no-v1,gsm8k-170,gsm8k,2,1,1,0,learned,-1,0.0,0.2153263688087463,0.2153263688087463,0.0
step-error-yes-no-v1,math-568,math,0,3,0,0,learned,-1,0.0,0.3168350160121918,0.3168350160121918,0.0
step-error-yes-no-v1,omnimath-369,omnimath,1,2,0,0,learned,-1,0.0,0.1549907624721527,0.1549907624721527,0.0
step-error-yes-no-v1,math-52,math,2,1,1,0,learned,-1,0.0,0.1243530213832855,0.1243530213832855,0.0
step-error-yes-no-v1,gsm8k-304,gsm8k,0,-1,0,0,learned,-1,0.0,0.0624187588691711,0.0624187588691711,0.0
step-error-yes-no-v1,olympiadbench-867,olympiadbench,8,4,1,0,learned,-1,0.0,-0.3308211266994476,-0.3308211266994476,0.0
step-error-yes-no-v1,omnimath-524,omnimath,2,4,0,0,learned,-1,0.0,0.2449186742305755,0.2449186742305755,0.0
step-error-yes-no-v1,omnimath-736,omnimath,5,0,1,0,learned,-1,0.0,-0.6443782448768616,-0.6443782448768616,0.0
step-error-yes-no-v1,omnimath-234,omnimath,5,4,1,0,learned,-1,0.0,0.6794679164886475,0.6794679164886475,0.0
step-error-yes-no-v1,olympiadbench-998,olympiadbench,5,2,1,0,learned,-1,0.0,0.5098299980163574,0.5098299980163574,0.0
step-error-yes-no-v1,olympiadbench-228,olympiadbench,8,7,1,0,learned,-1,0.0,0.3308211266994476,0.3308211266994476,0.0
step-error-yes-no-v1,omnimath-409,omnimath,2,7,0,0,learned,-1,0.0,0.5325872898101807,0.5325872898101807,0.0
step-error-yes-no-v1,omnimath-6,omnimath,4,4,1,1,learned,-1,0.0,0.1853331923484802,0.1853331923484802,0.0
step-error-yes-no-v1,omnimath-575,omnimath,3,-1,0,0,learned,-1,-4.0,-0.3583573997020721,-0.3852839469909668,0.0269265472888946
step-error-yes-no-v1,gsm8k-264,gsm8k,2,1,1,0,learned,-1,-4.0,-0.2003766596317291,-0.1853331923484802,-0.0150434672832489
step-error-yes-no-v1,omnimath-523,omnimath,2,0,1,0,learned,-1,-4.0,0.0,0.0312398374080657,-0.0312398374080657
step-error-yes-no-v1,olympiadbench-586,olympiadbench,9,-1,0,0,learned,-1,-4.0,-0.1853331923484802,-0.1853331923484802,0.0
step-error-yes-no-v1,gsm8k-161,gsm8k,3,2,1,0,learned,-1,-4.0,0.3583573997020721,0.3583573997020721,0.0
step-error-yes-no-v1,omnimath-63,omnimath,1,2,0,0,learned,-1,-4.0,0.4497405886650085,0.4497405886650085,0.0
step-error-yes-no-v1,math-304,math,1,3,0,0,learned,-1,-4.0,0.4863359332084656,0.5098299980163574,-0.0234940648078918
step-error-yes-no-v1,olympiadbench-884,olympiadbench,0,-1,0,0,learned,-1,-4.0,0.0624187588691711,0.0624187588691711,0.0
step-error-yes-no-v1,omnimath-514,omnimath,6,1,1,0,learned,-1,-4.0,-0.093476265668869,-0.1243530213832855,0.0308767557144165
step-error-yes-no-v1,olympiadbench-275,olympiadbench,6,1,1,0,learned,-1,-4.0,-0.4371887743473053,-0.4115700721740722,-0.025618702173233
step-error-yes-no-v1,omnimath-573,omnimath,0,1,0,0,learned,-1,-4.0,0.3308211266994476,0.3308211266994476,0.0
step-error-yes-no-v1,omnimath-674,omnimath,0,-1,0,0,learned,-1,-4.0,0.1702023148536682,0.1853331923484802,-0.015130877494812
step-error-yes-no-v1,math-885,math,2,-1,0,0,learned,-1,-4.0,0.7411946058273315,0.7340714931488037,0.0071231126785278
step-error-yes-no-v1,math-384,math,1,4,0,0,learned,-1,-4.0,0.0624187588691711,0.0624187588691711,0.0
step-error-yes-no-v1,olympiadbench-886,olympiadbench,5,-1,0,0,learned,-1,-4.0,0.719327449798584,0.7117023468017578,0.0076251029968261
step-error-yes-no-v1,olympiadbench-118,olympiadbench,9,8,1,0,learned,-1,-4.0,-0.4863359332084656,-0.5098299980163574,0.0234940648078918
step-error-yes-no-v1,olympiadbench-200,olympiadbench,1,3,0,0,learned,-1,-4.0,0.719327449798584,0.719327449798584,0.0
step-error-yes-no-v1,math-259,math,5,2,1,0,learned,-1,-4.0,0.077966421842575,0.077966421842575,0.0
step-error-yes-no-v1,math-98,math,2,0,1,0,learned,-1,-4.0,0.8526074290275574,0.8526074290275574,0.0
step-error-yes-no-v1,math-499,math,4,3,1,0,learned,-1,-4.0,-0.653423547744751,-0.653423547744751,0.0
step-error-yes-no-v1,math-648,math,0,-1,0,0,learned,-1,-4.0,0.7615941166877747,0.7481544017791748,0.0134397149085998
step-error-yes-no-v1,olympiadbench-360,olympiadbench,1,1,1,1,learned,-1,-4.0,0.3308211266994476,0.3308211266994476,0.0
step-error-yes-no-v1,omnimath-497,omnimath,1,1,1,1,learned,-1,-4.0,0.3308211266994476,0.3308211266994476,0.0
step-error-yes-no-v1,olympiadbench-159,olympiadbench,2,13,0,0,learned,-1,-4.0,0.7866188287734985,0.7805885076522827,0.0060303211212158
step-error-yes-no-v1,olympiadbench-358,olympiadbench,8,1,1,0,learned,-1,-4.0,0.4863359332084656,0.5213013291358948,-0.0349653959274292
step-error-yes-no-v1,omnimath-460,omnimath,7,2,1,0,learned,-1,-4.0,0.2449186742305755,0.2449186742305755,0.0
step-error-yes-no-v1,olympiadbench-757,olympiadbench,6,-1,0,0,learned,-1,-4.0,-0.0312398374080657,0.0,-0.0312398374080657
step-error-yes-no-v1,math-92,math,0,1,0,0,learned,-1,-4.0,0.2153263688087463,0.2153263688087463,0.0
step-error-yes-no-v1,math-27,math,2,1,1,0,learned,-1,-4.0,0.5436869859695435,0.5436869859695435,0.0
step-error-yes-no-v1,math-387,math,0,1,0,0,learned,-1,-4.0,0.5325872898101807,0.5325872898101807,0.0
step-error-yes-no-v1,omnimath-81,omnimath,2,4,0,0,learned,-1,-4.0,0.2153263688087463,0.2449186742305755,-0.0295923054218292
step-error-yes-no-v1,math-418,math,2,1,1,0,learned,-1,-4.0,0.662286102771759,0.6709671020507812,-0.0086809992790222
step-error-yes-no-v1,math-35,math,1,2,0,0,learned,-1,-4.0,0.4621171057224273,0.4621171057224273,0.0
step-error-yes-no-v1,olympiadbench-844,olympiadbench,5,-1,0,0,learned,-1,-4.0,0.4115700721740722,0.4115700721740722,0.0
step-error-yes-no-v1,gsm8k-208,gsm8k,1,4,0,0,learned,-1,-4.0,0.662286102771759,0.6709671020507812,-0.0086809992790222
step-error-yes-no-v1,omnimath-582,omnimath,5,4,1,0,learned,-1,-4.0,-0.6161344051361084,-0.5963735580444336,-0.0197608470916748
step-error-yes-no-v1,omnimath-182,omnimath,4,1,1,0,learned,-1,-4.0,0.2740616202354431,0.2153263688087463,0.0587352514266967
step-error-yes-no-v1,omnimath-451,omnimath,2,1,1,0,learned,-1,-4.0,-0.2449186742305755,-0.2740616202354431,0.0291429460048675
step-error-yes-no-v1,olympiadbench-154,olympiadbench,3,3,1,1,learned,-1,-4.0,0.5325872898101807,0.5436869859695435,-0.0110996961593627
step-error-yes-no-v1,olympiadbench-568,olympiadbench,1,4,0,0,learned,-1,-4.0,0.653423547744751,0.6709671020507812,-0.0175435543060302
step-error-yes-no-v1,omnimath-429,omnimath,0,2,0,0,learned,-1,-4.0,0.093476265668869,0.093476265668869,0.0
step-error-yes-no-v1,olympiadbench-919,olympiadbench,8,-1,0,0,learned,-1,-4.0,-0.2449186742305755,-0.2449186742305755,0.0
step-error-yes-no-v1,math-46,math,0,3,0,0,learned,-1,-4.0,0.5325872898101807,0.5325872898101807,0.0
step-error-yes-no-v1,math-163,math,1,3,0,0,learned,-1,-4.0,0.4371887743473053,0.4371887743473053,0.0
step-error-yes-no-v1,olympiadbench-665,olympiadbench,8,3,1,0,learned,-1,-4.0,-0.2884502410888672,-0.2884502410888672,0.0
step-error-yes-no-v1,gsm8k-144,gsm8k,2,1,1,0,learned,-1,-4.0,0.6161344051361084,0.6063475608825684,0.00978684425354
step-error-yes-no-v1,gsm8k-33,gsm8k,2,2,1,1,learned,-1,-4.0,0.1853331923484802,0.2003766596317291,-0.0150434672832489
step-error-yes-no-v1,olympiadbench-293,olympiadbench,2,1,1,0,learned,-1,-4.0,0.1243530213832855,0.1549907624721527,-0.0306377410888671
step-error-yes-no-v1,math-664,math,0,-1,0,0,learned,-1,-4.0,0.949642300605774,0.946481466293335,0.0031608343124389
step-error-yes-no-v1,olympiadbench-153,olympiadbench,0,2,0,0,learned,-1,-4.0,0.0312398374080657,0.0,0.0312398374080657
step-error-yes-no-v1,math-738,math,1,-1,0,0,learned,-1,-4.0,0.2153263688087463,0.2153263688087463,0.0
step-error-yes-no-v1,math-293,math,5,3,1,0,learned,-1,-4.0,-0.2153263688087463,-0.2153263688087463,0.0
step-error-yes-no-v1,omnimath-571,omnimath,0,2,0,0,learned,-1,-4.0,0.1243530213832855,0.1243530213832855,0.0
step-error-yes-no-v1,math-409,math,6,4,1,0,learned,-1,-4.0,0.0,0.0,0.0
step-error-yes-no-v1,omnimath-996,omnimath,2,1,1,0,learned,-1,-4.0,0.0312398374080657,-0.0312398374080657,0.0624796748161315
step-error-yes-no-v1,olympiadbench-442,olympiadbench,1,4,0,0,learned,-1,-4.0,0.5098299980163574,0.4863359332084656,0.0234940648078918
step-error-yes-no-v1,math-363,math,4,2,1,0,learned,-1,-4.0,-0.6063475608825684,-0.6063475608825684,0.0
step-error-yes-no-v1,math-545,math,9,-1,0,0,learned,-1,-4.0,-0.3852839469909668,-0.3852839469909668,0.0
step-error-yes-no-v1,omnimath-931,omnimath,8,6,1,0,learned,-1,-4.0,-0.5325872898101807,-0.5436869859695435,0.0110996961593627
step-error-yes-no-v1,olympiadbench-898,olympiadbench,6,1,1,0,learned,-1,-4.0,-0.662286102771759,-0.6709671020507812,0.0086809992790222
step-error-yes-no-v1,omnimath-655,omnimath,8,5,1,0,learned,-1,-4.0,-0.2153263688087463,-0.2153263688087463,0.0
step-error-yes-no-v1,math-747,math,2,-1,0,0,learned,-1,-4.0,0.719327449798584,0.7117023468017578,0.0076251029968261
step-error-yes-no-v1,omnimath-938,omnimath,1,5,0,0,learned,-1,-4.0,0.3852839469909668,0.3852839469909668,0.0
step-error-yes-no-v1,omnimath-383,omnimath,4,2,1,0,learned,-1,-4.0,0.1853331923484802,0.1853331923484802,0.0
step-error-yes-no-v1,math-508,math,7,-1,0,0,learned,-1,-4.0,-0.0312398374080657,-0.0312398374080657,0.0
step-error-yes-no-v1,omnimath-359,omnimath,0,1,0,0,learned,-1,-4.0,0.4981744289398193,0.4981744289398193,0.0
step-error-yes-no-v1,olympiadbench-247,olympiadbench,3,2,1,0,learned,-1,-4.0,0.4863359332084656,0.4863359332084656,0.0
step-error-yes-no-v1,math-606,math,3,-1,0,0,learned,-1,-4.0,0.7549536228179932,0.7615941166877747,-0.0066404938697814
step-error-yes-no-v1,omnimath-722,omnimath,7,4,1,0,learned,-1,-4.0,-0.4621171057224273,-0.4621171057224273,0.0
step-error-yes-no-v1,omnimath-766,omnimath,3,1,1,0,learned,-1,-4.0,0.6351489424705505,0.653423547744751,-0.0182746052742004
step-error-yes-no-v1,omnimath-382,omnimath,0,1,0,0,learned,-1,-4.0,0.2153263688087463,0.2449186742305755,-0.0295923054218292
step-error-yes-no-v1,omnimath-349,omnimath,7,7,1,1,learned,-1,-4.0,-0.3985088169574737,-0.371898889541626,-0.0266099274158477
step-error-yes-no-v1,omnimath-341,omnimath,0,5,0,0,learned,-1,-4.0,0.5545997619628906,0.5545997619628906,0.0
step-error-yes-no-v1,omnimath-968,omnimath,6,2,1,0,learned,-1,-4.0,-0.3027097582817077,-0.3027097582817077,0.0
step-error-yes-no-v1,math-170,math,8,8,1,1,learned,-1,-4.0,-0.093476265668869,-0.0624187588691711,-0.0310575067996978
step-error-yes-no-v1,gsm8k-242,gsm8k,3,-1,0,0,learned,-1,-4.0,-0.3027097582817077,-0.2884502410888672,-0.0142595171928405
step-error-yes-no-v1,olympiadbench-580,olympiadbench,7,2,1,0,learned,-1,-4.0,-0.2449186742305755,-0.2449186742305755,0.0
step-error-yes-no-v1,omnimath-168,omnimath,0,1,0,0,learned,-1,-4.0,0.1549907624721527,0.1243530213832855,0.0306377410888671
step-error-yes-no-v1,olympiadbench-54,olympiadbench,5,1,1,0,learned,-1,-4.0,0.0312398374080657,0.0312398374080657,0.0
step-error-yes-no-v1,math-936,math,3,0,1,0,learned,-1,-4.0,0.1549907624721527,0.1549907624721527,0.0
step-error-yes-no-v1,olympiadbench-475,olympiadbench,2,4,0,0,learned,-1,-4.0,0.0624187588691711,0.0624187588691711,0.0
step-error-yes-no-v1,math-483,math,4,3,1,0,learned,-1,-4.0,0.1702023148536682,0.1853331923484802,-0.015130877494812
step-error-yes-no-v1,olympiadbench-95,olympiadbench,7,2,1,0,learned,-1,-4.0,-0.0624187588691711,-0.093476265668869,0.0310575067996978
step-error-yes-no-v1,olympiadbench-306,olympiadbench,7,3,1,0,learned,-1,-4.0,-0.1243530213832855,-0.1243530213832855,0.0
step-error-yes-no-v1,omnimath-335,omnimath,3,0,1,0,learned,-1,-4.0,-0.4497405886650085,-0.4743163287639618,0.0245757400989532
step-error-yes-no-v1,omnimath-824,omnimath,5,-1,0,0,learned,-1,-4.0,-0.2153263688087463,-0.2153263688087463,0.0
step-error-yes-no-v1,omnimath-831,omnimath,0,-1,0,0,learned,-1,-4.0,0.4115700721740722,0.4115700721740722,0.0
step-error-yes-no-v1,omnimath-531,omnimath,4,-1,0,0,learned,-1,-4.0,0.8146244883537292,0.8093010187149048,0.0053234696388244
step-error-yes-no-v1,olympiadbench-63,olympiadbench,4,2,1,0,learned,-1,-4.0,-0.4743163287639618,-0.4371887743473053,-0.0371275544166564
step-error-yes-no-v1,olympiadbench-268,olympiadbench,0,2,0,0,learned,-1,-4.0,0.1549907624721527,0.1549907624721527,0.0
step-error-yes-no-v1,gsm8k-151,gsm8k,6,5,1,0,learned,-1,-4.0,-0.2595492601394653,-0.2595492601394653,0.0
step-error-yes-no-v1,gsm8k-65,gsm8k,2,4,0,0,learned,-1,-4.0,0.3308211266994476,0.3027097582817077,0.0281113684177398
step-error-yes-no-v1,omnimath-725,omnimath,9,-1,0,0,learned,-1,-4.0,-0.0312398374080657,-0.0624187588691711,0.0311789214611053
step-error-yes-no-v1,omnimath-851,omnimath,4,2,1,0,learned,-1,-4.0,0.3308211266994476,0.3027097582817077,0.0281113684177398
step-error-yes-no-v1,omnimath-132,omnimath,3,0,1,0,learned,-1,-4.0,-0.0312398374080657,-0.0312398374080657,0.0
step-error-yes-no-v1,olympiadbench-866,olympiadbench,4,1,1,0,learned,-1,-4.0,0.1549907624721527,0.1549907624721527,0.0
step-error-yes-no-v1,gsm8k-106,gsm8k,2,1,1,0,learned,-1,-4.0,-0.093476265668869,-0.093476265668869,0.0
step-error-yes-no-v1,olympiadbench-373,olympiadbench,4,2,1,0,learned,-1,-4.0,0.5963735580444336,0.5963735580444336,0.0
step-error-yes-no-v1,math-299,math,2,2,1,1,learned,-1,-4.0,0.4621171057224273,0.4863359332084656,-0.0242188274860382
step-error-yes-no-v1,gsm8k-74,gsm8k,6,4,1,0,learned,-1,-4.0,0.5098299980163574,0.4863359332084656,0.0234940648078918
step-error-yes-no-v1,olympiadbench-80,olympiadbench,10,7,1,0,learned,-1,-4.0,0.2153263688087463,0.1853331923484802,0.0299931764602661
step-error-yes-no-v1,math-563,math,4,2,1,0,learned,-1,-4.0,0.8899893760681152,0.8833082914352417,0.0066810846328735
step-error-yes-no-v1,olympiadbench-9,olympiadbench,0,3,0,0,learned,-1,-4.0,0.1089409291744232,0.1089409291744232,0.0
step-error-yes-no-v1,omnimath-252,omnimath,2,6,0,0,learned,-1,-4.0,0.077966421842575,0.0624187588691711,0.0155476629734039
step-error-yes-no-v1,olympiadbench-76,olympiadbench,8,7,1,0,learned,-1,-4.0,-0.1549907624721527,-0.1549907624721527,0.0
step-error-yes-no-v1,math-658,math,5,-1,0,0,learned,-1,-4.0,-0.0624187588691711,-0.0312398374080657,-0.0311789214611053
step-error-yes-no-v1,olympiadbench-46,olympiadbench,4,4,1,1,learned,-1,-4.0,-0.6443782448768616,-0.6443782448768616,0.0
step-error-yes-no-v1,gsm8k-319,gsm8k,1,-1,0,0,learned,-1,-4.0,0.7680785655975342,0.7680785655975342,0.0
step-error-yes-no-v1,olympiadbench-517,olympiadbench,0,-1,0,0,learned,-1,-4.0,0.2740616202354431,0.2740616202354431,0.0
step-error-yes-no-v1,omnimath-517,omnimath,2,1,1,0,learned,-1,-4.0,0.0312398374080657,0.0,0.0312398374080657
step-error-yes-no-v1,olympiadbench-21,olympiadbench,8,5,1,0,learned,-1,-4.0,-0.1853331923484802,-0.1853331923484802,0.0
step-error-yes-no-v1,gsm8k-105,gsm8k,1,1,1,1,learned,-1,-4.0,0.4115700721740722,0.4115700721740722,0.0
step-error-yes-no-v1,math-632,math,1,-1,0,0,learned,-1,-4.0,0.7680785655975342,0.7680785655975342,0.0
step-error-yes-no-v1,olympiadbench-61,olympiadbench,7,1,1,0,learned,-1,-4.0,-0.662286102771759,-0.653423547744751,-0.008862555027008
step-error-yes-no-v1,math-65,math,4,8,0,0,learned,-1,-4.0,0.7805885076522827,0.7805885076522827,0.0
step-error-yes-no-v1,math-372,math,3,3,1,1,learned,-1,-4.0,0.4863359332084656,0.4743163287639618,0.0120196044445037
step-error-yes-no-v1,gsm8k-250,gsm8k,0,-1,0,0,learned,-1,-4.0,0.662286102771759,0.6443782448768616,0.0179078578948974
step-error-yes-no-v1,omnimath-942,omnimath,2,-1,0,0,learned,-1,-4.0,0.4981744289398193,0.5098299980163574,-0.011655569076538
step-error-yes-no-v1,math-958,math,10,7,1,0,learned,-1,-4.0,-0.4371887743473053,-0.4115700721740722,-0.025618702173233
step-error-yes-no-v1,omnimath-943,omnimath,1,4,0,0,learned,-1,-4.0,0.2449186742305755,0.2449186742305755,0.0
step-error-yes-no-v1,gsm8k-61,gsm8k,0,1,0,0,learned,-1,-4.0,0.0624187588691711,0.0468407273292541,0.0155780315399169
step-error-yes-no-v1,omnimath-329,omnimath,9,8,1,0,learned,-1,-4.0,-0.5963735580444336,-0.5963735580444336,0.0
step-error-yes-no-v1,olympiadbench-20,olympiadbench,2,1,1,0,learned,-1,-4.0,0.2740616202354431,0.2449186742305755,0.0291429460048675
step-error-yes-no-v1,math-228,math,6,6,1,1,learned,-1,-4.0,-0.2740616202354431,-0.2740616202354431,0.0
step-error-yes-no-v1,olympiadbench-141,olympiadbench,4,2,1,0,learned,-1,-4.0,-0.4621171057224273,-0.4621171057224273,0.0
step-error-yes-no-v1,olympiadbench-261,olympiadbench,6,6,1,1,learned,-1,-4.0,-0.7680785655975342,-0.7680785655975342,0.0
step-error-yes-no-v1,gsm8k-21,gsm8k,3,5,0,0,learned,-1,-4.0,-0.1089409291744232,-0.1089409291744232,0.0
step-error-yes-no-v1,math-962,math,4,-1,0,0,learned,-1,-4.0,0.1089409291744232,0.1089409291744232,0.0
step-error-yes-no-v1,omnimath-536,omnimath,1,-1,0,0,learned,-1,-4.0,0.5098299980163574,0.5325872898101807,-0.0227572917938232
step-error-yes-no-v1,olympiadbench-962,olympiadbench,0,2,0,0,learned,-1,-4.0,0.3027097582817077,0.3308211266994476,-0.0281113684177398
step-error-yes-no-v1,math-25,math,9,5,1,0,learned,-1,-4.0,0.0624187588691711,0.0312398374080657,0.0311789214611053
step-error-yes-no-v1,olympiadbench-424,olympiadbench,11,11,1,1,learned,-1,-4.0,0.1853331923484802,0.2153263688087463,-0.0299931764602661
step-error-yes-no-v1,olympiadbench-72,olympiadbench,3,1,1,0,learned,-1,-4.0,0.7117023468017578,0.7117023468017578,0.0
step-error-yes-no-v1,omnimath-381,omnimath,0,3,0,0,learned,-1,-4.0,0.1243530213832855,0.1549907624721527,-0.0306377410888671
step-error-yes-no-v1,math-700,math,2,-1,0,0,learned,-1,-4.0,0.7340714931488037,0.7340714931488037,0.0
step-error-yes-no-v1,olympiadbench-315,olympiadbench,5,5,1,1,learned,-1,-4.0,-0.0312398374080657,-0.0312398374080657,0.0
step-error-yes-no-v1,omnimath-408,omnimath,0,1,0,0,learned,-1,-4.0,0.3027097582817077,0.3168350160121918,-0.014125257730484
step-error-yes-no-v1,olympiadbench-507,olympiadbench,1,-1,0,0,learned,-1,-4.0,0.5098299980163574,0.5098299980163574,0.0
step-error-yes-no-v1,omnimath-259,omnimath,7,6,1,0,learned,-1,-4.0,-0.2449186742305755,-0.2449186742305755,0.0
step-error-yes-no-v1,gsm8k-348,gsm8k,3,-1,0,0,learned,-1,-4.0,0.8038413524627686,0.8038413524627686,0.0
step-error-yes-no-v1,omnimath-893,omnimath,3,2,1,0,learned,-1,-4.0,0.4981744289398193,0.4863359332084656,0.0118384957313537
step-error-yes-no-v1,gsm8k-66,gsm8k,8,6,1,0,learned,-1,-4.0,-0.5098299980163574,-0.5213013291358948,0.0114713311195373
step-error-yes-no-v1,olympiadbench-296,olympiadbench,4,2,1,0,learned,-1,-4.0,0.0312398374080657,0.0,0.0312398374080657
step-error-yes-no-v1,omnimath-392,omnimath,5,6,0,0,learned,-1,-4.0,0.0156237185001373,0.0156237185001373,0.0
step-error-yes-no-v1,omnimath-468,omnimath,2,5,0,0,learned,-1,-4.0,0.0,0.0,0.0
step-error-yes-no-v1,olympiadbench-73,olympiadbench,9,10,0,0,learned,-1,-4.0,0.4371887743473053,0.4621171057224273,-0.024928331375122
step-error-yes-no-v1,olympiadbench-79,olympiadbench,11,11,1,1,learned,-1,-4.0,0.5325872898101807,0.5325872898101807,0.0
step-error-yes-no-v1,math-731,math,3,-1,0,0,learned,-1,-4.0,0.2153263688087463,0.2153263688087463,0.0
step-error-yes-no-v1,math-528,math,4,-1,0,0,learned,-1,-4.0,0.3852839469909668,0.3852839469909668,0.0
step-error-yes-no-v1,gsm8k-194,gsm8k,1,2,0,0,learned,-1,-4.0,0.5545997619628906,0.5325872898101807,0.0220124721527099
step-error-yes-no-v1,math-790,math,0,-1,0,0,learned,-1,-4.0,0.719327449798584,0.719327449798584,0.0
step-error-yes-no-v1,olympiadbench-31,olympiadbench,5,5,1,1,learned,-1,-4.0,0.1243530213832855,0.1549907624721527,-0.0306377410888671
step-error-yes-no-v1,omnimath-865,omnimath,1,3,0,0,learned,-1,-4.0,0.4244643449783325,0.3985088169574737,0.0259555280208587
step-error-yes-no-v1,omnimath-421,omnimath,4,3,1,0,learned,-1,-4.0,-0.2740616202354431,-0.2740616202354431,0.0
step-error-yes-no-v1,math-926,math,7,4,1,0,learned,-1,-4.0,-0.5436869859695435,-0.5653250217437744,0.0216380357742309
step-error-yes-no-v1,math-100,math,0,1,0,0,learned,-1,-4.0,0.5545997619628906,0.5545997619628906,0.0
step-error-yes-no-v1,math-247,math,3,5,0,0,learned,-1,-4.0,-0.2740616202354431,-0.2449186742305755,-0.0291429460048675
step-error-yes-no-v1,math-482,math,5,3,1,0,learned,-1,-4.0,0.0312398374080657,0.0,0.0312398374080657
step-error-yes-no-v1,gsm8k-164,gsm8k,0,0,1,1,learned,-1,-4.0,0.5963735580444336,0.6161344051361084,-0.0197608470916748
step-error-yes-no-v1,math-865,math,3,-1,0,0,learned,-1,-4.0,-0.0312398374080657,-0.0624187588691711,0.0311789214611053
step-error-yes-no-v1,math-488,math,3,1,1,0,learned,-1,-4.0,0.7481544017791748,0.7411946058273315,0.0069597959518432
step-error-yes-no-v1,olympiadbench-503,olympiadbench,8,-1,0,0,learned,-1,-4.0,-0.2301757037639618,-0.2301757037639618,0.0
step-error-yes-no-v1,olympiadbench-342,olympiadbench,0,1,0,0,learned,-1,-4.0,0.2449186742305755,0.2449186742305755,0.0
step-error-yes-no-v1,math-447,math,1,0,1,0,learned,-1,-4.0,0.7039056420326233,0.7117023468017578,-0.0077967047691345
step-error-yes-no-v1,olympiadbench-763,olympiadbench,8,2,1,0,learned,-1,-4.0,-0.1089409291744232,-0.093476265668869,-0.0154646635055542
step-error-yes-no-v1,math-754,math,3,-1,0,0,learned,-1,-4.0,-0.3027097582817077,-0.3027097582817077,0.0
step-error-yes-no-v1,gsm8k-55,gsm8k,0,0,1,1,learned,-1,-4.0,0.4371887743473053,0.4371887743473053,0.0
step-error-yes-no-v1,olympiadbench-17,olympiadbench,7,6,1,0,learned,-1,-4.0,-0.3027097582817077,-0.3027097582817077,0.0
step-error-yes-no-v1,math-146,math,0,1,0,0,learned,-1,-4.0,0.5325872898101807,0.5325872898101807,0.0
step-error-yes-no-v1,omnimath-881,omnimath,1,-1,0,0,learned,-1,-4.0,0.1853331923484802,0.2153263688087463,-0.0299931764602661
step-error-yes-no-v1,olympiadbench-545,olympiadbench,2,2,1,1,learned,-1,-4.0,-0.2153263688087463,-0.2153263688087463,0.0
step-error-yes-no-v1,math-650,math,6,-1,0,0,learned,-1,-4.0,0.3027097582817077,0.3027097582817077,0.0
step-error-yes-no-v1,math-521,math,5,-1,0,0,learned,-1,-4.0,-0.1549907624721527,-0.1549907624721527,0.0
step-error-yes-no-v1,math-454,math,6,6,1,1,learned,-1,-4.0,-0.3027097582817077,-0.3027097582817077,0.0
step-error-yes-no-v1,olympiadbench-297,olympiadbench,3,3,1,1,learned,-1,-4.0,0.7481544017791748,0.7340714931488037,0.014082908630371
step-error-yes-no-v1,math-37,math,2,1,1,0,learned,-1,-4.0,0.3852839469909668,0.3583573997020721,0.0269265472888946
step-error-yes-no-v1,gsm8k-244,gsm8k,0,-1,0,0,learned,-1,-4.0,0.5098299980163574,0.5098299980163574,0.0
step-error-yes-no-v1,olympiadbench-485,olympiadbench,0,2,0,0,learned,-1,-4.0,0.0312398374080657,0.0312398374080657,0.0
step-error-yes-no-v1,olympiadbench-746,olympiadbench,4,-1,0,0,learned,-1,-4.0,-0.2449186742305755,-0.2449186742305755,0.0
step-error-yes-no-v1,math-717,math,2,-1,0,0,learned,-1,-4.0,0.4115700721740722,0.3852839469909668,0.0262861251831054
step-error-yes-no-v1,math-556,math,3,2,1,0,learned,-1,-4.0,0.4371887743473053,0.4863359332084656,-0.0491471588611602
step-error-yes-no-v1,math-544,math,1,-1,0,0,learned,-1,-4.0,0.7267831563949585,0.7267831563949585,0.0
step-error-yes-no-v1,gsm8k-199,gsm8k,2,2,1,1,learned,-1,-4.0,0.5098299980163574,0.5436869859695435,-0.033856987953186
step-error-yes-no-v1,math-875,math,1,1,1,1,learned,-1,-4.0,0.7549536228179932,0.7549536228179932,0.0
step-error-yes-no-v1,olympiadbench-677,olympiadbench,0,1,0,0,learned,-1,-4.0,0.2740616202354431,0.2740616202354431,0.0
step-error-yes-no-v1,math-466,math,5,2,1,0,learned,-1,-4.0,0.4621171057224273,0.4863359332084656,-0.0242188274860382
step-error-yes-no-v1,omnimath-219,omnimath,0,1,0,0,learned,-1,-4.0,0.6161344051361084,0.6161344051361084,0.0
step-error-yes-no-v1,math-774,math,3,4,0,0,learned,-1,-4.0,0.4115700721740722,0.3852839469909668,0.0262861251831054
step-error-yes-no-v1,omnimath-216,omnimath,4,2,1,0,learned,-1,-4.0,-0.6351489424705505,-0.6443782448768616,0.009229302406311
step-error-yes-no-v1,omnimath-60,omnimath,2,1,1,0,learned,-1,-4.0,0.653423547744751,0.653423547744751,0.0
step-error-yes-no-v1,olympiadbench-634,olympiadbench,2,0,1,0,learned,-1,-4.0,0.093476265668869,0.0624187588691711,0.0310575067996978
step-error-yes-no-v1,olympiadbench-339,olympiadbench,0,1,0,0,learned,-1,-4.0,0.1853331923484802,0.2153263688087463,-0.0299931764602661
step-error-yes-no-v1,omnimath-628,omnimath,2,-1,0,0,learned,-1,-4.0,-0.3852839469909668,-0.3852839469909668,0.0
step-error-yes-no-v1,olympiadbench-3,olympiadbench,4,3,1,0,learned,-1,-4.0,-0.1853331923484802,-0.1853331923484802,0.0
step-error-yes-no-v1,math-679,math,4,2,1,0,learned,-1,-4.0,0.1853331923484802,0.1853331923484802,0.0
step-error-yes-no-v1,olympiadbench-149,olympiadbench,2,1,1,0,learned,-1,-4.0,-0.5862119197845459,-0.5862119197845459,0.0
step-error-yes-no-v1,math-437,math,2,2,1,1,learned,-1,-4.0,0.5545997619628906,0.5545997619628906,0.0
step-error-yes-no-v1,omnimath-213,omnimath,0,4,0,0,learned,-1,-4.0,0.0,0.0,0.0
step-error-yes-no-v1,omnimath-705,omnimath,1,-1,0,0,learned,-1,-4.0,0.6063475608825684,0.5963735580444336,0.0099740028381347
step-error-yes-no-v1,omnimath-205,omnimath,6,3,1,0,learned,-1,-4.0,-0.2595492601394653,-0.2740616202354431,0.0145123600959777
step-error-yes-no-v1,omnimath-640,omnimath,3,-1,0,0,learned,-1,-4.0,-0.4371887743473053,-0.4115700721740722,-0.025618702173233
step-error-yes-no-v1,omnimath-198,omnimath,3,3,1,1,learned,-1,-4.0,-0.7481544017791748,-0.7411946058273315,-0.0069597959518432
step-error-yes-no-v1,math-860,math,0,-1,0,0,learned,-1,-4.0,0.3027097582817077,0.3027097582817077,0.0
step-error-yes-no-v1,math-725,math,1,2,0,0,learned,-1,-4.0,-0.2153263688087463,-0.2153263688087463,0.0
step-error-yes-no-v1,math-234,math,0,1,0,0,learned,-1,-4.0,0.8198139667510986,0.8198139667510986,0.0
step-error-yes-no-v1,math-542,math,1,2,0,0,learned,-1,-4.0,0.7039056420326233,0.6877902150154114,0.0161154270172119
step-error-yes-no-v1,math-406,math,1,1,1,1,learned,-1,-4.0,0.8438436388969421,0.8438436388969421,0.0
step-error-yes-no-v1,omnimath-48,omnimath,6,4,1,0,learned,-1,-4.0,-0.3027097582817077,-0.3027097582817077,0.0
step-error-yes-no-v1,olympiadbench-494,olympiadbench,3,1,1,0,learned,-1,-4.0,0.3852839469909668,0.3852839469909668,0.0
step-error-yes-no-v1,math-220,math,3,1,1,0,learned,-1,-4.0,0.8093010187149048,0.8093010187149048,0.0
step-error-yes-no-v1,math-81,math,0,2,0,0,learned,-1,-4.0,0.8248723149299622,0.8248723149299622,0.0
step-error-yes-no-v1,gsm8k-334,gsm8k,2,-1,0,0,learned,-1,-4.0,-0.0156237185001373,-0.0156237185001373,0.0
step-error-yes-no-v1,omnimath-170,omnimath,0,1,0,0,learned,-1,-4.0,0.3852839469909668,0.4115700721740722,-0.0262861251831054
step-error-yes-no-v1,math-1,math,8,9,0,0,learned,-1,-4.0,-0.5098299980163574,-0.4863359332084656,-0.0234940648078918
step-error-yes-no-v1,omnimath-65,omnimath,4,5,0,0,learned,-1,-4.0,0.0312398374080657,0.0624187588691711,-0.0311789214611053
step-error-yes-no-v1,gsm8k-225,gsm8k,1,-1,0,0,learned,-1,-4.0,0.2740616202354431,0.2449186742305755,0.0291429460048675
step-error-yes-no-v1,olympiadbench-257,olympiadbench,1,2,0,0,learned,-1,-4.0,0.5098299980163574,0.5098299980163574,0.0
step-error-yes-no-v1,omnimath-559,omnimath,0,2,0,0,learned,-1,-4.0,0.1853331923484802,0.1243530213832855,0.0609801709651947
step-error-yes-no-v1,math-739,math,7,5,1,0,learned,-1,-4.0,-0.1549907624721527,-0.1853331923484802,0.0303424298763275
step-error-yes-no-v1,omnimath-733,omnimath,5,-1,0,0,learned,-1,-4.0,-0.3027097582817077,-0.3027097582817077,0.0
step-error-yes-no-v1,omnimath-490,omnimath,6,5,1,0,learned,-1,-4.0,0.0624187588691711,0.0624187588691711,0.0
step-error-yes-no-v1,olympiadbench-274,olympiadbench,5,4,1,0,learned,-1,-4.0,-0.5545997619628906,-0.5545997619628906,0.0
step-error-yes-no-v1,gsm8k-59,gsm8k,2,2,1,1,learned,-1,-4.0,0.5098299980163574,0.5098299980163574,0.0
step-error-yes-no-v1,omnimath-368,omnimath,5,3,1,0,learned,-1,-4.0,-0.2003766596317291,-0.2153263688087463,0.0149497091770172
step-error-yes-no-v1,omnimath-362,omnimath,0,1,0,0,learned,-1,-4.0,0.0312398374080657,0.0312398374080657,0.0
step-error-yes-no-v1,olympiadbench-52,olympiadbench,0,3,0,0,learned,-1,-4.0,0.3027097582817077,0.3027097582817077,0.0
step-error-yes-no-v1,math-766,math,4,5,0,0,learned,-1,-4.0,0.7117023468017578,0.7039056420326233,0.0077967047691345
step-error-yes-no-v1,math-7,math,1,2,0,0,learned,-1,-4.0,0.5758624076843262,0.5758624076843262,0.0
step-error-yes-no-v1,olympiadbench-732,olympiadbench,7,-1,0,0,learned,-1,-4.0,-0.2595492601394653,-0.2740616202354431,0.0145123600959777
step-error-yes-no-v1,omnimath-29,omnimath,0,2,0,0,learned,-1,-4.0,0.5098299980163574,0.5325872898101807,-0.0227572917938232
step-error-yes-no-v1,omnimath-861,omnimath,2,0,1,0,learned,-1,-4.0,0.0,0.0,0.0
step-error-yes-no-v1,omnimath-167,omnimath,0,2,0,0,learned,-1,-4.0,-0.0312398374080657,-0.0312398374080657,0.0
step-error-yes-no-v1,omnimath-885,omnimath,6,-1,0,0,learned,-1,-4.0,-0.1243530213832855,-0.1243530213832855,0.0
step-error-yes-no-v1,olympiadbench-286,olympiadbench,2,1,1,0,learned,-1,-4.0,-0.3852839469909668,-0.3446633815765381,-0.0406205654144287
step-error-yes-no-v1,math-157,math,7,1,1,0,learned,-1,-4.0,0.0624187588691711,0.0312398374080657,0.0311789214611053
step-error-yes-no-v1,olympiadbench-8,olympiadbench,0,2,0,0,learned,-1,-4.0,0.3308211266994476,0.3308211266994476,0.0
step-error-yes-no-v1,math-412,math,0,1,0,0,learned,-1,-4.0,-0.2740616202354431,-0.3027097582817077,0.0286481380462646
step-error-yes-no-v1,math-132,math,0,1,0,0,learned,-1,-4.0,0.4621171057224273,0.4863359332084656,-0.0242188274860382
step-error-yes-no-v1,olympiadbench-365,olympiadbench,12,10,1,0,learned,-1,-4.0,-0.6443782448768616,-0.653423547744751,0.0090453028678894
step-error-yes-no-v1,omnimath-457,omnimath,11,9,1,0,learned,-1,-4.0,-0.6063475608825684,-0.6063475608825684,0.0
step-error-yes-no-v1,olympiadbench-232,olympiadbench,4,4,1,1,learned,-1,-4.0,-0.4371887743473053,-0.4244643449783325,-0.0127244293689727
step-error-yes-no-v1,olympiadbench-836,olympiadbench,2,1,1,0,learned,-1,-4.0,0.8146244883537292,0.8146244883537292,0.0
step-error-yes-no-v1,math-896,math,2,-1,0,0,learned,-1,-4.0,0.5098299980163574,0.5098299980163574,0.0
step-error-yes-no-v1,gsm8k-170,gsm8k,2,1,1,0,learned,-1,-4.0,0.2153263688087463,0.2153263688087463,0.0
step-error-yes-no-v1,math-568,math,0,3,0,0,learned,-1,-4.0,0.2884502410888672,0.3168350160121918,-0.0283847749233245
step-error-yes-no-v1,omnimath-369,omnimath,1,2,0,0,learned,-1,-4.0,0.1243530213832855,0.1549907624721527,-0.0306377410888671
step-error-yes-no-v1,math-52,math,2,1,1,0,learned,-1,-4.0,0.093476265668869,0.1243530213832855,-0.0308767557144165
step-error-yes-no-v1,gsm8k-304,gsm8k,0,-1,0,0,learned,-1,-4.0,0.093476265668869,0.0624187588691711,0.0310575067996978
step-error-yes-no-v1,olympiadbench-867,olympiadbench,8,4,1,0,learned,-1,-4.0,-0.3308211266994476,-0.3308211266994476,0.0
step-error-yes-no-v1,omnimath-524,omnimath,2,4,0,0,learned,-1,-4.0,0.2740616202354431,0.2449186742305755,0.0291429460048675
step-error-yes-no-v1,omnimath-736,omnimath,5,0,1,0,learned,-1,-4.0,-0.6443782448768616,-0.6443782448768616,0.0
step-error-yes-no-v1,omnimath-234,omnimath,5,4,1,0,learned,-1,-4.0,0.662286102771759,0.6794679164886475,-0.0171818137168884
step-error-yes-no-v1,olympiadbench-998,olympiadbench,5,2,1,0,learned,-1,-4.0,0.5098299980163574,0.5098299980163574,0.0
step-error-yes-no-v1,olympiadbench-228,olympiadbench,8,7,1,0,learned,-1,-4.0,0.3308211266994476,0.3308211266994476,0.0
step-error-yes-no-v1,omnimath-409,omnimath,2,7,0,0,learned,-1,-4.0,0.5325872898101807,0.5325872898101807,0.0
step-error-yes-no-v1,omnimath-6,omnimath,4,4,1,1,learned,-1,-4.0,0.1702023148536682,0.1853331923484802,-0.015130877494812
step-error-yes-no-v1,omnimath-575,omnimath,3,-1,0,0,learned,-1,-2.0,-0.371898889541626,-0.3852839469909668,0.0133850574493408
step-error-yes-no-v1,gsm8k-264,gsm8k,2,1,1,0,learned,-1,-2.0,-0.1853331923484802,-0.1853331923484802,0.0
step-error-yes-no-v1,omnimath-523,omnimath,2,0,1,0,learned,-1,-2.0,0.0,0.0312398374080657,-0.0312398374080657
step-error-yes-no-v1,olympiadbench-586,olympiadbench,9,-1,0,0,learned,-1,-2.0,-0.2153263688087463,-0.1853331923484802,-0.0299931764602661
step-error-yes-no-v1,gsm8k-161,gsm8k,3,2,1,0,learned,-1,-2.0,0.3583573997020721,0.3583573997020721,0.0
step-error-yes-no-v1,omnimath-63,omnimath,1,2,0,0,learned,-1,-2.0,0.4497405886650085,0.4497405886650085,0.0
step-error-yes-no-v1,math-304,math,1,3,0,0,learned,-1,-2.0,0.4981744289398193,0.5098299980163574,-0.011655569076538
step-error-yes-no-v1,olympiadbench-884,olympiadbench,0,-1,0,0,learned,-1,-2.0,0.0624187588691711,0.0624187588691711,0.0
step-error-yes-no-v1,omnimath-514,omnimath,6,1,1,0,learned,-1,-2.0,-0.1243530213832855,-0.1243530213832855,0.0
step-error-yes-no-v1,olympiadbench-275,olympiadbench,6,1,1,0,learned,-1,-2.0,-0.4244643449783325,-0.4115700721740722,-0.0128942728042602
step-error-yes-no-v1,omnimath-573,omnimath,0,1,0,0,learned,-1,-2.0,0.3308211266994476,0.3308211266994476,0.0
step-error-yes-no-v1,omnimath-674,omnimath,0,-1,0,0,learned,-1,-2.0,0.1853331923484802,0.1853331923484802,0.0
step-error-yes-no-v1,math-885,math,2,-1,0,0,learned,-1,-2.0,0.7411946058273315,0.7340714931488037,0.0071231126785278
step-error-yes-no-v1,math-384,math,1,4,0,0,learned,-1,-2.0,0.0312398374080657,0.0624187588691711,-0.0311789214611053
step-error-yes-no-v1,olympiadbench-886,olympiadbench,5,-1,0,0,learned,-1,-2.0,0.719327449798584,0.7117023468017578,0.0076251029968261
step-error-yes-no-v1,olympiadbench-118,olympiadbench,9,8,1,0,learned,-1,-2.0,-0.4863359332084656,-0.5098299980163574,0.0234940648078918
step-error-yes-no-v1,olympiadbench-200,olympiadbench,1,3,0,0,learned,-1,-2.0,0.719327449798584,0.719327449798584,0.0
step-error-yes-no-v1,math-259,math,5,2,1,0,learned,-1,-2.0,0.077966421842575,0.077966421842575,0.0
step-error-yes-no-v1,math-98,math,2,0,1,0,learned,-1,-2.0,0.8526074290275574,0.8526074290275574,0.0
step-error-yes-no-v1,math-499,math,4,3,1,0,learned,-1,-2.0,-0.653423547744751,-0.653423547744751,0.0
step-error-yes-no-v1,math-648,math,0,-1,0,0,learned,-1,-2.0,0.7481544017791748,0.7481544017791748,0.0
step-error-yes-no-v1,olympiadbench-360,olympiadbench,1,1,1,1,learned,-1,-2.0,0.3583573997020721,0.3308211266994476,0.0275362730026245
step-error-yes-no-v1,omnimath-497,omnimath,1,1,1,1,learned,-1,-2.0,0.3027097582817077,0.3308211266994476,-0.0281113684177398
step-error-yes-no-v1,olympiadbench-159,olympiadbench,2,13,0,0,learned,-1,-2.0,0.7866188287734985,0.7805885076522827,0.0060303211212158
step-error-yes-no-v1,olympiadbench-358,olympiadbench,8,1,1,0,learned,-1,-2.0,0.5098299980163574,0.5213013291358948,-0.0114713311195373
step-error-yes-no-v1,omnimath-460,omnimath,7,2,1,0,learned,-1,-2.0,0.2449186742305755,0.2449186742305755,0.0
step-error-yes-no-v1,olympiadbench-757,olympiadbench,6,-1,0,0,learned,-1,-2.0,-0.0624187588691711,0.0,-0.0624187588691711
step-error-yes-no-v1,math-92,math,0,1,0,0,learned,-1,-2.0,0.2153263688087463,0.2153263688087463,0.0
step-error-yes-no-v1,math-27,math,2,1,1,0,learned,-1,-2.0,0.5436869859695435,0.5436869859695435,0.0
step-error-yes-no-v1,math-387,math,0,1,0,0,learned,-1,-2.0,0.5325872898101807,0.5325872898101807,0.0
step-error-yes-no-v1,omnimath-81,omnimath,2,4,0,0,learned,-1,-2.0,0.2449186742305755,0.2449186742305755,0.0
step-error-yes-no-v1,math-418,math,2,1,1,0,learned,-1,-2.0,0.6709671020507812,0.6709671020507812,0.0
step-error-yes-no-v1,math-35,math,1,2,0,0,learned,-1,-2.0,0.4621171057224273,0.4621171057224273,0.0
step-error-yes-no-v1,olympiadbench-844,olympiadbench,5,-1,0,0,learned,-1,-2.0,0.4371887743473053,0.4115700721740722,0.025618702173233
step-error-yes-no-v1,gsm8k-208,gsm8k,1,4,0,0,learned,-1,-2.0,0.6794679164886475,0.6709671020507812,0.0085008144378662
step-error-yes-no-v1,omnimath-582,omnimath,5,4,1,0,learned,-1,-2.0,-0.5963735580444336,-0.5963735580444336,0.0
step-error-yes-no-v1,omnimath-182,omnimath,4,1,1,0,learned,-1,-2.0,0.2740616202354431,0.2153263688087463,0.0587352514266967
step-error-yes-no-v1,omnimath-451,omnimath,2,1,1,0,learned,-1,-2.0,-0.2740616202354431,-0.2740616202354431,0.0
step-error-yes-no-v1,olympiadbench-154,olympiadbench,3,3,1,1,learned,-1,-2.0,0.5213013291358948,0.5436869859695435,-0.0223856568336486
step-error-yes-no-v1,olympiadbench-568,olympiadbench,1,4,0,0,learned,-1,-2.0,0.6709671020507812,0.6709671020507812,0.0
step-error-yes-no-v1,omnimath-429,omnimath,0,2,0,0,learned,-1,-2.0,0.1243530213832855,0.093476265668869,0.0308767557144165
step-error-yes-no-v1,olympiadbench-919,olympiadbench,8,-1,0,0,learned,-1,-2.0,-0.2153263688087463,-0.2449186742305755,0.0295923054218292
step-error-yes-no-v1,math-46,math,0,3,0,0,learned,-1,-2.0,0.5545997619628906,0.5325872898101807,0.0220124721527099
step-error-yes-no-v1,math-163,math,1,3,0,0,learned,-1,-2.0,0.4371887743473053,0.4371887743473053,0.0
step-error-yes-no-v1,olympiadbench-665,olympiadbench,8,3,1,0,learned,-1,-2.0,-0.2884502410888672,-0.2884502410888672,0.0
step-error-yes-no-v1,gsm8k-144,gsm8k,2,1,1,0,learned,-1,-2.0,0.6161344051361084,0.6063475608825684,0.00978684425354
step-error-yes-no-v1,gsm8k-33,gsm8k,2,2,1,1,learned,-1,-2.0,0.2003766596317291,0.2003766596317291,0.0
step-error-yes-no-v1,olympiadbench-293,olympiadbench,2,1,1,0,learned,-1,-2.0,0.1243530213832855,0.1549907624721527,-0.0306377410888671
step-error-yes-no-v1,math-664,math,0,-1,0,0,learned,-1,-2.0,0.944829523563385,0.946481466293335,-0.0016519427299499
step-error-yes-no-v1,olympiadbench-153,olympiadbench,0,2,0,0,learned,-1,-2.0,0.0,0.0,0.0
step-error-yes-no-v1,math-738,math,1,-1,0,0,learned,-1,-2.0,0.2153263688087463,0.2153263688087463,0.0
step-error-yes-no-v1,math-293,math,5,3,1,0,learned,-1,-2.0,-0.2153263688087463,-0.2153263688087463,0.0
step-error-yes-no-v1,omnimath-571,omnimath,0,2,0,0,learned,-1,-2.0,0.1243530213832855,0.1243530213832855,0.0
step-error-yes-no-v1,math-409,math,6,4,1,0,learned,-1,-2.0,0.0,0.0,0.0
step-error-yes-no-v1,omnimath-996,omnimath,2,1,1,0,learned,-1,-2.0,0.0,-0.0312398374080657,0.0312398374080657
step-error-yes-no-v1,olympiadbench-442,olympiadbench,1,4,0,0,learned,-1,-2.0,0.4863359332084656,0.4863359332084656,0.0
step-error-yes-no-v1,math-363,math,4,2,1,0,learned,-1,-2.0,-0.5862119197845459,-0.6063475608825684,0.0201356410980224
step-error-yes-no-v1,math-545,math,9,-1,0,0,learned,-1,-2.0,-0.3852839469909668,-0.3852839469909668,0.0
step-error-yes-no-v1,omnimath-931,omnimath,8,6,1,0,learned,-1,-2.0,-0.5436869859695435,-0.5436869859695435,0.0
step-error-yes-no-v1,olympiadbench-898,olympiadbench,6,1,1,0,learned,-1,-2.0,-0.6709671020507812,-0.6709671020507812,0.0
step-error-yes-no-v1,omnimath-655,omnimath,8,5,1,0,learned,-1,-2.0,-0.2153263688087463,-0.2153263688087463,0.0
step-error-yes-no-v1,math-747,math,2,-1,0,0,learned,-1,-2.0,0.7039056420326233,0.7117023468017578,-0.0077967047691345
step-error-yes-no-v1,omnimath-938,omnimath,1,5,0,0,learned,-1,-2.0,0.3852839469909668,0.3852839469909668,0.0
step-error-yes-no-v1,omnimath-383,omnimath,4,2,1,0,learned,-1,-2.0,0.1549907624721527,0.1853331923484802,-0.0303424298763275
step-error-yes-no-v1,math-508,math,7,-1,0,0,learned,-1,-2.0,-0.0312398374080657,-0.0312398374080657,0.0
step-error-yes-no-v1,omnimath-359,omnimath,0,1,0,0,learned,-1,-2.0,0.4981744289398193,0.4981744289398193,0.0
step-error-yes-no-v1,olympiadbench-247,olympiadbench,3,2,1,0,learned,-1,-2.0,0.4863359332084656,0.4863359332084656,0.0
step-error-yes-no-v1,math-606,math,3,-1,0,0,learned,-1,-2.0,0.7615941166877747,0.7615941166877747,0.0
step-error-yes-no-v1,omnimath-722,omnimath,7,4,1,0,learned,-1,-2.0,-0.4863359332084656,-0.4621171057224273,-0.0242188274860382
step-error-yes-no-v1,omnimath-766,omnimath,3,1,1,0,learned,-1,-2.0,0.653423547744751,0.653423547744751,0.0
step-error-yes-no-v1,omnimath-382,omnimath,0,1,0,0,learned,-1,-2.0,0.2153263688087463,0.2449186742305755,-0.0295923054218292
step-error-yes-no-v1,omnimath-349,omnimath,7,7,1,1,learned,-1,-2.0,-0.3852839469909668,-0.371898889541626,-0.0133850574493408
step-error-yes-no-v1,omnimath-341,omnimath,0,5,0,0,learned,-1,-2.0,0.5545997619628906,0.5545997619628906,0.0
step-error-yes-no-v1,omnimath-968,omnimath,6,2,1,0,learned,-1,-2.0,-0.3027097582817077,-0.3027097582817077,0.0
step-error-yes-no-v1,math-170,math,8,8,1,1,learned,-1,-2.0,-0.0624187588691711,-0.0624187588691711,0.0
step-error-yes-no-v1,gsm8k-242,gsm8k,3,-1,0,0,learned,-1,-2.0,-0.2740616202354431,-0.2884502410888672,0.014388620853424
step-error-yes-no-v1,olympiadbench-580,olympiadbench,7,2,1,0,learned,-1,-2.0,-0.2301757037639618,-0.2449186742305755,0.0147429704666137
step-error-yes-no-v1,omnimath-168,omnimath,0,1,0,0,learned,-1,-2.0,0.1549907624721527,0.1243530213832855,0.0306377410888671
step-error-yes-no-v1,olympiadbench-54,olympiadbench,5,1,1,0,learned,-1,-2.0,0.0312398374080657,0.0312398374080657,0.0
step-error-yes-no-v1,math-936,math,3,0,1,0,learned,-1,-2.0,0.1549907624721527,0.1549907624721527,0.0
step-error-yes-no-v1,olympiadbench-475,olympiadbench,2,4,0,0,learned,-1,-2.0,0.0624187588691711,0.0624187588691711,0.0
step-error-yes-no-v1,math-483,math,4,3,1,0,learned,-1,-2.0,0.1702023148536682,0.1853331923484802,-0.015130877494812
step-error-yes-no-v1,olympiadbench-95,olympiadbench,7,2,1,0,learned,-1,-2.0,-0.093476265668869,-0.093476265668869,0.0
step-error-yes-no-v1,olympiadbench-306,olympiadbench,7,3,1,0,learned,-1,-2.0,-0.1243530213832855,-0.1243530213832855,0.0
step-error-yes-no-v1,omnimath-335,omnimath,3,0,1,0,learned,-1,-2.0,-0.4621171057224273,-0.4743163287639618,0.0121992230415344
step-error-yes-no-v1,omnimath-824,omnimath,5,-1,0,0,learned,-1,-2.0,-0.1853331923484802,-0.2153263688087463,0.0299931764602661
step-error-yes-no-v1,omnimath-831,omnimath,0,-1,0,0,learned,-1,-2.0,0.4115700721740722,0.4115700721740722,0.0
step-error-yes-no-v1,omnimath-531,omnimath,4,-1,0,0,learned,-1,-2.0,0.8198139667510986,0.8093010187149048,0.0105129480361938
step-error-yes-no-v1,olympiadbench-63,olympiadbench,4,2,1,0,learned,-1,-2.0,-0.4497405886650085,-0.4371887743473053,-0.0125518143177032
step-error-yes-no-v1,olympiadbench-268,olympiadbench,0,2,0,0,learned,-1,-2.0,0.1243530213832855,0.1549907624721527,-0.0306377410888671
step-error-yes-no-v1,gsm8k-151,gsm8k,6,5,1,0,learned,-1,-2.0,-0.2301757037639618,-0.2595492601394653,0.0293735563755035
step-error-yes-no-v1,gsm8k-65,gsm8k,2,4,0,0,learned,-1,-2.0,0.3027097582817077,0.3027097582817077,0.0
step-error-yes-no-v1,omnimath-725,omnimath,9,-1,0,0,learned,-1,-2.0,-0.0624187588691711,-0.0624187588691711,0.0
step-error-yes-no-v1,omnimath-851,omnimath,4,2,1,0,learned,-1,-2.0,0.3308211266994476,0.3027097582817077,0.0281113684177398
step-error-yes-no-v1,omnimath-132,omnimath,3,0,1,0,learned,-1,-2.0,0.0,-0.0312398374080657,0.0312398374080657
step-error-yes-no-v1,olympiadbench-866,olympiadbench,4,1,1,0,learned,-1,-2.0,0.1853331923484802,0.1549907624721527,0.0303424298763275
step-error-yes-no-v1,gsm8k-106,gsm8k,2,1,1,0,learned,-1,-2.0,-0.093476265668869,-0.093476265668869,0.0
step-error-yes-no-v1,olympiadbench-373,olympiadbench,4,2,1,0,learned,-1,-2.0,0.5963735580444336,0.5963735580444336,0.0
step-error-yes-no-v1,math-299,math,2,2,1,1,learned,-1,-2.0,0.4863359332084656,0.4863359332084656,0.0
step-error-yes-no-v1,gsm8k-74,gsm8k,6,4,1,0,learned,-1,-2.0,0.5098299980163574,0.4863359332084656,0.0234940648078918
step-error-yes-no-v1,olympiadbench-80,olympiadbench,10,7,1,0,learned,-1,-2.0,0.2153263688087463,0.1853331923484802,0.0299931764602661
step-error-yes-no-v1,math-563,math,4,2,1,0,learned,-1,-2.0,0.8798266649246216,0.8833082914352417,-0.0034816265106201
step-error-yes-no-v1,olympiadbench-9,olympiadbench,0,3,0,0,learned,-1,-2.0,0.1243530213832855,0.1089409291744232,0.0154120922088623
step-error-yes-no-v1,omnimath-252,omnimath,2,6,0,0,learned,-1,-2.0,0.093476265668869,0.0624187588691711,0.0310575067996978
step-error-yes-no-v1,olympiadbench-76,olympiadbench,8,7,1,0,learned,-1,-2.0,-0.1549907624721527,-0.1549907624721527,0.0
step-error-yes-no-v1,math-658,math,5,-1,0,0,learned,-1,-2.0,-0.0624187588691711,-0.0312398374080657,-0.0311789214611053
step-error-yes-no-v1,olympiadbench-46,olympiadbench,4,4,1,1,learned,-1,-2.0,-0.6443782448768616,-0.6443782448768616,0.0
step-error-yes-no-v1,gsm8k-319,gsm8k,1,-1,0,0,learned,-1,-2.0,0.7744091749191284,0.7680785655975342,0.0063306093215942
step-error-yes-no-v1,olympiadbench-517,olympiadbench,0,-1,0,0,learned,-1,-2.0,0.2449186742305755,0.2740616202354431,-0.0291429460048675
step-error-yes-no-v1,omnimath-517,omnimath,2,1,1,0,learned,-1,-2.0,0.0312398374080657,0.0,0.0312398374080657
step-error-yes-no-v1,olympiadbench-21,olympiadbench,8,5,1,0,learned,-1,-2.0,-0.1853331923484802,-0.1853331923484802,0.0
step-error-yes-no-v1,gsm8k-105,gsm8k,1,1,1,1,learned,-1,-2.0,0.4115700721740722,0.4115700721740722,0.0
step-error-yes-no-v1,math-632,math,1,-1,0,0,learned,-1,-2.0,0.7744091749191284,0.7680785655975342,0.0063306093215942
step-error-yes-no-v1,olympiadbench-61,olympiadbench,7,1,1,0,learned,-1,-2.0,-0.6709671020507812,-0.653423547744751,-0.0175435543060302
step-error-yes-no-v1,math-65,math,4,8,0,0,learned,-1,-2.0,0.7805885076522827,0.7805885076522827,0.0
step-error-yes-no-v1,math-372,math,3,3,1,1,learned,-1,-2.0,0.4743163287639618,0.4743163287639618,0.0
step-error-yes-no-v1,gsm8k-250,gsm8k,0,-1,0,0,learned,-1,-2.0,0.662286102771759,0.6443782448768616,0.0179078578948974
step-error-yes-no-v1,omnimath-942,omnimath,2,-1,0,0,learned,-1,-2.0,0.5098299980163574,0.5098299980163574,0.0
step-error-yes-no-v1,math-958,math,10,7,1,0,learned,-1,-2.0,-0.4371887743473053,-0.4115700721740722,-0.025618702173233
step-error-yes-no-v1,omnimath-943,omnimath,1,4,0,0,learned,-1,-2.0,0.2740616202354431,0.2449186742305755,0.0291429460048675
step-error-yes-no-v1,gsm8k-61,gsm8k,0,1,0,0,learned,-1,-2.0,0.0624187588691711,0.0468407273292541,0.0155780315399169
step-error-yes-no-v1,omnimath-329,omnimath,9,8,1,0,learned,-1,-2.0,-0.5653250217437744,-0.5963735580444336,0.0310485363006591
step-error-yes-no-v1,olympiadbench-20,olympiadbench,2,1,1,0,learned,-1,-2.0,0.2449186742305755,0.2449186742305755,0.0
step-error-yes-no-v1,math-228,math,6,6,1,1,learned,-1,-2.0,-0.2740616202354431,-0.2740616202354431,0.0
step-error-yes-no-v1,olympiadbench-141,olympiadbench,4,2,1,0,learned,-1,-2.0,-0.4863359332084656,-0.4621171057224273,-0.0242188274860382
step-error-yes-no-v1,olympiadbench-261,olympiadbench,6,6,1,1,learned,-1,-2.0,-0.7615941166877747,-0.7680785655975342,0.0064844489097595
step-error-yes-no-v1,gsm8k-21,gsm8k,3,5,0,0,learned,-1,-2.0,-0.1089409291744232,-0.1089409291744232,0.0
step-error-yes-no-v1,math-962,math,4,-1,0,0,learned,-1,-2.0,0.093476265668869,0.1089409291744232,-0.0154646635055542
step-error-yes-no-v1,omnimath-536,omnimath,1,-1,0,0,learned,-1,-2.0,0.5325872898101807,0.5325872898101807,0.0
step-error-yes-no-v1,olympiadbench-962,olympiadbench,0,2,0,0,learned,-1,-2.0,0.3308211266994476,0.3308211266994476,0.0
step-error-yes-no-v1,math-25,math,9,5,1,0,learned,-1,-2.0,0.0312398374080657,0.0312398374080657,0.0
step-error-yes-no-v1,olympiadbench-424,olympiadbench,11,11,1,1,learned,-1,-2.0,0.2153263688087463,0.2153263688087463,0.0
step-error-yes-no-v1,olympiadbench-72,olympiadbench,3,1,1,0,learned,-1,-2.0,0.7117023468017578,0.7117023468017578,0.0
step-error-yes-no-v1,omnimath-381,omnimath,0,3,0,0,learned,-1,-2.0,0.1549907624721527,0.1549907624721527,0.0
step-error-yes-no-v1,math-700,math,2,-1,0,0,learned,-1,-2.0,0.719327449798584,0.7340714931488037,-0.0147440433502197
step-error-yes-no-v1,olympiadbench-315,olympiadbench,5,5,1,1,learned,-1,-2.0,-0.0312398374080657,-0.0312398374080657,0.0
step-error-yes-no-v1,omnimath-408,omnimath,0,1,0,0,learned,-1,-2.0,0.3168350160121918,0.3168350160121918,0.0
step-error-yes-no-v1,olympiadbench-507,olympiadbench,1,-1,0,0,learned,-1,-2.0,0.5098299980163574,0.5098299980163574,0.0
step-error-yes-no-v1,omnimath-259,omnimath,7,6,1,0,learned,-1,-2.0,-0.2740616202354431,-0.2449186742305755,-0.0291429460048675
step-error-yes-no-v1,gsm8k-348,gsm8k,3,-1,0,0,learned,-1,-2.0,0.8093010187149048,0.8038413524627686,0.0054596662521362
step-error-yes-no-v1,omnimath-893,omnimath,3,2,1,0,learned,-1,-2.0,0.4863359332084656,0.4863359332084656,0.0
step-error-yes-no-v1,gsm8k-66,gsm8k,8,6,1,0,learned,-1,-2.0,-0.5098299980163574,-0.5213013291358948,0.0114713311195373
step-error-yes-no-v1,olympiadbench-296,olympiadbench,4,2,1,0,learned,-1,-2.0,0.0312398374080657,0.0,0.0312398374080657
step-error-yes-no-v1,omnimath-392,omnimath,5,6,0,0,learned,-1,-2.0,0.0156237185001373,0.0156237185001373,0.0
step-error-yes-no-v1,omnimath-468,omnimath,2,5,0,0,learned,-1,-2.0,0.0,0.0,0.0
step-error-yes-no-v1,olympiadbench-73,olympiadbench,9,10,0,0,learned,-1,-2.0,0.4371887743473053,0.4621171057224273,-0.024928331375122
step-error-yes-no-v1,olympiadbench-79,olympiadbench,11,11,1,1,learned,-1,-2.0,0.5325872898101807,0.5325872898101807,0.0
step-error-yes-no-v1,math-731,math,3,-1,0,0,learned,-1,-2.0,0.2449186742305755,0.2153263688087463,0.0295923054218292
step-error-yes-no-v1,math-528,math,4,-1,0,0,learned,-1,-2.0,0.3852839469909668,0.3852839469909668,0.0
step-error-yes-no-v1,gsm8k-194,gsm8k,1,2,0,0,learned,-1,-2.0,0.5325872898101807,0.5325872898101807,0.0
step-error-yes-no-v1,math-790,math,0,-1,0,0,learned,-1,-2.0,0.719327449798584,0.719327449798584,0.0
step-error-yes-no-v1,olympiadbench-31,olympiadbench,5,5,1,1,learned,-1,-2.0,0.1549907624721527,0.1549907624721527,0.0
step-error-yes-no-v1,omnimath-865,omnimath,1,3,0,0,learned,-1,-2.0,0.4115700721740722,0.3985088169574737,0.0130612552165985
step-error-yes-no-v1,omnimath-421,omnimath,4,3,1,0,learned,-1,-2.0,-0.2740616202354431,-0.2740616202354431,0.0
step-error-yes-no-v1,math-926,math,7,4,1,0,learned,-1,-2.0,-0.5325872898101807,-0.5653250217437744,0.0327377319335937
step-error-yes-no-v1,math-100,math,0,1,0,0,learned,-1,-2.0,0.5545997619628906,0.5545997619628906,0.0
step-error-yes-no-v1,math-247,math,3,5,0,0,learned,-1,-2.0,-0.2740616202354431,-0.2449186742305755,-0.0291429460048675
step-error-yes-no-v1,math-482,math,5,3,1,0,learned,-1,-2.0,0.0,0.0,0.0
step-error-yes-no-v1,gsm8k-164,gsm8k,0,0,1,1,learned,-1,-2.0,0.6161344051361084,0.6161344051361084,0.0
step-error-yes-no-v1,math-865,math,3,-1,0,0,learned,-1,-2.0,-0.0624187588691711,-0.0624187588691711,0.0
step-error-yes-no-v1,math-488,math,3,1,1,0,learned,-1,-2.0,0.7481544017791748,0.7411946058273315,0.0069597959518432
step-error-yes-no-v1,olympiadbench-503,olympiadbench,8,-1,0,0,learned,-1,-2.0,-0.2301757037639618,-0.2301757037639618,0.0
step-error-yes-no-v1,olympiadbench-342,olympiadbench,0,1,0,0,learned,-1,-2.0,0.2449186742305755,0.2449186742305755,0.0
step-error-yes-no-v1,math-447,math,1,0,1,0,learned,-1,-2.0,0.7117023468017578,0.7117023468017578,0.0
step-error-yes-no-v1,olympiadbench-763,olympiadbench,8,2,1,0,learned,-1,-2.0,-0.1397053301334381,-0.093476265668869,-0.046229064464569
step-error-yes-no-v1,math-754,math,3,-1,0,0,learned,-1,-2.0,-0.3027097582817077,-0.3027097582817077,0.0
step-error-yes-no-v1,gsm8k-55,gsm8k,0,0,1,1,learned,-1,-2.0,0.4371887743473053,0.4371887743473053,0.0
step-error-yes-no-v1,olympiadbench-17,olympiadbench,7,6,1,0,learned,-1,-2.0,-0.3308211266994476,-0.3027097582817077,-0.0281113684177398
step-error-yes-no-v1,math-146,math,0,1,0,0,learned,-1,-2.0,0.5325872898101807,0.5325872898101807,0.0
step-error-yes-no-v1,omnimath-881,omnimath,1,-1,0,0,learned,-1,-2.0,0.1853331923484802,0.2153263688087463,-0.0299931764602661
step-error-yes-no-v1,olympiadbench-545,olympiadbench,2,2,1,1,learned,-1,-2.0,-0.1853331923484802,-0.2153263688087463,0.0299931764602661
step-error-yes-no-v1,math-650,math,6,-1,0,0,learned,-1,-2.0,0.3027097582817077,0.3027097582817077,0.0
step-error-yes-no-v1,math-521,math,5,-1,0,0,learned,-1,-2.0,-0.1549907624721527,-0.1549907624721527,0.0
step-error-yes-no-v1,math-454,math,6,6,1,1,learned,-1,-2.0,-0.3027097582817077,-0.3027097582817077,0.0
step-error-yes-no-v1,olympiadbench-297,olympiadbench,3,3,1,1,learned,-1,-2.0,0.7481544017791748,0.7340714931488037,0.014082908630371
step-error-yes-no-v1,math-37,math,2,1,1,0,learned,-1,-2.0,0.3583573997020721,0.3583573997020721,0.0
step-error-yes-no-v1,gsm8k-244,gsm8k,0,-1,0,0,learned,-1,-2.0,0.5098299980163574,0.5098299980163574,0.0
step-error-yes-no-v1,olympiadbench-485,olympiadbench,0,2,0,0,learned,-1,-2.0,0.0312398374080657,0.0312398374080657,0.0
step-error-yes-no-v1,olympiadbench-746,olympiadbench,4,-1,0,0,learned,-1,-2.0,-0.2449186742305755,-0.2449186742305755,0.0
step-error-yes-no-v1,math-717,math,2,-1,0,0,learned,-1,-2.0,0.4115700721740722,0.3852839469909668,0.0262861251831054
step-error-yes-no-v1,math-556,math,3,2,1,0,learned,-1,-2.0,0.4621171057224273,0.4863359332084656,-0.0242188274860382
step-error-yes-no-v1,math-544,math,1,-1,0,0,learned,-1,-2.0,0.7340714931488037,0.7267831563949585,0.0072883367538452
step-error-yes-no-v1,gsm8k-199,gsm8k,2,2,1,1,learned,-1,-2.0,0.5213013291358948,0.5436869859695435,-0.0223856568336486
step-error-yes-no-v1,math-875,math,1,1,1,1,learned,-1,-2.0,0.7411946058273315,0.7549536228179932,-0.0137590169906616
step-error-yes-no-v1,olympiadbench-677,olympiadbench,0,1,0,0,learned,-1,-2.0,0.2740616202354431,0.2740616202354431,0.0
step-error-yes-no-v1,math-466,math,5,2,1,0,learned,-1,-2.0,0.4621171057224273,0.4863359332084656,-0.0242188274860382
step-error-yes-no-v1,omnimath-219,omnimath,0,1,0,0,learned,-1,-2.0,0.6063475608825684,0.6161344051361084,-0.00978684425354
step-error-yes-no-v1,math-774,math,3,4,0,0,learned,-1,-2.0,0.4115700721740722,0.3852839469909668,0.0262861251831054
step-error-yes-no-v1,omnimath-216,omnimath,4,2,1,0,learned,-1,-2.0,-0.6443782448768616,-0.6443782448768616,0.0
step-error-yes-no-v1,omnimath-60,omnimath,2,1,1,0,learned,-1,-2.0,0.6351489424705505,0.653423547744751,-0.0182746052742004
step-error-yes-no-v1,olympiadbench-634,olympiadbench,2,0,1,0,learned,-1,-2.0,0.093476265668869,0.0624187588691711,0.0310575067996978
step-error-yes-no-v1,olympiadbench-339,olympiadbench,0,1,0,0,learned,-1,-2.0,0.2153263688087463,0.2153263688087463,0.0
step-error-yes-no-v1,omnimath-628,omnimath,2,-1,0,0,learned,-1,-2.0,-0.3583573997020721,-0.3852839469909668,0.0269265472888946
step-error-yes-no-v1,olympiadbench-3,olympiadbench,4,3,1,0,learned,-1,-2.0,-0.2153263688087463,-0.1853331923484802,-0.0299931764602661
step-error-yes-no-v1,math-679,math,4,2,1,0,learned,-1,-2.0,0.2153263688087463,0.1853331923484802,0.0299931764602661
step-error-yes-no-v1,olympiadbench-149,olympiadbench,2,1,1,0,learned,-1,-2.0,-0.5758624076843262,-0.5862119197845459,0.0103495121002197
step-error-yes-no-v1,math-437,math,2,2,1,1,learned,-1,-2.0,0.5325872898101807,0.5545997619628906,-0.0220124721527099
step-error-yes-no-v1,omnimath-213,omnimath,0,4,0,0,learned,-1,-2.0,0.0,0.0,0.0
step-error-yes-no-v1,omnimath-705,omnimath,1,-1,0,0,learned,-1,-2.0,0.5963735580444336,0.5963735580444336,0.0
step-error-yes-no-v1,omnimath-205,omnimath,6,3,1,0,learned,-1,-2.0,-0.2595492601394653,-0.2740616202354431,0.0145123600959777
step-error-yes-no-v1,omnimath-640,omnimath,3,-1,0,0,learned,-1,-2.0,-0.4371887743473053,-0.4115700721740722,-0.025618702173233
step-error-yes-no-v1,omnimath-198,omnimath,3,3,1,1,learned,-1,-2.0,-0.7340714931488037,-0.7411946058273315,0.0071231126785278
step-error-yes-no-v1,math-860,math,0,-1,0,0,learned,-1,-2.0,0.3027097582817077,0.3027097582817077,0.0
step-error-yes-no-v1,math-725,math,1,2,0,0,learned,-1,-2.0,-0.2153263688087463,-0.2153263688087463,0.0
step-error-yes-no-v1,math-234,math,0,1,0,0,learned,-1,-2.0,0.8093010187149048,0.8198139667510986,-0.0105129480361938
step-error-yes-no-v1,math-542,math,1,2,0,0,learned,-1,-2.0,0.6877902150154114,0.6877902150154114,0.0
step-error-yes-no-v1,math-406,math,1,1,1,1,learned,-1,-2.0,0.8438436388969421,0.8438436388969421,0.0
step-error-yes-no-v1,omnimath-48,omnimath,6,4,1,0,learned,-1,-2.0,-0.3027097582817077,-0.3027097582817077,0.0
step-error-yes-no-v1,olympiadbench-494,olympiadbench,3,1,1,0,learned,-1,-2.0,0.3852839469909668,0.3852839469909668,0.0
step-error-yes-no-v1,math-220,math,3,1,1,0,learned,-1,-2.0,0.8093010187149048,0.8093010187149048,0.0
step-error-yes-no-v1,math-81,math,0,2,0,0,learned,-1,-2.0,0.8248723149299622,0.8248723149299622,0.0
step-error-yes-no-v1,gsm8k-334,gsm8k,2,-1,0,0,learned,-1,-2.0,-0.0156237185001373,-0.0156237185001373,0.0
step-error-yes-no-v1,omnimath-170,omnimath,0,1,0,0,learned,-1,-2.0,0.4115700721740722,0.4115700721740722,0.0
step-error-yes-no-v1,math-1,math,8,9,0,0,learned,-1,-2.0,-0.4863359332084656,-0.4863359332084656,0.0
step-error-yes-no-v1,omnimath-65,omnimath,4,5,0,0,learned,-1,-2.0,0.0312398374080657,0.0624187588691711,-0.0311789214611053
step-error-yes-no-v1,gsm8k-225,gsm8k,1,-1,0,0,learned,-1,-2.0,0.2449186742305755,0.2449186742305755,0.0
step-error-yes-no-v1,olympiadbench-257,olympiadbench,1,2,0,0,learned,-1,-2.0,0.5098299980163574,0.5098299980163574,0.0
step-error-yes-no-v1,omnimath-559,omnimath,0,2,0,0,learned,-1,-2.0,0.1549907624721527,0.1243530213832855,0.0306377410888671
step-error-yes-no-v1,math-739,math,7,5,1,0,learned,-1,-2.0,-0.1853331923484802,-0.1853331923484802,0.0
step-error-yes-no-v1,omnimath-733,omnimath,5,-1,0,0,learned,-1,-2.0,-0.2740616202354431,-0.3027097582817077,0.0286481380462646
step-error-yes-no-v1,omnimath-490,omnimath,6,5,1,0,learned,-1,-2.0,0.0624187588691711,0.0624187588691711,0.0
step-error-yes-no-v1,olympiadbench-274,olympiadbench,5,4,1,0,learned,-1,-2.0,-0.5653250217437744,-0.5545997619628906,-0.0107252597808837
step-error-yes-no-v1,gsm8k-59,gsm8k,2,2,1,1,learned,-1,-2.0,0.5098299980163574,0.5098299980163574,0.0
step-error-yes-no-v1,omnimath-368,omnimath,5,3,1,0,learned,-1,-2.0,-0.2003766596317291,-0.2153263688087463,0.0149497091770172
step-error-yes-no-v1,omnimath-362,omnimath,0,1,0,0,learned,-1,-2.0,0.0624187588691711,0.0312398374080657,0.0311789214611053
step-error-yes-no-v1,olympiadbench-52,olympiadbench,0,3,0,0,learned,-1,-2.0,0.2740616202354431,0.3027097582817077,-0.0286481380462646
step-error-yes-no-v1,math-766,math,4,5,0,0,learned,-1,-2.0,0.7039056420326233,0.7039056420326233,0.0
step-error-yes-no-v1,math-7,math,1,2,0,0,learned,-1,-2.0,0.5758624076843262,0.5758624076843262,0.0
step-error-yes-no-v1,olympiadbench-732,olympiadbench,7,-1,0,0,learned,-1,-2.0,-0.2740616202354431,-0.2740616202354431,0.0
step-error-yes-no-v1,omnimath-29,omnimath,0,2,0,0,learned,-1,-2.0,0.5098299980163574,0.5325872898101807,-0.0227572917938232
step-error-yes-no-v1,omnimath-861,omnimath,2,0,1,0,learned,-1,-2.0,0.0,0.0,0.0
step-error-yes-no-v1,omnimath-167,omnimath,0,2,0,0,learned,-1,-2.0,-0.0624187588691711,-0.0312398374080657,-0.0311789214611053
step-error-yes-no-v1,omnimath-885,omnimath,6,-1,0,0,learned,-1,-2.0,-0.1243530213832855,-0.1243530213832855,0.0
step-error-yes-no-v1,olympiadbench-286,olympiadbench,2,1,1,0,learned,-1,-2.0,-0.3583573997020721,-0.3446633815765381,-0.013694018125534
step-error-yes-no-v1,math-157,math,7,1,1,0,learned,-1,-2.0,0.0624187588691711,0.0312398374080657,0.0311789214611053
step-error-yes-no-v1,olympiadbench-8,olympiadbench,0,2,0,0,learned,-1,-2.0,0.3308211266994476,0.3308211266994476,0.0
step-error-yes-no-v1,math-412,math,0,1,0,0,learned,-1,-2.0,-0.3027097582817077,-0.3027097582817077,0.0
step-error-yes-no-v1,math-132,math,0,1,0,0,learned,-1,-2.0,0.4621171057224273,0.4863359332084656,-0.0242188274860382
step-error-yes-no-v1,olympiadbench-365,olympiadbench,12,10,1,0,learned,-1,-2.0,-0.662286102771759,-0.653423547744751,-0.008862555027008
step-error-yes-no-v1,omnimath-457,omnimath,11,9,1,0,learned,-1,-2.0,-0.5862119197845459,-0.6063475608825684,0.0201356410980224
step-error-yes-no-v1,olympiadbench-232,olympiadbench,4,4,1,1,learned,-1,-2.0,-0.4244643449783325,-0.4244643449783325,0.0
step-error-yes-no-v1,olympiadbench-836,olympiadbench,2,1,1,0,learned,-1,-2.0,0.8146244883537292,0.8146244883537292,0.0
step-error-yes-no-v1,math-896,math,2,-1,0,0,learned,-1,-2.0,0.5213013291358948,0.5098299980163574,0.0114713311195373
step-error-yes-no-v1,gsm8k-170,gsm8k,2,1,1,0,learned,-1,-2.0,0.2740616202354431,0.2153263688087463,0.0587352514266967
step-error-yes-no-v1,math-568,math,0,3,0,0,learned,-1,-2.0,0.3027097582817077,0.3168350160121918,-0.014125257730484
step-error-yes-no-v1,omnimath-369,omnimath,1,2,0,0,learned,-1,-2.0,0.1549907624721527,0.1549907624721527,0.0
step-error-yes-no-v1,math-52,math,2,1,1,0,learned,-1,-2.0,0.1243530213832855,0.1243530213832855,0.0
step-error-yes-no-v1,gsm8k-304,gsm8k,0,-1,0,0,learned,-1,-2.0,0.0624187588691711,0.0624187588691711,0.0
step-error-yes-no-v1,olympiadbench-867,olympiadbench,8,4,1,0,learned,-1,-2.0,-0.3027097582817077,-0.3308211266994476,0.0281113684177398
step-error-yes-no-v1,omnimath-524,omnimath,2,4,0,0,learned,-1,-2.0,0.2449186742305755,0.2449186742305755,0.0
step-error-yes-no-v1,omnimath-736,omnimath,5,0,1,0,learned,-1,-2.0,-0.6257346868515015,-0.6443782448768616,0.0186435580253601
step-error-yes-no-v1,omnimath-234,omnimath,5,4,1,0,learned,-1,-2.0,0.6709671020507812,0.6794679164886475,-0.0085008144378662
step-error-yes-no-v1,olympiadbench-998,olympiadbench,5,2,1,0,learned,-1,-2.0,0.4863359332084656,0.5098299980163574,-0.0234940648078918
step-error-yes-no-v1,olympiadbench-228,olympiadbench,8,7,1,0,learned,-1,-2.0,0.3308211266994476,0.3308211266994476,0.0
step-error-yes-no-v1,omnimath-409,omnimath,2,7,0,0,learned,-1,-2.0,0.5325872898101807,0.5325872898101807,0.0
step-error-yes-no-v1,omnimath-6,omnimath,4,4,1,1,learned,-1,-2.0,0.2003766596317291,0.1853331923484802,0.0150434672832489
step-error-yes-no-v1,omnimath-575,omnimath,3,-1,0,0,learned,-1,-1.0,-0.3852839469909668,-0.3852839469909668,0.0
step-error-yes-no-v1,gsm8k-264,gsm8k,2,1,1,0,learned,-1,-1.0,-0.1702023148536682,-0.1853331923484802,0.015130877494812
step-error-yes-no-v1,omnimath-523,omnimath,2,0,1,0,learned,-1,-1.0,0.0312398374080657,0.0312398374080657,0.0
step-error-yes-no-v1,olympiadbench-586,olympiadbench,9,-1,0,0,learned,-1,-1.0,-0.1549907624721527,-0.1853331923484802,0.0303424298763275
step-error-yes-no-v1,gsm8k-161,gsm8k,3,2,1,0,learned,-1,-1.0,0.3583573997020721,0.3583573997020721,0.0
step-error-yes-no-v1,omnimath-63,omnimath,1,2,0,0,learned,-1,-1.0,0.4497405886650085,0.4497405886650085,0.0
step-error-yes-no-v1,math-304,math,1,3,0,0,learned,-1,-1.0,0.4863359332084656,0.5098299980163574,-0.0234940648078918
step-error-yes-no-v1,olympiadbench-884,olympiadbench,0,-1,0,0,learned,-1,-1.0,0.0624187588691711,0.0624187588691711,0.0
step-error-yes-no-v1,omnimath-514,omnimath,6,1,1,0,learned,-1,-1.0,-0.1243530213832855,-0.1243530213832855,0.0
step-error-yes-no-v1,olympiadbench-275,olympiadbench,6,1,1,0,learned,-1,-1.0,-0.4371887743473053,-0.4115700721740722,-0.025618702173233
step-error-yes-no-v1,omnimath-573,omnimath,0,1,0,0,learned,-1,-1.0,0.3308211266994476,0.3308211266994476,0.0
step-error-yes-no-v1,omnimath-674,omnimath,0,-1,0,0,learned,-1,-1.0,0.1702023148536682,0.1853331923484802,-0.015130877494812
step-error-yes-no-v1,math-885,math,2,-1,0,0,learned,-1,-1.0,0.7411946058273315,0.7340714931488037,0.0071231126785278
step-error-yes-no-v1,math-384,math,1,4,0,0,learned,-1,-1.0,0.0312398374080657,0.0624187588691711,-0.0311789214611053
step-error-yes-no-v1,olympiadbench-886,olympiadbench,5,-1,0,0,learned,-1,-1.0,0.7117023468017578,0.7117023468017578,0.0
step-error-yes-no-v1,olympiadbench-118,olympiadbench,9,8,1,0,learned,-1,-1.0,-0.4863359332084656,-0.5098299980163574,0.0234940648078918
step-error-yes-no-v1,olympiadbench-200,olympiadbench,1,3,0,0,learned,-1,-1.0,0.7117023468017578,0.719327449798584,-0.0076251029968261
step-error-yes-no-v1,math-259,math,5,2,1,0,learned,-1,-1.0,0.1089409291744232,0.077966421842575,0.0309745073318481
step-error-yes-no-v1,math-98,math,2,0,1,0,learned,-1,-1.0,0.8526074290275574,0.8526074290275574,0.0
step-error-yes-no-v1,math-499,math,4,3,1,0,learned,-1,-1.0,-0.653423547744751,-0.653423547744751,0.0
step-error-yes-no-v1,math-648,math,0,-1,0,0,learned,-1,-1.0,0.7481544017791748,0.7481544017791748,0.0
step-error-yes-no-v1,olympiadbench-360,olympiadbench,1,1,1,1,learned,-1,-1.0,0.3027097582817077,0.3308211266994476,-0.0281113684177398
step-error-yes-no-v1,omnimath-497,omnimath,1,1,1,1,learned,-1,-1.0,0.3308211266994476,0.3308211266994476,0.0
step-error-yes-no-v1,olympiadbench-159,olympiadbench,2,13,0,0,learned,-1,-1.0,0.792502760887146,0.7805885076522827,0.0119142532348632
step-error-yes-no-v1,olympiadbench-358,olympiadbench,8,1,1,0,learned,-1,-1.0,0.4981744289398193,0.5213013291358948,-0.0231269001960754
step-error-yes-no-v1,omnimath-460,omnimath,7,2,1,0,learned,-1,-1.0,0.2449186742305755,0.2449186742305755,0.0
step-error-yes-no-v1,olympiadbench-757,olympiadbench,6,-1,0,0,learned,-1,-1.0,-0.0312398374080657,0.0,-0.0312398374080657
step-error-yes-no-v1,math-92,math,0,1,0,0,learned,-1,-1.0,0.1853331923484802,0.2153263688087463,-0.0299931764602661
step-error-yes-no-v1,math-27,math,2,1,1,0,learned,-1,-1.0,0.5436869859695435,0.5436869859695435,0.0
step-error-yes-no-v1,math-387,math,0,1,0,0,learned,-1,-1.0,0.5325872898101807,0.5325872898101807,0.0
step-error-yes-no-v1,omnimath-81,omnimath,2,4,0,0,learned,-1,-1.0,0.2449186742305755,0.2449186742305755,0.0
step-error-yes-no-v1,math-418,math,2,1,1,0,learned,-1,-1.0,0.6709671020507812,0.6709671020507812,0.0
step-error-yes-no-v1,math-35,math,1,2,0,0,learned,-1,-1.0,0.4621171057224273,0.4621171057224273,0.0
step-error-yes-no-v1,olympiadbench-844,olympiadbench,5,-1,0,0,learned,-1,-1.0,0.4115700721740722,0.4115700721740722,0.0
step-error-yes-no-v1,gsm8k-208,gsm8k,1,4,0,0,learned,-1,-1.0,0.662286102771759,0.6709671020507812,-0.0086809992790222
step-error-yes-no-v1,omnimath-582,omnimath,5,4,1,0,learned,-1,-1.0,-0.6063475608825684,-0.5963735580444336,-0.0099740028381347
step-error-yes-no-v1,omnimath-182,omnimath,4,1,1,0,learned,-1,-1.0,0.2449186742305755,0.2153263688087463,0.0295923054218292
step-error-yes-no-v1,omnimath-451,omnimath,2,1,1,0,learned,-1,-1.0,-0.2740616202354431,-0.2740616202354431,0.0
step-error-yes-no-v1,olympiadbench-154,olympiadbench,3,3,1,1,learned,-1,-1.0,0.5325872898101807,0.5436869859695435,-0.0110996961593627
step-error-yes-no-v1,olympiadbench-568,olympiadbench,1,4,0,0,learned,-1,-1.0,0.662286102771759,0.6709671020507812,-0.0086809992790222
step-error-yes-no-v1,omnimath-429,omnimath,0,2,0,0,learned,-1,-1.0,0.093476265668869,0.093476265668869,0.0
step-error-yes-no-v1,olympiadbench-919,olympiadbench,8,-1,0,0,learned,-1,-1.0,-0.2449186742305755,-0.2449186742305755,0.0
step-error-yes-no-v1,math-46,math,0,3,0,0,learned,-1,-1.0,0.5325872898101807,0.5325872898101807,0.0
step-error-yes-no-v1,math-163,math,1,3,0,0,learned,-1,-1.0,0.4371887743473053,0.4371887743473053,0.0
step-error-yes-no-v1,olympiadbench-665,olympiadbench,8,3,1,0,learned,-1,-1.0,-0.2740616202354431,-0.2884502410888672,0.014388620853424
step-error-yes-no-v1,gsm8k-144,gsm8k,2,1,1,0,learned,-1,-1.0,0.6063475608825684,0.6063475608825684,0.0
step-error-yes-no-v1,gsm8k-33,gsm8k,2,2,1,1,learned,-1,-1.0,0.2003766596317291,0.2003766596317291,0.0
step-error-yes-no-v1,olympiadbench-293,olympiadbench,2,1,1,0,learned,-1,-1.0,0.1243530213832855,0.1549907624721527,-0.0306377410888671
step-error-yes-no-v1,math-664,math,0,-1,0,0,learned,-1,-1.0,0.9480852484703064,0.946481466293335,0.0016037821769714
step-error-yes-no-v1,olympiadbench-153,olympiadbench,0,2,0,0,learned,-1,-1.0,0.0,0.0,0.0
step-error-yes-no-v1,math-738,math,1,-1,0,0,learned,-1,-1.0,0.2449186742305755,0.2153263688087463,0.0295923054218292
step-error-yes-no-v1,math-293,math,5,3,1,0,learned,-1,-1.0,-0.1853331923484802,-0.2153263688087463,0.0299931764602661
step-error-yes-no-v1,omnimath-571,omnimath,0,2,0,0,learned,-1,-1.0,0.1549907624721527,0.1243530213832855,0.0306377410888671
step-error-yes-no-v1,math-409,math,6,4,1,0,learned,-1,-1.0,0.0,0.0,0.0
step-error-yes-no-v1,omnimath-996,omnimath,2,1,1,0,learned,-1,-1.0,0.0,-0.0312398374080657,0.0312398374080657
step-error-yes-no-v1,olympiadbench-442,olympiadbench,1,4,0,0,learned,-1,-1.0,0.4863359332084656,0.4863359332084656,0.0
step-error-yes-no-v1,math-363,math,4,2,1,0,learned,-1,-1.0,-0.6063475608825684,-0.6063475608825684,0.0
step-error-yes-no-v1,math-545,math,9,-1,0,0,learned,-1,-1.0,-0.3852839469909668,-0.3852839469909668,0.0
step-error-yes-no-v1,omnimath-931,omnimath,8,6,1,0,learned,-1,-1.0,-0.5325872898101807,-0.5436869859695435,0.0110996961593627
step-error-yes-no-v1,olympiadbench-898,olympiadbench,6,1,1,0,learned,-1,-1.0,-0.662286102771759,-0.6709671020507812,0.0086809992790222
step-error-yes-no-v1,omnimath-655,omnimath,8,5,1,0,learned,-1,-1.0,-0.2153263688087463,-0.2153263688087463,0.0
step-error-yes-no-v1,math-747,math,2,-1,0,0,learned,-1,-1.0,0.7117023468017578,0.7117023468017578,0.0
step-error-yes-no-v1,omnimath-938,omnimath,1,5,0,0,learned,-1,-1.0,0.3852839469909668,0.3852839469909668,0.0
step-error-yes-no-v1,omnimath-383,omnimath,4,2,1,0,learned,-1,-1.0,0.1853331923484802,0.1853331923484802,0.0
step-error-yes-no-v1,math-508,math,7,-1,0,0,learned,-1,-1.0,-0.0312398374080657,-0.0312398374080657,0.0
step-error-yes-no-v1,omnimath-359,omnimath,0,1,0,0,learned,-1,-1.0,0.4981744289398193,0.4981744289398193,0.0
step-error-yes-no-v1,olympiadbench-247,olympiadbench,3,2,1,0,learned,-1,-1.0,0.4863359332084656,0.4863359332084656,0.0
step-error-yes-no-v1,math-606,math,3,-1,0,0,learned,-1,-1.0,0.7549536228179932,0.7615941166877747,-0.0066404938697814
step-error-yes-no-v1,omnimath-722,omnimath,7,4,1,0,learned,-1,-1.0,-0.4863359332084656,-0.4621171057224273,-0.0242188274860382
step-error-yes-no-v1,omnimath-766,omnimath,3,1,1,0,learned,-1,-1.0,0.653423547744751,0.653423547744751,0.0
step-error-yes-no-v1,omnimath-382,omnimath,0,1,0,0,learned,-1,-1.0,0.2153263688087463,0.2449186742305755,-0.0295923054218292
step-error-yes-no-v1,omnimath-349,omnimath,7,7,1,1,learned,-1,-1.0,-0.3852839469909668,-0.371898889541626,-0.0133850574493408
step-error-yes-no-v1,omnimath-341,omnimath,0,5,0,0,learned,-1,-1.0,0.5545997619628906,0.5545997619628906,0.0
step-error-yes-no-v1,omnimath-968,omnimath,6,2,1,0,learned,-1,-1.0,-0.3027097582817077,-0.3027097582817077,0.0
step-error-yes-no-v1,math-170,math,8,8,1,1,learned,-1,-1.0,-0.0624187588691711,-0.0624187588691711,0.0
step-error-yes-no-v1,gsm8k-242,gsm8k,3,-1,0,0,learned,-1,-1.0,-0.3027097582817077,-0.2884502410888672,-0.0142595171928405
step-error-yes-no-v1,olympiadbench-580,olympiadbench,7,2,1,0,learned,-1,-1.0,-0.2595492601394653,-0.2449186742305755,-0.0146305859088897
step-error-yes-no-v1,omnimath-168,omnimath,0,1,0,0,learned,-1,-1.0,0.1243530213832855,0.1243530213832855,0.0
step-error-yes-no-v1,olympiadbench-54,olympiadbench,5,1,1,0,learned,-1,-1.0,0.0312398374080657,0.0312398374080657,0.0
step-error-yes-no-v1,math-936,math,3,0,1,0,learned,-1,-1.0,0.1549907624721527,0.1549907624721527,0.0
step-error-yes-no-v1,olympiadbench-475,olympiadbench,2,4,0,0,learned,-1,-1.0,0.0624187588691711,0.0624187588691711,0.0
step-error-yes-no-v1,math-483,math,4,3,1,0,learned,-1,-1.0,0.1853331923484802,0.1853331923484802,0.0
step-error-yes-no-v1,olympiadbench-95,olympiadbench,7,2,1,0,learned,-1,-1.0,-0.093476265668869,-0.093476265668869,0.0
step-error-yes-no-v1,olympiadbench-306,olympiadbench,7,3,1,0,learned,-1,-1.0,-0.1243530213832855,-0.1243530213832855,0.0
step-error-yes-no-v1,omnimath-335,omnimath,3,0,1,0,learned,-1,-1.0,-0.4371887743473053,-0.4743163287639618,0.0371275544166564
step-error-yes-no-v1,omnimath-824,omnimath,5,-1,0,0,learned,-1,-1.0,-0.2153263688087463,-0.2153263688087463,0.0
step-error-yes-no-v1,omnimath-831,omnimath,0,-1,0,0,learned,-1,-1.0,0.4115700721740722,0.4115700721740722,0.0
step-error-yes-no-v1,omnimath-531,omnimath,4,-1,0,0,learned,-1,-1.0,0.8146244883537292,0.8093010187149048,0.0053234696388244
step-error-yes-no-v1,olympiadbench-63,olympiadbench,4,2,1,0,learned,-1,-1.0,-0.4497405886650085,-0.4371887743473053,-0.0125518143177032
step-error-yes-no-v1,olympiadbench-268,olympiadbench,0,2,0,0,learned,-1,-1.0,0.1243530213832855,0.1549907624721527,-0.0306377410888671
step-error-yes-no-v1,gsm8k-151,gsm8k,6,5,1,0,learned,-1,-1.0,-0.2153263688087463,-0.2595492601394653,0.0442228913307189
step-error-yes-no-v1,gsm8k-65,gsm8k,2,4,0,0,learned,-1,-1.0,0.3027097582817077,0.3027097582817077,0.0
step-error-yes-no-v1,omnimath-725,omnimath,9,-1,0,0,learned,-1,-1.0,-0.0624187588691711,-0.0624187588691711,0.0
step-error-yes-no-v1,omnimath-851,omnimath,4,2,1,0,learned,-1,-1.0,0.3308211266994476,0.3027097582817077,0.0281113684177398
step-error-yes-no-v1,omnimath-132,omnimath,3,0,1,0,learned,-1,-1.0,-0.0624187588691711,-0.0312398374080657,-0.0311789214611053
step-error-yes-no-v1,olympiadbench-866,olympiadbench,4,1,1,0,learned,-1,-1.0,0.1549907624721527,0.1549907624721527,0.0
step-error-yes-no-v1,gsm8k-106,gsm8k,2,1,1,0,learned,-1,-1.0,-0.1089409291744232,-0.093476265668869,-0.0154646635055542
step-error-yes-no-v1,olympiadbench-373,olympiadbench,4,2,1,0,learned,-1,-1.0,0.5758624076843262,0.5963735580444336,-0.0205111503601074
step-error-yes-no-v1,math-299,math,2,2,1,1,learned,-1,-1.0,0.4863359332084656,0.4863359332084656,0.0
step-error-yes-no-v1,gsm8k-74,gsm8k,6,4,1,0,learned,-1,-1.0,0.5098299980163574,0.4863359332084656,0.0234940648078918
step-error-yes-no-v1,olympiadbench-80,olympiadbench,10,7,1,0,learned,-1,-1.0,0.2153263688087463,0.1853331923484802,0.0299931764602661
step-error-yes-no-v1,math-563,math,4,2,1,0,learned,-1,-1.0,0.886695146560669,0.8833082914352417,0.0033868551254272
step-error-yes-no-v1,olympiadbench-9,olympiadbench,0,3,0,0,learned,-1,-1.0,0.1243530213832855,0.1089409291744232,0.0154120922088623
step-error-yes-no-v1,omnimath-252,omnimath,2,6,0,0,learned,-1,-1.0,0.093476265668869,0.0624187588691711,0.0310575067996978
step-error-yes-no-v1,olympiadbench-76,olympiadbench,8,7,1,0,learned,-1,-1.0,-0.1549907624721527,-0.1549907624721527,0.0
step-error-yes-no-v1,math-658,math,5,-1,0,0,learned,-1,-1.0,-0.0312398374080657,-0.0312398374080657,0.0
step-error-yes-no-v1,olympiadbench-46,olympiadbench,4,4,1,1,learned,-1,-1.0,-0.653423547744751,-0.6443782448768616,-0.0090453028678894
step-error-yes-no-v1,gsm8k-319,gsm8k,1,-1,0,0,learned,-1,-1.0,0.7744091749191284,0.7680785655975342,0.0063306093215942
step-error-yes-no-v1,olympiadbench-517,olympiadbench,0,-1,0,0,learned,-1,-1.0,0.3027097582817077,0.2740616202354431,0.0286481380462646
step-error-yes-no-v1,omnimath-517,omnimath,2,1,1,0,learned,-1,-1.0,0.0,0.0,0.0
step-error-yes-no-v1,olympiadbench-21,olympiadbench,8,5,1,0,learned,-1,-1.0,-0.2153263688087463,-0.1853331923484802,-0.0299931764602661
step-error-yes-no-v1,gsm8k-105,gsm8k,1,1,1,1,learned,-1,-1.0,0.3852839469909668,0.4115700721740722,-0.0262861251831054
step-error-yes-no-v1,math-632,math,1,-1,0,0,learned,-1,-1.0,0.7680785655975342,0.7680785655975342,0.0
step-error-yes-no-v1,olympiadbench-61,olympiadbench,7,1,1,0,learned,-1,-1.0,-0.6709671020507812,-0.653423547744751,-0.0175435543060302
step-error-yes-no-v1,math-65,math,4,8,0,0,learned,-1,-1.0,0.7744091749191284,0.7805885076522827,-0.0061793327331542
step-error-yes-no-v1,math-372,math,3,3,1,1,learned,-1,-1.0,0.4863359332084656,0.4743163287639618,0.0120196044445037
step-error-yes-no-v1,gsm8k-250,gsm8k,0,-1,0,0,learned,-1,-1.0,0.653423547744751,0.6443782448768616,0.0090453028678894
step-error-yes-no-v1,omnimath-942,omnimath,2,-1,0,0,learned,-1,-1.0,0.5098299980163574,0.5098299980163574,0.0
step-error-yes-no-v1,math-958,math,10,7,1,0,learned,-1,-1.0,-0.4115700721740722,-0.4115700721740722,0.0
step-error-yes-no-v1,omnimath-943,omnimath,1,4,0,0,learned,-1,-1.0,0.2449186742305755,0.2449186742305755,0.0
step-error-yes-no-v1,gsm8k-61,gsm8k,0,1,0,0,learned,-1,-1.0,0.0468407273292541,0.0468407273292541,0.0
step-error-yes-no-v1,omnimath-329,omnimath,9,8,1,0,learned,-1,-1.0,-0.5758624076843262,-0.5963735580444336,0.0205111503601074
step-error-yes-no-v1,olympiadbench-20,olympiadbench,2,1,1,0,learned,-1,-1.0,0.2449186742305755,0.2449186742305755,0.0
step-error-yes-no-v1,math-228,math,6,6,1,1,learned,-1,-1.0,-0.3027097582817077,-0.2740616202354431,-0.0286481380462646
step-error-yes-no-v1,olympiadbench-141,olympiadbench,4,2,1,0,learned,-1,-1.0,-0.5098299980163574,-0.4621171057224273,-0.04771289229393
step-error-yes-no-v1,olympiadbench-261,olympiadbench,6,6,1,1,learned,-1,-1.0,-0.7680785655975342,-0.7680785655975342,0.0
step-error-yes-no-v1,gsm8k-21,gsm8k,3,5,0,0,learned,-1,-1.0,-0.093476265668869,-0.1089409291744232,0.0154646635055542
step-error-yes-no-v1,math-962,math,4,-1,0,0,learned,-1,-1.0,0.093476265668869,0.1089409291744232,-0.0154646635055542
step-error-yes-no-v1,omnimath-536,omnimath,1,-1,0,0,learned,-1,-1.0,0.5098299980163574,0.5325872898101807,-0.0227572917938232
step-error-yes-no-v1,olympiadbench-962,olympiadbench,0,2,0,0,learned,-1,-1.0,0.3027097582817077,0.3308211266994476,-0.0281113684177398
step-error-yes-no-v1,math-25,math,9,5,1,0,learned,-1,-1.0,0.0624187588691711,0.0312398374080657,0.0311789214611053
step-error-yes-no-v1,olympiadbench-424,olympiadbench,11,11,1,1,learned,-1,-1.0,0.1853331923484802,0.2153263688087463,-0.0299931764602661
step-error-yes-no-v1,olympiadbench-72,olympiadbench,3,1,1,0,learned,-1,-1.0,0.7039056420326233,0.7117023468017578,-0.0077967047691345
step-error-yes-no-v1,omnimath-381,omnimath,0,3,0,0,learned,-1,-1.0,0.1243530213832855,0.1549907624721527,-0.0306377410888671
step-error-yes-no-v1,math-700,math,2,-1,0,0,learned,-1,-1.0,0.7340714931488037,0.7340714931488037,0.0
step-error-yes-no-v1,olympiadbench-315,olympiadbench,5,5,1,1,learned,-1,-1.0,0.0,-0.0312398374080657,0.0312398374080657
step-error-yes-no-v1,omnimath-408,omnimath,0,1,0,0,learned,-1,-1.0,0.3308211266994476,0.3168350160121918,0.0139861106872558
step-error-yes-no-v1,olympiadbench-507,olympiadbench,1,-1,0,0,learned,-1,-1.0,0.5098299980163574,0.5098299980163574,0.0
step-error-yes-no-v1,omnimath-259,omnimath,7,6,1,0,learned,-1,-1.0,-0.2740616202354431,-0.2449186742305755,-0.0291429460048675
step-error-yes-no-v1,gsm8k-348,gsm8k,3,-1,0,0,learned,-1,-1.0,0.8093010187149048,0.8038413524627686,0.0054596662521362
step-error-yes-no-v1,omnimath-893,omnimath,3,2,1,0,learned,-1,-1.0,0.4981744289398193,0.4863359332084656,0.0118384957313537
step-error-yes-no-v1,gsm8k-66,gsm8k,8,6,1,0,learned,-1,-1.0,-0.5098299980163574,-0.5213013291358948,0.0114713311195373
step-error-yes-no-v1,olympiadbench-296,olympiadbench,4,2,1,0,learned,-1,-1.0,0.0312398374080657,0.0,0.0312398374080657
step-error-yes-no-v1,omnimath-392,omnimath,5,6,0,0,learned,-1,-1.0,0.0,0.0156237185001373,-0.0156237185001373
step-error-yes-no-v1,omnimath-468,omnimath,2,5,0,0,learned,-1,-1.0,0.0,0.0,0.0
step-error-yes-no-v1,olympiadbench-73,olympiadbench,9,10,0,0,learned,-1,-1.0,0.4371887743473053,0.4621171057224273,-0.024928331375122
step-error-yes-no-v1,olympiadbench-79,olympiadbench,11,11,1,1,learned,-1,-1.0,0.5325872898101807,0.5325872898101807,0.0
step-error-yes-no-v1,math-731,math,3,-1,0,0,learned,-1,-1.0,0.1853331923484802,0.2153263688087463,-0.0299931764602661
step-error-yes-no-v1,math-528,math,4,-1,0,0,learned,-1,-1.0,0.3852839469909668,0.3852839469909668,0.0
step-error-yes-no-v1,gsm8k-194,gsm8k,1,2,0,0,learned,-1,-1.0,0.5325872898101807,0.5325872898101807,0.0
step-error-yes-no-v1,math-790,math,0,-1,0,0,learned,-1,-1.0,0.719327449798584,0.719327449798584,0.0
step-error-yes-no-v1,olympiadbench-31,olympiadbench,5,5,1,1,learned,-1,-1.0,0.1243530213832855,0.1549907624721527,-0.0306377410888671
step-error-yes-no-v1,omnimath-865,omnimath,1,3,0,0,learned,-1,-1.0,0.4115700721740722,0.3985088169574737,0.0130612552165985
step-error-yes-no-v1,omnimath-421,omnimath,4,3,1,0,learned,-1,-1.0,-0.2740616202354431,-0.2740616202354431,0.0
step-error-yes-no-v1,math-926,math,7,4,1,0,learned,-1,-1.0,-0.5436869859695435,-0.5653250217437744,0.0216380357742309
step-error-yes-no-v1,math-100,math,0,1,0,0,learned,-1,-1.0,0.5325872898101807,0.5545997619628906,-0.0220124721527099
step-error-yes-no-v1,math-247,math,3,5,0,0,learned,-1,-1.0,-0.2740616202354431,-0.2449186742305755,-0.0291429460048675
step-error-yes-no-v1,math-482,math,5,3,1,0,learned,-1,-1.0,0.0312398374080657,0.0,0.0312398374080657
step-error-yes-no-v1,gsm8k-164,gsm8k,0,0,1,1,learned,-1,-1.0,0.5963735580444336,0.6161344051361084,-0.0197608470916748
step-error-yes-no-v1,math-865,math,3,-1,0,0,learned,-1,-1.0,-0.0312398374080657,-0.0624187588691711,0.0311789214611053
step-error-yes-no-v1,math-488,math,3,1,1,0,learned,-1,-1.0,0.7481544017791748,0.7411946058273315,0.0069597959518432
step-error-yes-no-v1,olympiadbench-503,olympiadbench,8,-1,0,0,learned,-1,-1.0,-0.2301757037639618,-0.2301757037639618,0.0
step-error-yes-no-v1,olympiadbench-342,olympiadbench,0,1,0,0,learned,-1,-1.0,0.2449186742305755,0.2449186742305755,0.0
step-error-yes-no-v1,math-447,math,1,0,1,0,learned,-1,-1.0,0.7117023468017578,0.7117023468017578,0.0
step-error-yes-no-v1,olympiadbench-763,olympiadbench,8,2,1,0,learned,-1,-1.0,-0.1089409291744232,-0.093476265668869,-0.0154646635055542
step-error-yes-no-v1,math-754,math,3,-1,0,0,learned,-1,-1.0,-0.3027097582817077,-0.3027097582817077,0.0
step-error-yes-no-v1,gsm8k-55,gsm8k,0,0,1,1,learned,-1,-1.0,0.4115700721740722,0.4371887743473053,-0.025618702173233
step-error-yes-no-v1,olympiadbench-17,olympiadbench,7,6,1,0,learned,-1,-1.0,-0.3027097582817077,-0.3027097582817077,0.0
step-error-yes-no-v1,math-146,math,0,1,0,0,learned,-1,-1.0,0.5325872898101807,0.5325872898101807,0.0
step-error-yes-no-v1,omnimath-881,omnimath,1,-1,0,0,learned,-1,-1.0,0.1853331923484802,0.2153263688087463,-0.0299931764602661
step-error-yes-no-v1,olympiadbench-545,olympiadbench,2,2,1,1,learned,-1,-1.0,-0.1853331923484802,-0.2153263688087463,0.0299931764602661
step-error-yes-no-v1,math-650,math,6,-1,0,0,learned,-1,-1.0,0.3027097582817077,0.3027097582817077,0.0
step-error-yes-no-v1,math-521,math,5,-1,0,0,learned,-1,-1.0,-0.1549907624721527,-0.1549907624721527,0.0
step-error-yes-no-v1,math-454,math,6,6,1,1,learned,-1,-1.0,-0.3027097582817077,-0.3027097582817077,0.0
step-error-yes-no-v1,olympiadbench-297,olympiadbench,3,3,1,1,learned,-1,-1.0,0.7340714931488037,0.7340714931488037,0.0
step-error-yes-no-v1,math-37,math,2,1,1,0,learned,-1,-1.0,0.3308211266994476,0.3583573997020721,-0.0275362730026245
step-error-yes-no-v1,gsm8k-244,gsm8k,0,-1,0,0,learned,-1,-1.0,0.5098299980163574,0.5098299980163574,0.0
step-error-yes-no-v1,olympiadbench-485,olympiadbench,0,2,0,0,learned,-1,-1.0,0.0312398374080657,0.0312398374080657,0.0
step-error-yes-no-v1,olympiadbench-746,olympiadbench,4,-1,0,0,learned,-1,-1.0,-0.2449186742305755,-0.2449186742305755,0.0
step-error-yes-no-v1,math-717,math,2,-1,0,0,learned,-1,-1.0,0.3852839469909668,0.3852839469909668,0.0
step-error-yes-no-v1,math-556,math,3,2,1,0,learned,-1,-1.0,0.4621171057224273,0.4863359332084656,-0.0242188274860382
step-error-yes-no-v1,math-544,math,1,-1,0,0,learned,-1,-1.0,0.7340714931488037,0.7267831563949585,0.0072883367538452
step-error-yes-no-v1,gsm8k-199,gsm8k,2,2,1,1,learned,-1,-1.0,0.5325872898101807,0.5436869859695435,-0.0110996961593627
step-error-yes-no-v1,math-875,math,1,1,1,1,learned,-1,-1.0,0.7549536228179932,0.7549536228179932,0.0
step-error-yes-no-v1,olympiadbench-677,olympiadbench,0,1,0,0,learned,-1,-1.0,0.2449186742305755,0.2740616202354431,-0.0291429460048675
step-error-yes-no-v1,math-466,math,5,2,1,0,learned,-1,-1.0,0.4621171057224273,0.4863359332084656,-0.0242188274860382
step-error-yes-no-v1,omnimath-219,omnimath,0,1,0,0,learned,-1,-1.0,0.6161344051361084,0.6161344051361084,0.0
step-error-yes-no-v1,math-774,math,3,4,0,0,learned,-1,-1.0,0.4115700721740722,0.3852839469909668,0.0262861251831054
step-error-yes-no-v1,omnimath-216,omnimath,4,2,1,0,learned,-1,-1.0,-0.6443782448768616,-0.6443782448768616,0.0
step-error-yes-no-v1,omnimath-60,omnimath,2,1,1,0,learned,-1,-1.0,0.653423547744751,0.653423547744751,0.0
step-error-yes-no-v1,olympiadbench-634,olympiadbench,2,0,1,0,learned,-1,-1.0,0.0624187588691711,0.0624187588691711,0.0
step-error-yes-no-v1,olympiadbench-339,olympiadbench,0,1,0,0,learned,-1,-1.0,0.1853331923484802,0.2153263688087463,-0.0299931764602661
step-error-yes-no-v1,omnimath-628,omnimath,2,-1,0,0,learned,-1,-1.0,-0.3583573997020721,-0.3852839469909668,0.0269265472888946
step-error-yes-no-v1,olympiadbench-3,olympiadbench,4,3,1,0,learned,-1,-1.0,-0.1853331923484802,-0.1853331923484802,0.0
step-error-yes-no-v1,math-679,math,4,2,1,0,learned,-1,-1.0,0.1853331923484802,0.1853331923484802,0.0
step-error-yes-no-v1,olympiadbench-149,olympiadbench,2,1,1,0,learned,-1,-1.0,-0.5758624076843262,-0.5862119197845459,0.0103495121002197
step-error-yes-no-v1,math-437,math,2,2,1,1,learned,-1,-1.0,0.5545997619628906,0.5545997619628906,0.0
step-error-yes-no-v1,omnimath-213,omnimath,0,4,0,0,learned,-1,-1.0,-0.0312398374080657,0.0,-0.0312398374080657
step-error-yes-no-v1,omnimath-705,omnimath,1,-1,0,0,learned,-1,-1.0,0.5963735580444336,0.5963735580444336,0.0
step-error-yes-no-v1,omnimath-205,omnimath,6,3,1,0,learned,-1,-1.0,-0.2595492601394653,-0.2740616202354431,0.0145123600959777
step-error-yes-no-v1,omnimath-640,omnimath,3,-1,0,0,learned,-1,-1.0,-0.4371887743473053,-0.4115700721740722,-0.025618702173233
step-error-yes-no-v1,omnimath-198,omnimath,3,3,1,1,learned,-1,-1.0,-0.7340714931488037,-0.7411946058273315,0.0071231126785278
step-error-yes-no-v1,math-860,math,0,-1,0,0,learned,-1,-1.0,0.3027097582817077,0.3027097582817077,0.0
step-error-yes-no-v1,math-725,math,1,2,0,0,learned,-1,-1.0,-0.2153263688087463,-0.2153263688087463,0.0
step-error-yes-no-v1,math-234,math,0,1,0,0,learned,-1,-1.0,0.8198139667510986,0.8198139667510986,0.0
step-error-yes-no-v1,math-542,math,1,2,0,0,learned,-1,-1.0,0.7039056420326233,0.6877902150154114,0.0161154270172119
step-error-yes-no-v1,math-406,math,1,1,1,1,learned,-1,-1.0,0.8438436388969421,0.8438436388969421,0.0
step-error-yes-no-v1,omnimath-48,omnimath,6,4,1,0,learned,-1,-1.0,-0.3308211266994476,-0.3027097582817077,-0.0281113684177398
step-error-yes-no-v1,olympiadbench-494,olympiadbench,3,1,1,0,learned,-1,-1.0,0.3852839469909668,0.3852839469909668,0.0
step-error-yes-no-v1,math-220,math,3,1,1,0,learned,-1,-1.0,0.8093010187149048,0.8093010187149048,0.0
step-error-yes-no-v1,math-81,math,0,2,0,0,learned,-1,-1.0,0.8146244883537292,0.8248723149299622,-0.0102478265762329
step-error-yes-no-v1,gsm8k-334,gsm8k,2,-1,0,0,learned,-1,-1.0,-0.0156237185001373,-0.0156237185001373,0.0
step-error-yes-no-v1,omnimath-170,omnimath,0,1,0,0,learned,-1,-1.0,0.4115700721740722,0.4115700721740722,0.0
step-error-yes-no-v1,math-1,math,8,9,0,0,learned,-1,-1.0,-0.5098299980163574,-0.4863359332084656,-0.0234940648078918
step-error-yes-no-v1,omnimath-65,omnimath,4,5,0,0,learned,-1,-1.0,0.0624187588691711,0.0624187588691711,0.0
step-error-yes-no-v1,gsm8k-225,gsm8k,1,-1,0,0,learned,-1,-1.0,0.2449186742305755,0.2449186742305755,0.0
step-error-yes-no-v1,olympiadbench-257,olympiadbench,1,2,0,0,learned,-1,-1.0,0.5098299980163574,0.5098299980163574,0.0
step-error-yes-no-v1,omnimath-559,omnimath,0,2,0,0,learned,-1,-1.0,0.1549907624721527,0.1243530213832855,0.0306377410888671
step-error-yes-no-v1,math-739,math,7,5,1,0,learned,-1,-1.0,-0.1853331923484802,-0.1853331923484802,0.0
step-error-yes-no-v1,omnimath-733,omnimath,5,-1,0,0,learned,-1,-1.0,-0.2740616202354431,-0.3027097582817077,0.0286481380462646
step-error-yes-no-v1,omnimath-490,omnimath,6,5,1,0,learned,-1,-1.0,0.093476265668869,0.0624187588691711,0.0310575067996978
step-error-yes-no-v1,olympiadbench-274,olympiadbench,5,4,1,0,learned,-1,-1.0,-0.5545997619628906,-0.5545997619628906,0.0
step-error-yes-no-v1,gsm8k-59,gsm8k,2,2,1,1,learned,-1,-1.0,0.5098299980163574,0.5098299980163574,0.0
step-error-yes-no-v1,omnimath-368,omnimath,5,3,1,0,learned,-1,-1.0,-0.2003766596317291,-0.2153263688087463,0.0149497091770172
step-error-yes-no-v1,omnimath-362,omnimath,0,1,0,0,learned,-1,-1.0,0.0624187588691711,0.0312398374080657,0.0311789214611053
step-error-yes-no-v1,olympiadbench-52,olympiadbench,0,3,0,0,learned,-1,-1.0,0.2740616202354431,0.3027097582817077,-0.0286481380462646
step-error-yes-no-v1,math-766,math,4,5,0,0,learned,-1,-1.0,0.7039056420326233,0.7039056420326233,0.0
step-error-yes-no-v1,math-7,math,1,2,0,0,learned,-1,-1.0,0.5758624076843262,0.5758624076843262,0.0
step-error-yes-no-v1,olympiadbench-732,olympiadbench,7,-1,0,0,learned,-1,-1.0,-0.2884502410888672,-0.2740616202354431,-0.014388620853424
step-error-yes-no-v1,omnimath-29,omnimath,0,2,0,0,learned,-1,-1.0,0.5098299980163574,0.5325872898101807,-0.0227572917938232
step-error-yes-no-v1,omnimath-861,omnimath,2,0,1,0,learned,-1,-1.0,-0.0312398374080657,0.0,-0.0312398374080657
step-error-yes-no-v1,omnimath-167,omnimath,0,2,0,0,learned,-1,-1.0,-0.0624187588691711,-0.0312398374080657,-0.0311789214611053
step-error-yes-no-v1,omnimath-885,omnimath,6,-1,0,0,learned,-1,-1.0,-0.1243530213832855,-0.1243530213832855,0.0
step-error-yes-no-v1,olympiadbench-286,olympiadbench,2,1,1,0,learned,-1,-1.0,-0.3583573997020721,-0.3446633815765381,-0.013694018125534
step-error-yes-no-v1,math-157,math,7,1,1,0,learned,-1,-1.0,0.0312398374080657,0.0312398374080657,0.0
step-error-yes-no-v1,olympiadbench-8,olympiadbench,0,2,0,0,learned,-1,-1.0,0.3308211266994476,0.3308211266994476,0.0
step-error-yes-no-v1,math-412,math,0,1,0,0,learned,-1,-1.0,-0.3027097582817077,-0.3027097582817077,0.0
step-error-yes-no-v1,math-132,math,0,1,0,0,learned,-1,-1.0,0.4621171057224273,0.4863359332084656,-0.0242188274860382
step-error-yes-no-v1,olympiadbench-365,olympiadbench,12,10,1,0,learned,-1,-1.0,-0.662286102771759,-0.653423547744751,-0.008862555027008
step-error-yes-no-v1,omnimath-457,omnimath,11,9,1,0,learned,-1,-1.0,-0.5963735580444336,-0.6063475608825684,0.0099740028381347
step-error-yes-no-v1,olympiadbench-232,olympiadbench,4,4,1,1,learned,-1,-1.0,-0.4371887743473053,-0.4244643449783325,-0.0127244293689727
step-error-yes-no-v1,olympiadbench-836,olympiadbench,2,1,1,0,learned,-1,-1.0,0.8198139667510986,0.8146244883537292,0.0051894783973693
step-error-yes-no-v1,math-896,math,2,-1,0,0,learned,-1,-1.0,0.5098299980163574,0.5098299980163574,0.0
step-error-yes-no-v1,gsm8k-170,gsm8k,2,1,1,0,learned,-1,-1.0,0.2449186742305755,0.2153263688087463,0.0295923054218292
step-error-yes-no-v1,math-568,math,0,3,0,0,learned,-1,-1.0,0.3027097582817077,0.3168350160121918,-0.014125257730484
step-error-yes-no-v1,omnimath-369,omnimath,1,2,0,0,learned,-1,-1.0,0.1549907624721527,0.1549907624721527,0.0
step-error-yes-no-v1,math-52,math,2,1,1,0,learned,-1,-1.0,0.093476265668869,0.1243530213832855,-0.0308767557144165
step-error-yes-no-v1,gsm8k-304,gsm8k,0,-1,0,0,learned,-1,-1.0,0.0624187588691711,0.0624187588691711,0.0
step-error-yes-no-v1,olympiadbench-867,olympiadbench,8,4,1,0,learned,-1,-1.0,-0.3308211266994476,-0.3308211266994476,0.0
step-error-yes-no-v1,omnimath-524,omnimath,2,4,0,0,learned,-1,-1.0,0.2740616202354431,0.2449186742305755,0.0291429460048675
step-error-yes-no-v1,omnimath-736,omnimath,5,0,1,0,learned,-1,-1.0,-0.6443782448768616,-0.6443782448768616,0.0
step-error-yes-no-v1,omnimath-234,omnimath,5,4,1,0,learned,-1,-1.0,0.662286102771759,0.6794679164886475,-0.0171818137168884
step-error-yes-no-v1,olympiadbench-998,olympiadbench,5,2,1,0,learned,-1,-1.0,0.5098299980163574,0.5098299980163574,0.0
step-error-yes-no-v1,olympiadbench-228,olympiadbench,8,7,1,0,learned,-1,-1.0,0.3308211266994476,0.3308211266994476,0.0
step-error-yes-no-v1,omnimath-409,omnimath,2,7,0,0,learned,-1,-1.0,0.4863359332084656,0.5325872898101807,-0.046251356601715
step-error-yes-no-v1,omnimath-6,omnimath,4,4,1,1,learned,-1,-1.0,0.2003766596317291,0.1853331923484802,0.0150434672832489
step-error-yes-no-v1,omnimath-575,omnimath,3,-1,0,0,learned,-1,1.0,-0.3852839469909668,-0.3852839469909668,0.0
step-error-yes-no-v1,gsm8k-264,gsm8k,2,1,1,0,learned,-1,1.0,-0.1853331923484802,-0.1853331923484802,0.0
step-error-yes-no-v1,omnimath-523,omnimath,2,0,1,0,learned,-1,1.0,0.0,0.0312398374080657,-0.0312398374080657
step-error-yes-no-v1,olympiadbench-586,olympiadbench,9,-1,0,0,learned,-1,1.0,-0.1853331923484802,-0.1853331923484802,0.0
step-error-yes-no-v1,gsm8k-161,gsm8k,3,2,1,0,learned,-1,1.0,0.3583573997020721,0.3583573997020721,0.0
step-error-yes-no-v1,omnimath-63,omnimath,1,2,0,0,learned,-1,1.0,0.4497405886650085,0.4497405886650085,0.0
step-error-yes-no-v1,math-304,math,1,3,0,0,learned,-1,1.0,0.4863359332084656,0.5098299980163574,-0.0234940648078918
step-error-yes-no-v1,olympiadbench-884,olympiadbench,0,-1,0,0,learned,-1,1.0,0.0624187588691711,0.0624187588691711,0.0
step-error-yes-no-v1,omnimath-514,omnimath,6,1,1,0,learned,-1,1.0,-0.1243530213832855,-0.1243530213832855,0.0
step-error-yes-no-v1,olympiadbench-275,olympiadbench,6,1,1,0,learned,-1,1.0,-0.4371887743473053,-0.4115700721740722,-0.025618702173233
step-error-yes-no-v1,omnimath-573,omnimath,0,1,0,0,learned,-1,1.0,0.3308211266994476,0.3308211266994476,0.0
step-error-yes-no-v1,omnimath-674,omnimath,0,-1,0,0,learned,-1,1.0,0.1853331923484802,0.1853331923484802,0.0
step-error-yes-no-v1,math-885,math,2,-1,0,0,learned,-1,1.0,0.7411946058273315,0.7340714931488037,0.0071231126785278
step-error-yes-no-v1,math-384,math,1,4,0,0,learned,-1,1.0,0.0312398374080657,0.0624187588691711,-0.0311789214611053
step-error-yes-no-v1,olympiadbench-886,olympiadbench,5,-1,0,0,learned,-1,1.0,0.7117023468017578,0.7117023468017578,0.0
step-error-yes-no-v1,olympiadbench-118,olympiadbench,9,8,1,0,learned,-1,1.0,-0.4863359332084656,-0.5098299980163574,0.0234940648078918
step-error-yes-no-v1,olympiadbench-200,olympiadbench,1,3,0,0,learned,-1,1.0,0.7117023468017578,0.719327449798584,-0.0076251029968261
step-error-yes-no-v1,math-259,math,5,2,1,0,learned,-1,1.0,0.093476265668869,0.077966421842575,0.0155098438262939
step-error-yes-no-v1,math-98,math,2,0,1,0,learned,-1,1.0,0.8482836484909058,0.8526074290275574,-0.0043237805366516
step-error-yes-no-v1,math-499,math,4,3,1,0,learned,-1,1.0,-0.653423547744751,-0.653423547744751,0.0
step-error-yes-no-v1,math-648,math,0,-1,0,0,learned,-1,1.0,0.7481544017791748,0.7481544017791748,0.0
step-error-yes-no-v1,olympiadbench-360,olympiadbench,1,1,1,1,learned,-1,1.0,0.3308211266994476,0.3308211266994476,0.0
step-error-yes-no-v1,omnimath-497,omnimath,1,1,1,1,learned,-1,1.0,0.3308211266994476,0.3308211266994476,0.0
step-error-yes-no-v1,olympiadbench-159,olympiadbench,2,13,0,0,learned,-1,1.0,0.7805885076522827,0.7805885076522827,0.0
step-error-yes-no-v1,olympiadbench-358,olympiadbench,8,1,1,0,learned,-1,1.0,0.4981744289398193,0.5213013291358948,-0.0231269001960754
step-error-yes-no-v1,omnimath-460,omnimath,7,2,1,0,learned,-1,1.0,0.2153263688087463,0.2449186742305755,-0.0295923054218292
step-error-yes-no-v1,olympiadbench-757,olympiadbench,6,-1,0,0,learned,-1,1.0,-0.0312398374080657,0.0,-0.0312398374080657
step-error-yes-no-v1,math-92,math,0,1,0,0,learned,-1,1.0,0.2153263688087463,0.2153263688087463,0.0
step-error-yes-no-v1,math-27,math,2,1,1,0,learned,-1,1.0,0.5325872898101807,0.5436869859695435,-0.0110996961593627
step-error-yes-no-v1,math-387,math,0,1,0,0,learned,-1,1.0,0.5325872898101807,0.5325872898101807,0.0
step-error-yes-no-v1,omnimath-81,omnimath,2,4,0,0,learned,-1,1.0,0.2449186742305755,0.2449186742305755,0.0
step-error-yes-no-v1,math-418,math,2,1,1,0,learned,-1,1.0,0.6709671020507812,0.6709671020507812,0.0
step-error-yes-no-v1,math-35,math,1,2,0,0,learned,-1,1.0,0.4621171057224273,0.4621171057224273,0.0
step-error-yes-no-v1,olympiadbench-844,olympiadbench,5,-1,0,0,learned,-1,1.0,0.4115700721740722,0.4115700721740722,0.0
step-error-yes-no-v1,gsm8k-208,gsm8k,1,4,0,0,learned,-1,1.0,0.6709671020507812,0.6709671020507812,0.0
step-error-yes-no-v1,omnimath-582,omnimath,5,4,1,0,learned,-1,1.0,-0.6063475608825684,-0.5963735580444336,-0.0099740028381347
step-error-yes-no-v1,omnimath-182,omnimath,4,1,1,0,learned,-1,1.0,0.2740616202354431,0.2153263688087463,0.0587352514266967
step-error-yes-no-v1,omnimath-451,omnimath,2,1,1,0,learned,-1,1.0,-0.2449186742305755,-0.2740616202354431,0.0291429460048675
step-error-yes-no-v1,olympiadbench-154,olympiadbench,3,3,1,1,learned,-1,1.0,0.5545997619628906,0.5436869859695435,0.0109127759933471
step-error-yes-no-v1,olympiadbench-568,olympiadbench,1,4,0,0,learned,-1,1.0,0.6709671020507812,0.6709671020507812,0.0
step-error-yes-no-v1,omnimath-429,omnimath,0,2,0,0,learned,-1,1.0,0.1243530213832855,0.093476265668869,0.0308767557144165
step-error-yes-no-v1,olympiadbench-919,olympiadbench,8,-1,0,0,learned,-1,1.0,-0.2449186742305755,-0.2449186742305755,0.0
step-error-yes-no-v1,math-46,math,0,3,0,0,learned,-1,1.0,0.5545997619628906,0.5325872898101807,0.0220124721527099
step-error-yes-no-v1,math-163,math,1,3,0,0,learned,-1,1.0,0.4371887743473053,0.4371887743473053,0.0
step-error-yes-no-v1,olympiadbench-665,olympiadbench,8,3,1,0,learned,-1,1.0,-0.2884502410888672,-0.2884502410888672,0.0
step-error-yes-no-v1,gsm8k-144,gsm8k,2,1,1,0,learned,-1,1.0,0.6257346868515015,0.6063475608825684,0.0193871259689331
step-error-yes-no-v1,gsm8k-33,gsm8k,2,2,1,1,learned,-1,1.0,0.2003766596317291,0.2003766596317291,0.0
step-error-yes-no-v1,olympiadbench-293,olympiadbench,2,1,1,0,learned,-1,1.0,0.1243530213832855,0.1549907624721527,-0.0306377410888671
step-error-yes-no-v1,math-664,math,0,-1,0,0,learned,-1,1.0,0.946481466293335,0.946481466293335,0.0
step-error-yes-no-v1,olympiadbench-153,olympiadbench,0,2,0,0,learned,-1,1.0,0.0,0.0,0.0
step-error-yes-no-v1,math-738,math,1,-1,0,0,learned,-1,1.0,0.2153263688087463,0.2153263688087463,0.0
step-error-yes-no-v1,math-293,math,5,3,1,0,learned,-1,1.0,-0.2153263688087463,-0.2153263688087463,0.0
step-error-yes-no-v1,omnimath-571,omnimath,0,2,0,0,learned,-1,1.0,0.1243530213832855,0.1243530213832855,0.0
step-error-yes-no-v1,math-409,math,6,4,1,0,learned,-1,1.0,-0.0312398374080657,0.0,-0.0312398374080657
step-error-yes-no-v1,omnimath-996,omnimath,2,1,1,0,learned,-1,1.0,0.0,-0.0312398374080657,0.0312398374080657
step-error-yes-no-v1,olympiadbench-442,olympiadbench,1,4,0,0,learned,-1,1.0,0.4863359332084656,0.4863359332084656,0.0
step-error-yes-no-v1,math-363,math,4,2,1,0,learned,-1,1.0,-0.6063475608825684,-0.6063475608825684,0.0
step-error-yes-no-v1,math-545,math,9,-1,0,0,learned,-1,1.0,-0.3852839469909668,-0.3852839469909668,0.0
step-error-yes-no-v1,omnimath-931,omnimath,8,6,1,0,learned,-1,1.0,-0.5213013291358948,-0.5436869859695435,0.0223856568336486
step-error-yes-no-v1,olympiadbench-898,olympiadbench,6,1,1,0,learned,-1,1.0,-0.6709671020507812,-0.6709671020507812,0.0
step-error-yes-no-v1,omnimath-655,omnimath,8,5,1,0,learned,-1,1.0,-0.2153263688087463,-0.2153263688087463,0.0
step-error-yes-no-v1,math-747,math,2,-1,0,0,learned,-1,1.0,0.7039056420326233,0.7117023468017578,-0.0077967047691345
step-error-yes-no-v1,omnimath-938,omnimath,1,5,0,0,learned,-1,1.0,0.3852839469909668,0.3852839469909668,0.0
step-error-yes-no-v1,omnimath-383,omnimath,4,2,1,0,learned,-1,1.0,0.1853331923484802,0.1853331923484802,0.0
step-error-yes-no-v1,math-508,math,7,-1,0,0,learned,-1,1.0,-0.0312398374080657,-0.0312398374080657,0.0
step-error-yes-no-v1,omnimath-359,omnimath,0,1,0,0,learned,-1,1.0,0.4981744289398193,0.4981744289398193,0.0
step-error-yes-no-v1,olympiadbench-247,olympiadbench,3,2,1,0,learned,-1,1.0,0.5098299980163574,0.4863359332084656,0.0234940648078918
step-error-yes-no-v1,math-606,math,3,-1,0,0,learned,-1,1.0,0.7549536228179932,0.7615941166877747,-0.0066404938697814
step-error-yes-no-v1,omnimath-722,omnimath,7,4,1,0,learned,-1,1.0,-0.4863359332084656,-0.4621171057224273,-0.0242188274860382
step-error-yes-no-v1,omnimath-766,omnimath,3,1,1,0,learned,-1,1.0,0.653423547744751,0.653423547744751,0.0
step-error-yes-no-v1,omnimath-382,omnimath,0,1,0,0,learned,-1,1.0,0.2153263688087463,0.2449186742305755,-0.0295923054218292
step-error-yes-no-v1,omnimath-349,omnimath,7,7,1,1,learned,-1,1.0,-0.3852839469909668,-0.371898889541626,-0.0133850574493408
step-error-yes-no-v1,omnimath-341,omnimath,0,5,0,0,learned,-1,1.0,0.5325872898101807,0.5545997619628906,-0.0220124721527099
step-error-yes-no-v1,omnimath-968,omnimath,6,2,1,0,learned,-1,1.0,-0.2884502410888672,-0.3027097582817077,0.0142595171928405
step-error-yes-no-v1,math-170,math,8,8,1,1,learned,-1,1.0,-0.093476265668869,-0.0624187588691711,-0.0310575067996978
step-error-yes-no-v1,gsm8k-242,gsm8k,3,-1,0,0,learned,-1,1.0,-0.2740616202354431,-0.2884502410888672,0.014388620853424
step-error-yes-no-v1,olympiadbench-580,olympiadbench,7,2,1,0,learned,-1,1.0,-0.2153263688087463,-0.2449186742305755,0.0295923054218292
step-error-yes-no-v1,omnimath-168,omnimath,0,1,0,0,learned,-1,1.0,0.1243530213832855,0.1243530213832855,0.0
step-error-yes-no-v1,olympiadbench-54,olympiadbench,5,1,1,0,learned,-1,1.0,0.0,0.0312398374080657,-0.0312398374080657
step-error-yes-no-v1,math-936,math,3,0,1,0,learned,-1,1.0,0.1549907624721527,0.1549907624721527,0.0
step-error-yes-no-v1,olympiadbench-475,olympiadbench,2,4,0,0,learned,-1,1.0,0.0624187588691711,0.0624187588691711,0.0
step-error-yes-no-v1,math-483,math,4,3,1,0,learned,-1,1.0,0.1702023148536682,0.1853331923484802,-0.015130877494812
step-error-yes-no-v1,olympiadbench-95,olympiadbench,7,2,1,0,learned,-1,1.0,-0.093476265668869,-0.093476265668869,0.0
step-error-yes-no-v1,olympiadbench-306,olympiadbench,7,3,1,0,learned,-1,1.0,-0.1549907624721527,-0.1243530213832855,-0.0306377410888671
step-error-yes-no-v1,omnimath-335,omnimath,3,0,1,0,learned,-1,1.0,-0.4371887743473053,-0.4743163287639618,0.0371275544166564
step-error-yes-no-v1,omnimath-824,omnimath,5,-1,0,0,learned,-1,1.0,-0.1853331923484802,-0.2153263688087463,0.0299931764602661
step-error-yes-no-v1,omnimath-831,omnimath,0,-1,0,0,learned,-1,1.0,0.4371887743473053,0.4115700721740722,0.025618702173233
step-error-yes-no-v1,omnimath-531,omnimath,4,-1,0,0,learned,-1,1.0,0.8146244883537292,0.8093010187149048,0.0053234696388244
step-error-yes-no-v1,olympiadbench-63,olympiadbench,4,2,1,0,learned,-1,1.0,-0.4743163287639618,-0.4371887743473053,-0.0371275544166564
step-error-yes-no-v1,olympiadbench-268,olympiadbench,0,2,0,0,learned,-1,1.0,0.1549907624721527,0.1549907624721527,0.0
step-error-yes-no-v1,gsm8k-151,gsm8k,6,5,1,0,learned,-1,1.0,-0.2449186742305755,-0.2595492601394653,0.0146305859088897
step-error-yes-no-v1,gsm8k-65,gsm8k,2,4,0,0,learned,-1,1.0,0.3027097582817077,0.3027097582817077,0.0
step-error-yes-no-v1,omnimath-725,omnimath,9,-1,0,0,learned,-1,1.0,-0.0624187588691711,-0.0624187588691711,0.0
step-error-yes-no-v1,omnimath-851,omnimath,4,2,1,0,learned,-1,1.0,0.3308211266994476,0.3027097582817077,0.0281113684177398
step-error-yes-no-v1,omnimath-132,omnimath,3,0,1,0,learned,-1,1.0,-0.0312398374080657,-0.0312398374080657,0.0
step-error-yes-no-v1,olympiadbench-866,olympiadbench,4,1,1,0,learned,-1,1.0,0.1549907624721527,0.1549907624721527,0.0
step-error-yes-no-v1,gsm8k-106,gsm8k,2,1,1,0,learned,-1,1.0,-0.077966421842575,-0.093476265668869,0.0155098438262939
step-error-yes-no-v1,olympiadbench-373,olympiadbench,4,2,1,0,learned,-1,1.0,0.5758624076843262,0.5963735580444336,-0.0205111503601074
step-error-yes-no-v1,math-299,math,2,2,1,1,learned,-1,1.0,0.4863359332084656,0.4863359332084656,0.0
step-error-yes-no-v1,gsm8k-74,gsm8k,6,4,1,0,learned,-1,1.0,0.4863359332084656,0.4863359332084656,0.0
step-error-yes-no-v1,olympiadbench-80,olympiadbench,10,7,1,0,learned,-1,1.0,0.2153263688087463,0.1853331923484802,0.0299931764602661
step-error-yes-no-v1,math-563,math,4,2,1,0,learned,-1,1.0,0.8833082914352417,0.8833082914352417,0.0
step-error-yes-no-v1,olympiadbench-9,olympiadbench,0,3,0,0,learned,-1,1.0,0.1243530213832855,0.1089409291744232,0.0154120922088623
step-error-yes-no-v1,omnimath-252,omnimath,2,6,0,0,learned,-1,1.0,0.093476265668869,0.0624187588691711,0.0310575067996978
step-error-yes-no-v1,olympiadbench-76,olympiadbench,8,7,1,0,learned,-1,1.0,-0.1853331923484802,-0.1549907624721527,-0.0303424298763275
step-error-yes-no-v1,math-658,math,5,-1,0,0,learned,-1,1.0,-0.0624187588691711,-0.0312398374080657,-0.0311789214611053
step-error-yes-no-v1,olympiadbench-46,olympiadbench,4,4,1,1,learned,-1,1.0,-0.653423547744751,-0.6443782448768616,-0.0090453028678894
step-error-yes-no-v1,gsm8k-319,gsm8k,1,-1,0,0,learned,-1,1.0,0.7744091749191284,0.7680785655975342,0.0063306093215942
step-error-yes-no-v1,olympiadbench-517,olympiadbench,0,-1,0,0,learned,-1,1.0,0.2740616202354431,0.2740616202354431,0.0
step-error-yes-no-v1,omnimath-517,omnimath,2,1,1,0,learned,-1,1.0,0.0,0.0,0.0
step-error-yes-no-v1,olympiadbench-21,olympiadbench,8,5,1,0,learned,-1,1.0,-0.2153263688087463,-0.1853331923484802,-0.0299931764602661
step-error-yes-no-v1,gsm8k-105,gsm8k,1,1,1,1,learned,-1,1.0,0.4115700721740722,0.4115700721740722,0.0
step-error-yes-no-v1,math-632,math,1,-1,0,0,learned,-1,1.0,0.7680785655975342,0.7680785655975342,0.0
step-error-yes-no-v1,olympiadbench-61,olympiadbench,7,1,1,0,learned,-1,1.0,-0.6709671020507812,-0.653423547744751,-0.0175435543060302
step-error-yes-no-v1,math-65,math,4,8,0,0,learned,-1,1.0,0.7680785655975342,0.7805885076522827,-0.0125099420547485
step-error-yes-no-v1,math-372,math,3,3,1,1,learned,-1,1.0,0.4743163287639618,0.4743163287639618,0.0
step-error-yes-no-v1,gsm8k-250,gsm8k,0,-1,0,0,learned,-1,1.0,0.653423547744751,0.6443782448768616,0.0090453028678894
step-error-yes-no-v1,omnimath-942,omnimath,2,-1,0,0,learned,-1,1.0,0.5098299980163574,0.5098299980163574,0.0
step-error-yes-no-v1,math-958,math,10,7,1,0,learned,-1,1.0,-0.4371887743473053,-0.4115700721740722,-0.025618702173233
step-error-yes-no-v1,omnimath-943,omnimath,1,4,0,0,learned,-1,1.0,0.2449186742305755,0.2449186742305755,0.0
step-error-yes-no-v1,gsm8k-61,gsm8k,0,1,0,0,learned,-1,1.0,0.0156237185001373,0.0468407273292541,-0.0312170088291168
step-error-yes-no-v1,omnimath-329,omnimath,9,8,1,0,learned,-1,1.0,-0.5758624076843262,-0.5963735580444336,0.0205111503601074
step-error-yes-no-v1,olympiadbench-20,olympiadbench,2,1,1,0,learned,-1,1.0,0.2449186742305755,0.2449186742305755,0.0
step-error-yes-no-v1,math-228,math,6,6,1,1,learned,-1,1.0,-0.2740616202354431,-0.2740616202354431,0.0
step-error-yes-no-v1,olympiadbench-141,olympiadbench,4,2,1,0,learned,-1,1.0,-0.4863359332084656,-0.4621171057224273,-0.0242188274860382
step-error-yes-no-v1,olympiadbench-261,olympiadbench,6,6,1,1,learned,-1,1.0,-0.7680785655975342,-0.7680785655975342,0.0
step-error-yes-no-v1,gsm8k-21,gsm8k,3,5,0,0,learned,-1,1.0,-0.1089409291744232,-0.1089409291744232,0.0
step-error-yes-no-v1,math-962,math,4,-1,0,0,learned,-1,1.0,0.093476265668869,0.1089409291744232,-0.0154646635055542
step-error-yes-no-v1,omnimath-536,omnimath,1,-1,0,0,learned,-1,1.0,0.5098299980163574,0.5325872898101807,-0.0227572917938232
step-error-yes-no-v1,olympiadbench-962,olympiadbench,0,2,0,0,learned,-1,1.0,0.2740616202354431,0.3308211266994476,-0.0567595064640045
step-error-yes-no-v1,math-25,math,9,5,1,0,learned,-1,1.0,0.0312398374080657,0.0312398374080657,0.0
step-error-yes-no-v1,olympiadbench-424,olympiadbench,11,11,1,1,learned,-1,1.0,0.1853331923484802,0.2153263688087463,-0.0299931764602661
step-error-yes-no-v1,olympiadbench-72,olympiadbench,3,1,1,0,learned,-1,1.0,0.7117023468017578,0.7117023468017578,0.0
step-error-yes-no-v1,omnimath-381,omnimath,0,3,0,0,learned,-1,1.0,0.1243530213832855,0.1549907624721527,-0.0306377410888671
step-error-yes-no-v1,math-700,math,2,-1,0,0,learned,-1,1.0,0.7340714931488037,0.7340714931488037,0.0
step-error-yes-no-v1,olympiadbench-315,olympiadbench,5,5,1,1,learned,-1,1.0,0.0,-0.0312398374080657,0.0312398374080657
step-error-yes-no-v1,omnimath-408,omnimath,0,1,0,0,learned,-1,1.0,0.3168350160121918,0.3168350160121918,0.0
step-error-yes-no-v1,olympiadbench-507,olympiadbench,1,-1,0,0,learned,-1,1.0,0.5325872898101807,0.5098299980163574,0.0227572917938232
step-error-yes-no-v1,omnimath-259,omnimath,7,6,1,0,learned,-1,1.0,-0.2449186742305755,-0.2449186742305755,0.0
step-error-yes-no-v1,gsm8k-348,gsm8k,3,-1,0,0,learned,-1,1.0,0.8093010187149048,0.8038413524627686,0.0054596662521362
step-error-yes-no-v1,omnimath-893,omnimath,3,2,1,0,learned,-1,1.0,0.4863359332084656,0.4863359332084656,0.0
step-error-yes-no-v1,gsm8k-66,gsm8k,8,6,1,0,learned,-1,1.0,-0.5098299980163574,-0.5213013291358948,0.0114713311195373
step-error-yes-no-v1,olympiadbench-296,olympiadbench,4,2,1,0,learned,-1,1.0,0.0312398374080657,0.0,0.0312398374080657
step-error-yes-no-v1,omnimath-392,omnimath,5,6,0,0,learned,-1,1.0,0.0156237185001373,0.0156237185001373,0.0
step-error-yes-no-v1,omnimath-468,omnimath,2,5,0,0,learned,-1,1.0,0.0312398374080657,0.0,0.0312398374080657
step-error-yes-no-v1,olympiadbench-73,olympiadbench,9,10,0,0,learned,-1,1.0,0.4621171057224273,0.4621171057224273,0.0
step-error-yes-no-v1,olympiadbench-79,olympiadbench,11,11,1,1,learned,-1,1.0,0.5325872898101807,0.5325872898101807,0.0
step-error-yes-no-v1,math-731,math,3,-1,0,0,learned,-1,1.0,0.2449186742305755,0.2153263688087463,0.0295923054218292
step-error-yes-no-v1,math-528,math,4,-1,0,0,learned,-1,1.0,0.3852839469909668,0.3852839469909668,0.0
step-error-yes-no-v1,gsm8k-194,gsm8k,1,2,0,0,learned,-1,1.0,0.5098299980163574,0.5325872898101807,-0.0227572917938232
step-error-yes-no-v1,math-790,math,0,-1,0,0,learned,-1,1.0,0.719327449798584,0.719327449798584,0.0
step-error-yes-no-v1,olympiadbench-31,olympiadbench,5,5,1,1,learned,-1,1.0,0.1243530213832855,0.1549907624721527,-0.0306377410888671
step-error-yes-no-v1,omnimath-865,omnimath,1,3,0,0,learned,-1,1.0,0.3985088169574737,0.3985088169574737,0.0
step-error-yes-no-v1,omnimath-421,omnimath,4,3,1,0,learned,-1,1.0,-0.3027097582817077,-0.2740616202354431,-0.0286481380462646
step-error-yes-no-v1,math-926,math,7,4,1,0,learned,-1,1.0,-0.5325872898101807,-0.5653250217437744,0.0327377319335937
step-error-yes-no-v1,math-100,math,0,1,0,0,learned,-1,1.0,0.5545997619628906,0.5545997619628906,0.0
step-error-yes-no-v1,math-247,math,3,5,0,0,learned,-1,1.0,-0.3027097582817077,-0.2449186742305755,-0.0577910840511322
step-error-yes-no-v1,math-482,math,5,3,1,0,learned,-1,1.0,0.0312398374080657,0.0,0.0312398374080657
step-error-yes-no-v1,gsm8k-164,gsm8k,0,0,1,1,learned,-1,1.0,0.5963735580444336,0.6161344051361084,-0.0197608470916748
step-error-yes-no-v1,math-865,math,3,-1,0,0,learned,-1,1.0,-0.0312398374080657,-0.0624187588691711,0.0311789214611053
step-error-yes-no-v1,math-488,math,3,1,1,0,learned,-1,1.0,0.7481544017791748,0.7411946058273315,0.0069597959518432
step-error-yes-no-v1,olympiadbench-503,olympiadbench,8,-1,0,0,learned,-1,1.0,-0.2003766596317291,-0.2301757037639618,0.0297990441322326
step-error-yes-no-v1,olympiadbench-342,olympiadbench,0,1,0,0,learned,-1,1.0,0.2449186742305755,0.2449186742305755,0.0
step-error-yes-no-v1,math-447,math,1,0,1,0,learned,-1,1.0,0.7117023468017578,0.7117023468017578,0.0
step-error-yes-no-v1,olympiadbench-763,olympiadbench,8,2,1,0,learned,-1,1.0,-0.1089409291744232,-0.093476265668869,-0.0154646635055542
step-error-yes-no-v1,math-754,math,3,-1,0,0,learned,-1,1.0,-0.3027097582817077,-0.3027097582817077,0.0
step-error-yes-no-v1,gsm8k-55,gsm8k,0,0,1,1,learned,-1,1.0,0.4115700721740722,0.4371887743473053,-0.025618702173233
step-error-yes-no-v1,olympiadbench-17,olympiadbench,7,6,1,0,learned,-1,1.0,-0.3027097582817077,-0.3027097582817077,0.0
step-error-yes-no-v1,math-146,math,0,1,0,0,learned,-1,1.0,0.5213013291358948,0.5325872898101807,-0.0112859606742858
step-error-yes-no-v1,omnimath-881,omnimath,1,-1,0,0,learned,-1,1.0,0.1853331923484802,0.2153263688087463,-0.0299931764602661
step-error-yes-no-v1,olympiadbench-545,olympiadbench,2,2,1,1,learned,-1,1.0,-0.1853331923484802,-0.2153263688087463,0.0299931764602661
step-error-yes-no-v1,math-650,math,6,-1,0,0,learned,-1,1.0,0.3308211266994476,0.3027097582817077,0.0281113684177398
step-error-yes-no-v1,math-521,math,5,-1,0,0,learned,-1,1.0,-0.1549907624721527,-0.1549907624721527,0.0
step-error-yes-no-v1,math-454,math,6,6,1,1,learned,-1,1.0,-0.3027097582817077,-0.3027097582817077,0.0
step-error-yes-no-v1,olympiadbench-297,olympiadbench,3,3,1,1,learned,-1,1.0,0.7267831563949585,0.7340714931488037,-0.0072883367538452
step-error-yes-no-v1,math-37,math,2,1,1,0,learned,-1,1.0,0.3583573997020721,0.3583573997020721,0.0
step-error-yes-no-v1,gsm8k-244,gsm8k,0,-1,0,0,learned,-1,1.0,0.4981744289398193,0.5098299980163574,-0.011655569076538
step-error-yes-no-v1,olympiadbench-485,olympiadbench,0,2,0,0,learned,-1,1.0,0.0312398374080657,0.0312398374080657,0.0
step-error-yes-no-v1,olympiadbench-746,olympiadbench,4,-1,0,0,learned,-1,1.0,-0.2153263688087463,-0.2449186742305755,0.0295923054218292
step-error-yes-no-v1,math-717,math,2,-1,0,0,learned,-1,1.0,0.4115700721740722,0.3852839469909668,0.0262861251831054
step-error-yes-no-v1,math-556,math,3,2,1,0,learned,-1,1.0,0.4863359332084656,0.4863359332084656,0.0
step-error-yes-no-v1,math-544,math,1,-1,0,0,learned,-1,1.0,0.7411946058273315,0.7267831563949585,0.014411449432373
step-error-yes-no-v1,gsm8k-199,gsm8k,2,2,1,1,learned,-1,1.0,0.5098299980163574,0.5436869859695435,-0.033856987953186
step-error-yes-no-v1,math-875,math,1,1,1,1,learned,-1,1.0,0.7481544017791748,0.7549536228179932,-0.0067992210388183
step-error-yes-no-v1,olympiadbench-677,olympiadbench,0,1,0,0,learned,-1,1.0,0.2740616202354431,0.2740616202354431,0.0
step-error-yes-no-v1,math-466,math,5,2,1,0,learned,-1,1.0,0.4621171057224273,0.4863359332084656,-0.0242188274860382
step-error-yes-no-v1,omnimath-219,omnimath,0,1,0,0,learned,-1,1.0,0.5963735580444336,0.6161344051361084,-0.0197608470916748
step-error-yes-no-v1,math-774,math,3,4,0,0,learned,-1,1.0,0.4115700721740722,0.3852839469909668,0.0262861251831054
step-error-yes-no-v1,omnimath-216,omnimath,4,2,1,0,learned,-1,1.0,-0.6351489424705505,-0.6443782448768616,0.009229302406311
step-error-yes-no-v1,omnimath-60,omnimath,2,1,1,0,learned,-1,1.0,0.6443782448768616,0.653423547744751,-0.0090453028678894
step-error-yes-no-v1,olympiadbench-634,olympiadbench,2,0,1,0,learned,-1,1.0,0.0624187588691711,0.0624187588691711,0.0
step-error-yes-no-v1,olympiadbench-339,olympiadbench,0,1,0,0,learned,-1,1.0,0.1853331923484802,0.2153263688087463,-0.0299931764602661
step-error-yes-no-v1,omnimath-628,omnimath,2,-1,0,0,learned,-1,1.0,-0.3852839469909668,-0.3852839469909668,0.0
step-error-yes-no-v1,olympiadbench-3,olympiadbench,4,3,1,0,learned,-1,1.0,-0.1853331923484802,-0.1853331923484802,0.0
step-error-yes-no-v1,math-679,math,4,2,1,0,learned,-1,1.0,0.1853331923484802,0.1853331923484802,0.0
step-error-yes-no-v1,olympiadbench-149,olympiadbench,2,1,1,0,learned,-1,1.0,-0.5862119197845459,-0.5862119197845459,0.0
step-error-yes-no-v1,math-437,math,2,2,1,1,learned,-1,1.0,0.5545997619628906,0.5545997619628906,0.0
step-error-yes-no-v1,omnimath-213,omnimath,0,4,0,0,learned,-1,1.0,-0.0312398374080657,0.0,-0.0312398374080657
step-error-yes-no-v1,omnimath-705,omnimath,1,-1,0,0,learned,-1,1.0,0.6161344051361084,0.5963735580444336,0.0197608470916748
step-error-yes-no-v1,omnimath-205,omnimath,6,3,1,0,learned,-1,1.0,-0.2595492601394653,-0.2740616202354431,0.0145123600959777
step-error-yes-no-v1,omnimath-640,omnimath,3,-1,0,0,learned,-1,1.0,-0.4371887743473053,-0.4115700721740722,-0.025618702173233
step-error-yes-no-v1,omnimath-198,omnimath,3,3,1,1,learned,-1,1.0,-0.7481544017791748,-0.7411946058273315,-0.0069597959518432
step-error-yes-no-v1,math-860,math,0,-1,0,0,learned,-1,1.0,0.3027097582817077,0.3027097582817077,0.0
step-error-yes-no-v1,math-725,math,1,2,0,0,learned,-1,1.0,-0.1853331923484802,-0.2153263688087463,0.0299931764602661
step-error-yes-no-v1,math-234,math,0,1,0,0,learned,-1,1.0,0.8198139667510986,0.8198139667510986,0.0
step-error-yes-no-v1,math-542,math,1,2,0,0,learned,-1,1.0,0.6877902150154114,0.6877902150154114,0.0
step-error-yes-no-v1,math-406,math,1,1,1,1,learned,-1,1.0,0.8438436388969421,0.8438436388969421,0.0
step-error-yes-no-v1,omnimath-48,omnimath,6,4,1,0,learned,-1,1.0,-0.3308211266994476,-0.3027097582817077,-0.0281113684177398
step-error-yes-no-v1,olympiadbench-494,olympiadbench,3,1,1,0,learned,-1,1.0,0.4115700721740722,0.3852839469909668,0.0262861251831054
step-error-yes-no-v1,math-220,math,3,1,1,0,learned,-1,1.0,0.8038413524627686,0.8093010187149048,-0.0054596662521362
step-error-yes-no-v1,math-81,math,0,2,0,0,learned,-1,1.0,0.8146244883537292,0.8248723149299622,-0.0102478265762329
step-error-yes-no-v1,gsm8k-334,gsm8k,2,-1,0,0,learned,-1,1.0,-0.0312398374080657,-0.0156237185001373,-0.0156161189079284
step-error-yes-no-v1,omnimath-170,omnimath,0,1,0,0,learned,-1,1.0,0.4115700721740722,0.4115700721740722,0.0
step-error-yes-no-v1,math-1,math,8,9,0,0,learned,-1,1.0,-0.4863359332084656,-0.4863359332084656,0.0
step-error-yes-no-v1,omnimath-65,omnimath,4,5,0,0,learned,-1,1.0,0.0624187588691711,0.0624187588691711,0.0
step-error-yes-no-v1,gsm8k-225,gsm8k,1,-1,0,0,learned,-1,1.0,0.2449186742305755,0.2449186742305755,0.0
step-error-yes-no-v1,olympiadbench-257,olympiadbench,1,2,0,0,learned,-1,1.0,0.5098299980163574,0.5098299980163574,0.0
step-error-yes-no-v1,omnimath-559,omnimath,0,2,0,0,learned,-1,1.0,0.1549907624721527,0.1243530213832855,0.0306377410888671
step-error-yes-no-v1,math-739,math,7,5,1,0,learned,-1,1.0,-0.1549907624721527,-0.1853331923484802,0.0303424298763275
step-error-yes-no-v1,omnimath-733,omnimath,5,-1,0,0,learned,-1,1.0,-0.3027097582817077,-0.3027097582817077,0.0
step-error-yes-no-v1,omnimath-490,omnimath,6,5,1,0,learned,-1,1.0,0.0624187588691711,0.0624187588691711,0.0
step-error-yes-no-v1,olympiadbench-274,olympiadbench,5,4,1,0,learned,-1,1.0,-0.5545997619628906,-0.5545997619628906,0.0
step-error-yes-no-v1,gsm8k-59,gsm8k,2,2,1,1,learned,-1,1.0,0.5098299980163574,0.5098299980163574,0.0
step-error-yes-no-v1,omnimath-368,omnimath,5,3,1,0,learned,-1,1.0,-0.2153263688087463,-0.2153263688087463,0.0
step-error-yes-no-v1,omnimath-362,omnimath,0,1,0,0,learned,-1,1.0,0.0312398374080657,0.0312398374080657,0.0
step-error-yes-no-v1,olympiadbench-52,olympiadbench,0,3,0,0,learned,-1,1.0,0.2740616202354431,0.3027097582817077,-0.0286481380462646
step-error-yes-no-v1,math-766,math,4,5,0,0,learned,-1,1.0,0.719327449798584,0.7039056420326233,0.0154218077659606
step-error-yes-no-v1,math-7,math,1,2,0,0,learned,-1,1.0,0.5758624076843262,0.5758624076843262,0.0
step-error-yes-no-v1,olympiadbench-732,olympiadbench,7,-1,0,0,learned,-1,1.0,-0.2595492601394653,-0.2740616202354431,0.0145123600959777
step-error-yes-no-v1,omnimath-29,omnimath,0,2,0,0,learned,-1,1.0,0.5325872898101807,0.5325872898101807,0.0
step-error-yes-no-v1,omnimath-861,omnimath,2,0,1,0,learned,-1,1.0,0.0,0.0,0.0
step-error-yes-no-v1,omnimath-167,omnimath,0,2,0,0,learned,-1,1.0,-0.0624187588691711,-0.0312398374080657,-0.0311789214611053
step-error-yes-no-v1,omnimath-885,omnimath,6,-1,0,0,learned,-1,1.0,-0.1243530213832855,-0.1243530213832855,0.0
step-error-yes-no-v1,olympiadbench-286,olympiadbench,2,1,1,0,learned,-1,1.0,-0.3583573997020721,-0.3446633815765381,-0.013694018125534
step-error-yes-no-v1,math-157,math,7,1,1,0,learned,-1,1.0,0.0312398374080657,0.0312398374080657,0.0
step-error-yes-no-v1,olympiadbench-8,olympiadbench,0,2,0,0,learned,-1,1.0,0.3308211266994476,0.3308211266994476,0.0
step-error-yes-no-v1,math-412,math,0,1,0,0,learned,-1,1.0,-0.3027097582817077,-0.3027097582817077,0.0
step-error-yes-no-v1,math-132,math,0,1,0,0,learned,-1,1.0,0.4621171057224273,0.4863359332084656,-0.0242188274860382
step-error-yes-no-v1,olympiadbench-365,olympiadbench,12,10,1,0,learned,-1,1.0,-0.6443782448768616,-0.653423547744751,0.0090453028678894
step-error-yes-no-v1,omnimath-457,omnimath,11,9,1,0,learned,-1,1.0,-0.6063475608825684,-0.6063475608825684,0.0
step-error-yes-no-v1,olympiadbench-232,olympiadbench,4,4,1,1,learned,-1,1.0,-0.4371887743473053,-0.4244643449783325,-0.0127244293689727
step-error-yes-no-v1,olympiadbench-836,olympiadbench,2,1,1,0,learned,-1,1.0,0.8093010187149048,0.8146244883537292,-0.0053234696388244
step-error-yes-no-v1,math-896,math,2,-1,0,0,learned,-1,1.0,0.4981744289398193,0.5098299980163574,-0.011655569076538
step-error-yes-no-v1,gsm8k-170,gsm8k,2,1,1,0,learned,-1,1.0,0.2153263688087463,0.2153263688087463,0.0
step-error-yes-no-v1,math-568,math,0,3,0,0,learned,-1,1.0,0.3027097582817077,0.3168350160121918,-0.014125257730484
step-error-yes-no-v1,omnimath-369,omnimath,1,2,0,0,learned,-1,1.0,0.1549907624721527,0.1549907624721527,0.0
step-error-yes-no-v1,math-52,math,2,1,1,0,learned,-1,1.0,0.1089409291744232,0.1243530213832855,-0.0154120922088623
step-error-yes-no-v1,gsm8k-304,gsm8k,0,-1,0,0,learned,-1,1.0,0.0624187588691711,0.0624187588691711,0.0
step-error-yes-no-v1,olympiadbench-867,olympiadbench,8,4,1,0,learned,-1,1.0,-0.3308211266994476,-0.3308211266994476,0.0
step-error-yes-no-v1,omnimath-524,omnimath,2,4,0,0,learned,-1,1.0,0.2449186742305755,0.2449186742305755,0.0
step-error-yes-no-v1,omnimath-736,omnimath,5,0,1,0,learned,-1,1.0,-0.653423547744751,-0.6443782448768616,-0.0090453028678894
step-error-yes-no-v1,omnimath-234,omnimath,5,4,1,0,learned,-1,1.0,0.6794679164886475,0.6794679164886475,0.0
step-error-yes-no-v1,olympiadbench-998,olympiadbench,5,2,1,0,learned,-1,1.0,0.5325872898101807,0.5098299980163574,0.0227572917938232
step-error-yes-no-v1,olympiadbench-228,olympiadbench,8,7,1,0,learned,-1,1.0,0.3308211266994476,0.3308211266994476,0.0
step-error-yes-no-v1,omnimath-409,omnimath,2,7,0,0,learned,-1,1.0,0.5325872898101807,0.5325872898101807,0.0
step-error-yes-no-v1,omnimath-6,omnimath,4,4,1,1,learned,-1,1.0,0.1853331923484802,0.1853331923484802,0.0
step-error-yes-no-v1,omnimath-575,omnimath,3,-1,0,0,learned,-1,2.0,-0.3852839469909668,-0.3852839469909668,0.0
step-error-yes-no-v1,gsm8k-264,gsm8k,2,1,1,0,learned,-1,2.0,-0.1853331923484802,-0.1853331923484802,0.0
step-error-yes-no-v1,omnimath-523,omnimath,2,0,1,0,learned,-1,2.0,0.0312398374080657,0.0312398374080657,0.0
step-error-yes-no-v1,olympiadbench-586,olympiadbench,9,-1,0,0,learned,-1,2.0,-0.2153263688087463,-0.1853331923484802,-0.0299931764602661
step-error-yes-no-v1,gsm8k-161,gsm8k,3,2,1,0,learned,-1,2.0,0.3583573997020721,0.3583573997020721,0.0
step-error-yes-no-v1,omnimath-63,omnimath,1,2,0,0,learned,-1,2.0,0.4371887743473053,0.4497405886650085,-0.0125518143177032
step-error-yes-no-v1,math-304,math,1,3,0,0,learned,-1,2.0,0.5098299980163574,0.5098299980163574,0.0
step-error-yes-no-v1,olympiadbench-884,olympiadbench,0,-1,0,0,learned,-1,2.0,0.0624187588691711,0.0624187588691711,0.0
step-error-yes-no-v1,omnimath-514,omnimath,6,1,1,0,learned,-1,2.0,-0.1243530213832855,-0.1243530213832855,0.0
step-error-yes-no-v1,olympiadbench-275,olympiadbench,6,1,1,0,learned,-1,2.0,-0.4371887743473053,-0.4115700721740722,-0.025618702173233
step-error-yes-no-v1,omnimath-573,omnimath,0,1,0,0,learned,-1,2.0,0.3308211266994476,0.3308211266994476,0.0
step-error-yes-no-v1,omnimath-674,omnimath,0,-1,0,0,learned,-1,2.0,0.1853331923484802,0.1853331923484802,0.0
step-error-yes-no-v1,math-885,math,2,-1,0,0,learned,-1,2.0,0.7411946058273315,0.7340714931488037,0.0071231126785278
step-error-yes-no-v1,math-384,math,1,4,0,0,learned,-1,2.0,0.0624187588691711,0.0624187588691711,0.0
step-error-yes-no-v1,olympiadbench-886,olympiadbench,5,-1,0,0,learned,-1,2.0,0.7117023468017578,0.7117023468017578,0.0
step-error-yes-no-v1,olympiadbench-118,olympiadbench,9,8,1,0,learned,-1,2.0,-0.4863359332084656,-0.5098299980163574,0.0234940648078918
step-error-yes-no-v1,olympiadbench-200,olympiadbench,1,3,0,0,learned,-1,2.0,0.7267831563949585,0.719327449798584,0.0074557065963745
step-error-yes-no-v1,math-259,math,5,2,1,0,learned,-1,2.0,0.1089409291744232,0.077966421842575,0.0309745073318481
step-error-yes-no-v1,math-98,math,2,0,1,0,learned,-1,2.0,0.8482836484909058,0.8526074290275574,-0.0043237805366516
step-error-yes-no-v1,math-499,math,4,3,1,0,learned,-1,2.0,-0.653423547744751,-0.653423547744751,0.0
step-error-yes-no-v1,math-648,math,0,-1,0,0,learned,-1,2.0,0.7481544017791748,0.7481544017791748,0.0
step-error-yes-no-v1,olympiadbench-360,olympiadbench,1,1,1,1,learned,-1,2.0,0.3027097582817077,0.3308211266994476,-0.0281113684177398
step-error-yes-no-v1,omnimath-497,omnimath,1,1,1,1,learned,-1,2.0,0.3308211266994476,0.3308211266994476,0.0
step-error-yes-no-v1,olympiadbench-159,olympiadbench,2,13,0,0,learned,-1,2.0,0.7805885076522827,0.7805885076522827,0.0
step-error-yes-no-v1,olympiadbench-358,olympiadbench,8,1,1,0,learned,-1,2.0,0.4863359332084656,0.5213013291358948,-0.0349653959274292
step-error-yes-no-v1,omnimath-460,omnimath,7,2,1,0,learned,-1,2.0,0.2449186742305755,0.2449186742305755,0.0
step-error-yes-no-v1,olympiadbench-757,olympiadbench,6,-1,0,0,learned,-1,2.0,-0.0312398374080657,0.0,-0.0312398374080657
step-error-yes-no-v1,math-92,math,0,1,0,0,learned,-1,2.0,0.2153263688087463,0.2153263688087463,0.0
step-error-yes-no-v1,math-27,math,2,1,1,0,learned,-1,2.0,0.5436869859695435,0.5436869859695435,0.0
step-error-yes-no-v1,math-387,math,0,1,0,0,learned,-1,2.0,0.5325872898101807,0.5325872898101807,0.0
step-error-yes-no-v1,omnimath-81,omnimath,2,4,0,0,learned,-1,2.0,0.2449186742305755,0.2449186742305755,0.0
step-error-yes-no-v1,math-418,math,2,1,1,0,learned,-1,2.0,0.662286102771759,0.6709671020507812,-0.0086809992790222
step-error-yes-no-v1,math-35,math,1,2,0,0,learned,-1,2.0,0.4621171057224273,0.4621171057224273,0.0
step-error-yes-no-v1,olympiadbench-844,olympiadbench,5,-1,0,0,learned,-1,2.0,0.4115700721740722,0.4115700721740722,0.0
step-error-yes-no-v1,gsm8k-208,gsm8k,1,4,0,0,learned,-1,2.0,0.6794679164886475,0.6709671020507812,0.0085008144378662
step-error-yes-no-v1,omnimath-582,omnimath,5,4,1,0,learned,-1,2.0,-0.6161344051361084,-0.5963735580444336,-0.0197608470916748
step-error-yes-no-v1,omnimath-182,omnimath,4,1,1,0,learned,-1,2.0,0.2449186742305755,0.2153263688087463,0.0295923054218292
step-error-yes-no-v1,omnimath-451,omnimath,2,1,1,0,learned,-1,2.0,-0.2449186742305755,-0.2740616202354431,0.0291429460048675
step-error-yes-no-v1,olympiadbench-154,olympiadbench,3,3,1,1,learned,-1,2.0,0.5325872898101807,0.5436869859695435,-0.0110996961593627
step-error-yes-no-v1,olympiadbench-568,olympiadbench,1,4,0,0,learned,-1,2.0,0.6709671020507812,0.6709671020507812,0.0
step-error-yes-no-v1,omnimath-429,omnimath,0,2,0,0,learned,-1,2.0,0.093476265668869,0.093476265668869,0.0
step-error-yes-no-v1,olympiadbench-919,olympiadbench,8,-1,0,0,learned,-1,2.0,-0.2153263688087463,-0.2449186742305755,0.0295923054218292
step-error-yes-no-v1,math-46,math,0,3,0,0,learned,-1,2.0,0.5325872898101807,0.5325872898101807,0.0
step-error-yes-no-v1,math-163,math,1,3,0,0,learned,-1,2.0,0.4371887743473053,0.4371887743473053,0.0
step-error-yes-no-v1,olympiadbench-665,olympiadbench,8,3,1,0,learned,-1,2.0,-0.2884502410888672,-0.2884502410888672,0.0
step-error-yes-no-v1,gsm8k-144,gsm8k,2,1,1,0,learned,-1,2.0,0.6063475608825684,0.6063475608825684,0.0
step-error-yes-no-v1,gsm8k-33,gsm8k,2,2,1,1,learned,-1,2.0,0.2003766596317291,0.2003766596317291,0.0
step-error-yes-no-v1,olympiadbench-293,olympiadbench,2,1,1,0,learned,-1,2.0,0.1243530213832855,0.1549907624721527,-0.0306377410888671
step-error-yes-no-v1,math-664,math,0,-1,0,0,learned,-1,2.0,0.946481466293335,0.946481466293335,0.0
step-error-yes-no-v1,olympiadbench-153,olympiadbench,0,2,0,0,learned,-1,2.0,0.0312398374080657,0.0,0.0312398374080657
step-error-yes-no-v1,math-738,math,1,-1,0,0,learned,-1,2.0,0.2153263688087463,0.2153263688087463,0.0
step-error-yes-no-v1,math-293,math,5,3,1,0,learned,-1,2.0,-0.2153263688087463,-0.2153263688087463,0.0
step-error-yes-no-v1,omnimath-571,omnimath,0,2,0,0,learned,-1,2.0,0.1243530213832855,0.1243530213832855,0.0
step-error-yes-no-v1,math-409,math,6,4,1,0,learned,-1,2.0,0.0312398374080657,0.0,0.0312398374080657
step-error-yes-no-v1,omnimath-996,omnimath,2,1,1,0,learned,-1,2.0,0.0,-0.0312398374080657,0.0312398374080657
step-error-yes-no-v1,olympiadbench-442,olympiadbench,1,4,0,0,learned,-1,2.0,0.4863359332084656,0.4863359332084656,0.0
step-error-yes-no-v1,math-363,math,4,2,1,0,learned,-1,2.0,-0.6161344051361084,-0.6063475608825684,-0.00978684425354
step-error-yes-no-v1,math-545,math,9,-1,0,0,learned,-1,2.0,-0.3583573997020721,-0.3852839469909668,0.0269265472888946
step-error-yes-no-v1,omnimath-931,omnimath,8,6,1,0,learned,-1,2.0,-0.5325872898101807,-0.5436869859695435,0.0110996961593627
step-error-yes-no-v1,olympiadbench-898,olympiadbench,6,1,1,0,learned,-1,2.0,-0.6709671020507812,-0.6709671020507812,0.0
step-error-yes-no-v1,omnimath-655,omnimath,8,5,1,0,learned,-1,2.0,-0.1853331923484802,-0.2153263688087463,0.0299931764602661
step-error-yes-no-v1,math-747,math,2,-1,0,0,learned,-1,2.0,0.719327449798584,0.7117023468017578,0.0076251029968261
step-error-yes-no-v1,omnimath-938,omnimath,1,5,0,0,learned,-1,2.0,0.3852839469909668,0.3852839469909668,0.0
step-error-yes-no-v1,omnimath-383,omnimath,4,2,1,0,learned,-1,2.0,0.1853331923484802,0.1853331923484802,0.0
step-error-yes-no-v1,math-508,math,7,-1,0,0,learned,-1,2.0,-0.0312398374080657,-0.0312398374080657,0.0
step-error-yes-no-v1,omnimath-359,omnimath,0,1,0,0,learned,-1,2.0,0.4981744289398193,0.4981744289398193,0.0
step-error-yes-no-v1,olympiadbench-247,olympiadbench,3,2,1,0,learned,-1,2.0,0.4863359332084656,0.4863359332084656,0.0
step-error-yes-no-v1,math-606,math,3,-1,0,0,learned,-1,2.0,0.7549536228179932,0.7615941166877747,-0.0066404938697814
step-error-yes-no-v1,omnimath-722,omnimath,7,4,1,0,learned,-1,2.0,-0.4621171057224273,-0.4621171057224273,0.0
step-error-yes-no-v1,omnimath-766,omnimath,3,1,1,0,learned,-1,2.0,0.6351489424705505,0.653423547744751,-0.0182746052742004
step-error-yes-no-v1,omnimath-382,omnimath,0,1,0,0,learned,-1,2.0,0.2449186742305755,0.2449186742305755,0.0
step-error-yes-no-v1,omnimath-349,omnimath,7,7,1,1,learned,-1,2.0,-0.3852839469909668,-0.371898889541626,-0.0133850574493408
step-error-yes-no-v1,omnimath-341,omnimath,0,5,0,0,learned,-1,2.0,0.5325872898101807,0.5545997619628906,-0.0220124721527099
step-error-yes-no-v1,omnimath-968,omnimath,6,2,1,0,learned,-1,2.0,-0.3027097582817077,-0.3027097582817077,0.0
step-error-yes-no-v1,math-170,math,8,8,1,1,learned,-1,2.0,-0.093476265668869,-0.0624187588691711,-0.0310575067996978
step-error-yes-no-v1,gsm8k-242,gsm8k,3,-1,0,0,learned,-1,2.0,-0.2884502410888672,-0.2884502410888672,0.0
step-error-yes-no-v1,olympiadbench-580,olympiadbench,7,2,1,0,learned,-1,2.0,-0.2301757037639618,-0.2449186742305755,0.0147429704666137
step-error-yes-no-v1,omnimath-168,omnimath,0,1,0,0,learned,-1,2.0,0.1243530213832855,0.1243530213832855,0.0
step-error-yes-no-v1,olympiadbench-54,olympiadbench,5,1,1,0,learned,-1,2.0,0.0,0.0312398374080657,-0.0312398374080657
step-error-yes-no-v1,math-936,math,3,0,1,0,learned,-1,2.0,0.1853331923484802,0.1549907624721527,0.0303424298763275
step-error-yes-no-v1,olympiadbench-475,olympiadbench,2,4,0,0,learned,-1,2.0,0.0624187588691711,0.0624187588691711,0.0
step-error-yes-no-v1,math-483,math,4,3,1,0,learned,-1,2.0,0.1853331923484802,0.1853331923484802,0.0
step-error-yes-no-v1,olympiadbench-95,olympiadbench,7,2,1,0,learned,-1,2.0,-0.1243530213832855,-0.093476265668869,-0.0308767557144165
step-error-yes-no-v1,olympiadbench-306,olympiadbench,7,3,1,0,learned,-1,2.0,-0.1243530213832855,-0.1243530213832855,0.0
step-error-yes-no-v1,omnimath-335,omnimath,3,0,1,0,learned,-1,2.0,-0.4497405886650085,-0.4743163287639618,0.0245757400989532
step-error-yes-no-v1,omnimath-824,omnimath,5,-1,0,0,learned,-1,2.0,-0.1853331923484802,-0.2153263688087463,0.0299931764602661
step-error-yes-no-v1,omnimath-831,omnimath,0,-1,0,0,learned,-1,2.0,0.4115700721740722,0.4115700721740722,0.0
step-error-yes-no-v1,omnimath-531,omnimath,4,-1,0,0,learned,-1,2.0,0.8093010187149048,0.8093010187149048,0.0
step-error-yes-no-v1,olympiadbench-63,olympiadbench,4,2,1,0,learned,-1,2.0,-0.4497405886650085,-0.4371887743473053,-0.0125518143177032
step-error-yes-no-v1,olympiadbench-268,olympiadbench,0,2,0,0,learned,-1,2.0,0.1549907624721527,0.1549907624721527,0.0
step-error-yes-no-v1,gsm8k-151,gsm8k,6,5,1,0,learned,-1,2.0,-0.2595492601394653,-0.2595492601394653,0.0
step-error-yes-no-v1,gsm8k-65,gsm8k,2,4,0,0,learned,-1,2.0,0.3027097582817077,0.3027097582817077,0.0
step-error-yes-no-v1,omnimath-725,omnimath,9,-1,0,0,learned,-1,2.0,-0.0312398374080657,-0.0624187588691711,0.0311789214611053
step-error-yes-no-v1,omnimath-851,omnimath,4,2,1,0,learned,-1,2.0,0.3308211266994476,0.3027097582817077,0.0281113684177398
step-error-yes-no-v1,omnimath-132,omnimath,3,0,1,0,learned,-1,2.0,-0.0312398374080657,-0.0312398374080657,0.0
step-error-yes-no-v1,olympiadbench-866,olympiadbench,4,1,1,0,learned,-1,2.0,0.1853331923484802,0.1549907624721527,0.0303424298763275
step-error-yes-no-v1,gsm8k-106,gsm8k,2,1,1,0,learned,-1,2.0,-0.1089409291744232,-0.093476265668869,-0.0154646635055542
step-error-yes-no-v1,olympiadbench-373,olympiadbench,4,2,1,0,learned,-1,2.0,0.5963735580444336,0.5963735580444336,0.0
step-error-yes-no-v1,math-299,math,2,2,1,1,learned,-1,2.0,0.5098299980163574,0.4863359332084656,0.0234940648078918
step-error-yes-no-v1,gsm8k-74,gsm8k,6,4,1,0,learned,-1,2.0,0.5213013291358948,0.4863359332084656,0.0349653959274292
step-error-yes-no-v1,olympiadbench-80,olympiadbench,10,7,1,0,learned,-1,2.0,0.2153263688087463,0.1853331923484802,0.0299931764602661
step-error-yes-no-v1,math-563,math,4,2,1,0,learned,-1,2.0,0.8833082914352417,0.8833082914352417,0.0
step-error-yes-no-v1,olympiadbench-9,olympiadbench,0,3,0,0,learned,-1,2.0,0.1089409291744232,0.1089409291744232,0.0
step-error-yes-no-v1,omnimath-252,omnimath,2,6,0,0,learned,-1,2.0,0.077966421842575,0.0624187588691711,0.0155476629734039
step-error-yes-no-v1,olympiadbench-76,olympiadbench,8,7,1,0,learned,-1,2.0,-0.1549907624721527,-0.1549907624721527,0.0
step-error-yes-no-v1,math-658,math,5,-1,0,0,learned,-1,2.0,-0.0624187588691711,-0.0312398374080657,-0.0311789214611053
step-error-yes-no-v1,olympiadbench-46,olympiadbench,4,4,1,1,learned,-1,2.0,-0.6443782448768616,-0.6443782448768616,0.0
step-error-yes-no-v1,gsm8k-319,gsm8k,1,-1,0,0,learned,-1,2.0,0.7805885076522827,0.7680785655975342,0.0125099420547485
step-error-yes-no-v1,olympiadbench-517,olympiadbench,0,-1,0,0,learned,-1,2.0,0.3027097582817077,0.2740616202354431,0.0286481380462646
step-error-yes-no-v1,omnimath-517,omnimath,2,1,1,0,learned,-1,2.0,0.0312398374080657,0.0,0.0312398374080657
step-error-yes-no-v1,olympiadbench-21,olympiadbench,8,5,1,0,learned,-1,2.0,-0.1853331923484802,-0.1853331923484802,0.0
step-error-yes-no-v1,gsm8k-105,gsm8k,1,1,1,1,learned,-1,2.0,0.4115700721740722,0.4115700721740722,0.0
step-error-yes-no-v1,math-632,math,1,-1,0,0,learned,-1,2.0,0.7805885076522827,0.7680785655975342,0.0125099420547485
step-error-yes-no-v1,olympiadbench-61,olympiadbench,7,1,1,0,learned,-1,2.0,-0.6709671020507812,-0.653423547744751,-0.0175435543060302
step-error-yes-no-v1,math-65,math,4,8,0,0,learned,-1,2.0,0.7744091749191284,0.7805885076522827,-0.0061793327331542
step-error-yes-no-v1,math-372,math,3,3,1,1,learned,-1,2.0,0.4743163287639618,0.4743163287639618,0.0
step-error-yes-no-v1,gsm8k-250,gsm8k,0,-1,0,0,learned,-1,2.0,0.653423547744751,0.6443782448768616,0.0090453028678894
step-error-yes-no-v1,omnimath-942,omnimath,2,-1,0,0,learned,-1,2.0,0.4981744289398193,0.5098299980163574,-0.011655569076538
step-error-yes-no-v1,math-958,math,10,7,1,0,learned,-1,2.0,-0.4371887743473053,-0.4115700721740722,-0.025618702173233
step-error-yes-no-v1,omnimath-943,omnimath,1,4,0,0,learned,-1,2.0,0.2449186742305755,0.2449186742305755,0.0
step-error-yes-no-v1,gsm8k-61,gsm8k,0,1,0,0,learned,-1,2.0,0.0624187588691711,0.0468407273292541,0.0155780315399169
step-error-yes-no-v1,omnimath-329,omnimath,9,8,1,0,learned,-1,2.0,-0.5758624076843262,-0.5963735580444336,0.0205111503601074
step-error-yes-no-v1,olympiadbench-20,olympiadbench,2,1,1,0,learned,-1,2.0,0.2449186742305755,0.2449186742305755,0.0
step-error-yes-no-v1,math-228,math,6,6,1,1,learned,-1,2.0,-0.3027097582817077,-0.2740616202354431,-0.0286481380462646
step-error-yes-no-v1,olympiadbench-141,olympiadbench,4,2,1,0,learned,-1,2.0,-0.4863359332084656,-0.4621171057224273,-0.0242188274860382
step-error-yes-no-v1,olympiadbench-261,olympiadbench,6,6,1,1,learned,-1,2.0,-0.7680785655975342,-0.7680785655975342,0.0
step-error-yes-no-v1,gsm8k-21,gsm8k,3,5,0,0,learned,-1,2.0,-0.1243530213832855,-0.1089409291744232,-0.0154120922088623
step-error-yes-no-v1,math-962,math,4,-1,0,0,learned,-1,2.0,0.1089409291744232,0.1089409291744232,0.0
step-error-yes-no-v1,omnimath-536,omnimath,1,-1,0,0,learned,-1,2.0,0.5098299980163574,0.5325872898101807,-0.0227572917938232
step-error-yes-no-v1,olympiadbench-962,olympiadbench,0,2,0,0,learned,-1,2.0,0.3027097582817077,0.3308211266994476,-0.0281113684177398
step-error-yes-no-v1,math-25,math,9,5,1,0,learned,-1,2.0,0.0312398374080657,0.0312398374080657,0.0
step-error-yes-no-v1,olympiadbench-424,olympiadbench,11,11,1,1,learned,-1,2.0,0.1853331923484802,0.2153263688087463,-0.0299931764602661
step-error-yes-no-v1,olympiadbench-72,olympiadbench,3,1,1,0,learned,-1,2.0,0.7039056420326233,0.7117023468017578,-0.0077967047691345
step-error-yes-no-v1,omnimath-381,omnimath,0,3,0,0,learned,-1,2.0,0.1243530213832855,0.1549907624721527,-0.0306377410888671
step-error-yes-no-v1,math-700,math,2,-1,0,0,learned,-1,2.0,0.719327449798584,0.7340714931488037,-0.0147440433502197
step-error-yes-no-v1,olympiadbench-315,olympiadbench,5,5,1,1,learned,-1,2.0,-0.0312398374080657,-0.0312398374080657,0.0
step-error-yes-no-v1,omnimath-408,omnimath,0,1,0,0,learned,-1,2.0,0.3027097582817077,0.3168350160121918,-0.014125257730484
step-error-yes-no-v1,olympiadbench-507,olympiadbench,1,-1,0,0,learned,-1,2.0,0.5098299980163574,0.5098299980163574,0.0
step-error-yes-no-v1,omnimath-259,omnimath,7,6,1,0,learned,-1,2.0,-0.2449186742305755,-0.2449186742305755,0.0
step-error-yes-no-v1,gsm8k-348,gsm8k,3,-1,0,0,learned,-1,2.0,0.8038413524627686,0.8038413524627686,0.0
step-error-yes-no-v1,omnimath-893,omnimath,3,2,1,0,learned,-1,2.0,0.4863359332084656,0.4863359332084656,0.0
step-error-yes-no-v1,gsm8k-66,gsm8k,8,6,1,0,learned,-1,2.0,-0.5213013291358948,-0.5213013291358948,0.0
step-error-yes-no-v1,olympiadbench-296,olympiadbench,4,2,1,0,learned,-1,2.0,0.0312398374080657,0.0,0.0312398374080657
step-error-yes-no-v1,omnimath-392,omnimath,5,6,0,0,learned,-1,2.0,0.0156237185001373,0.0156237185001373,0.0
step-error-yes-no-v1,omnimath-468,omnimath,2,5,0,0,learned,-1,2.0,0.0,0.0,0.0
step-error-yes-no-v1,olympiadbench-73,olympiadbench,9,10,0,0,learned,-1,2.0,0.4621171057224273,0.4621171057224273,0.0
step-error-yes-no-v1,olympiadbench-79,olympiadbench,11,11,1,1,learned,-1,2.0,0.5325872898101807,0.5325872898101807,0.0
step-error-yes-no-v1,math-731,math,3,-1,0,0,learned,-1,2.0,0.2153263688087463,0.2153263688087463,0.0
step-error-yes-no-v1,math-528,math,4,-1,0,0,learned,-1,2.0,0.3852839469909668,0.3852839469909668,0.0
step-error-yes-no-v1,gsm8k-194,gsm8k,1,2,0,0,learned,-1,2.0,0.5325872898101807,0.5325872898101807,0.0
step-error-yes-no-v1,math-790,math,0,-1,0,0,learned,-1,2.0,0.7340714931488037,0.719327449798584,0.0147440433502197
step-error-yes-no-v1,olympiadbench-31,olympiadbench,5,5,1,1,learned,-1,2.0,0.1243530213832855,0.1549907624721527,-0.0306377410888671
step-error-yes-no-v1,omnimath-865,omnimath,1,3,0,0,learned,-1,2.0,0.3985088169574737,0.3985088169574737,0.0
step-error-yes-no-v1,omnimath-421,omnimath,4,3,1,0,learned,-1,2.0,-0.3027097582817077,-0.2740616202354431,-0.0286481380462646
step-error-yes-no-v1,math-926,math,7,4,1,0,learned,-1,2.0,-0.5653250217437744,-0.5653250217437744,0.0
step-error-yes-no-v1,math-100,math,0,1,0,0,learned,-1,2.0,0.5545997619628906,0.5545997619628906,0.0
step-error-yes-no-v1,math-247,math,3,5,0,0,learned,-1,2.0,-0.2740616202354431,-0.2449186742305755,-0.0291429460048675
step-error-yes-no-v1,math-482,math,5,3,1,0,learned,-1,2.0,0.0312398374080657,0.0,0.0312398374080657
step-error-yes-no-v1,gsm8k-164,gsm8k,0,0,1,1,learned,-1,2.0,0.5963735580444336,0.6161344051361084,-0.0197608470916748
step-error-yes-no-v1,math-865,math,3,-1,0,0,learned,-1,2.0,-0.0624187588691711,-0.0624187588691711,0.0
step-error-yes-no-v1,math-488,math,3,1,1,0,learned,-1,2.0,0.7481544017791748,0.7411946058273315,0.0069597959518432
step-error-yes-no-v1,olympiadbench-503,olympiadbench,8,-1,0,0,learned,-1,2.0,-0.2449186742305755,-0.2301757037639618,-0.0147429704666137
step-error-yes-no-v1,olympiadbench-342,olympiadbench,0,1,0,0,learned,-1,2.0,0.2449186742305755,0.2449186742305755,0.0
step-error-yes-no-v1,math-447,math,1,0,1,0,learned,-1,2.0,0.7117023468017578,0.7117023468017578,0.0
step-error-yes-no-v1,olympiadbench-763,olympiadbench,8,2,1,0,learned,-1,2.0,-0.1397053301334381,-0.093476265668869,-0.046229064464569
step-error-yes-no-v1,math-754,math,3,-1,0,0,learned,-1,2.0,-0.3027097582817077,-0.3027097582817077,0.0
step-error-yes-no-v1,gsm8k-55,gsm8k,0,0,1,1,learned,-1,2.0,0.4371887743473053,0.4371887743473053,0.0
step-error-yes-no-v1,olympiadbench-17,olympiadbench,7,6,1,0,learned,-1,2.0,-0.3308211266994476,-0.3027097582817077,-0.0281113684177398
step-error-yes-no-v1,math-146,math,0,1,0,0,learned,-1,2.0,0.5436869859695435,0.5325872898101807,0.0110996961593627
step-error-yes-no-v1,omnimath-881,omnimath,1,-1,0,0,learned,-1,2.0,0.2153263688087463,0.2153263688087463,0.0
step-error-yes-no-v1,olympiadbench-545,olympiadbench,2,2,1,1,learned,-1,2.0,-0.1853331923484802,-0.2153263688087463,0.0299931764602661
step-error-yes-no-v1,math-650,math,6,-1,0,0,learned,-1,2.0,0.3027097582817077,0.3027097582817077,0.0
step-error-yes-no-v1,math-521,math,5,-1,0,0,learned,-1,2.0,-0.1702023148536682,-0.1549907624721527,-0.0152115523815155
step-error-yes-no-v1,math-454,math,6,6,1,1,learned,-1,2.0,-0.3027097582817077,-0.3027097582817077,0.0
step-error-yes-no-v1,olympiadbench-297,olympiadbench,3,3,1,1,learned,-1,2.0,0.7340714931488037,0.7340714931488037,0.0
step-error-yes-no-v1,math-37,math,2,1,1,0,learned,-1,2.0,0.3583573997020721,0.3583573997020721,0.0
step-error-yes-no-v1,gsm8k-244,gsm8k,0,-1,0,0,learned,-1,2.0,0.5098299980163574,0.5098299980163574,0.0
step-error-yes-no-v1,olympiadbench-485,olympiadbench,0,2,0,0,learned,-1,2.0,0.0312398374080657,0.0312398374080657,0.0
step-error-yes-no-v1,olympiadbench-746,olympiadbench,4,-1,0,0,learned,-1,2.0,-0.2740616202354431,-0.2449186742305755,-0.0291429460048675
step-error-yes-no-v1,math-717,math,2,-1,0,0,learned,-1,2.0,0.4115700721740722,0.3852839469909668,0.0262861251831054
step-error-yes-no-v1,math-556,math,3,2,1,0,learned,-1,2.0,0.4621171057224273,0.4863359332084656,-0.0242188274860382
step-error-yes-no-v1,math-544,math,1,-1,0,0,learned,-1,2.0,0.7411946058273315,0.7267831563949585,0.014411449432373
step-error-yes-no-v1,gsm8k-199,gsm8k,2,2,1,1,learned,-1,2.0,0.5098299980163574,0.5436869859695435,-0.033856987953186
step-error-yes-no-v1,math-875,math,1,1,1,1,learned,-1,2.0,0.7481544017791748,0.7549536228179932,-0.0067992210388183
step-error-yes-no-v1,olympiadbench-677,olympiadbench,0,1,0,0,learned,-1,2.0,0.2740616202354431,0.2740616202354431,0.0
step-error-yes-no-v1,math-466,math,5,2,1,0,learned,-1,2.0,0.4621171057224273,0.4863359332084656,-0.0242188274860382
step-error-yes-no-v1,omnimath-219,omnimath,0,1,0,0,learned,-1,2.0,0.6161344051361084,0.6161344051361084,0.0
step-error-yes-no-v1,math-774,math,3,4,0,0,learned,-1,2.0,0.4115700721740722,0.3852839469909668,0.0262861251831054
step-error-yes-no-v1,omnimath-216,omnimath,4,2,1,0,learned,-1,2.0,-0.6443782448768616,-0.6443782448768616,0.0
step-error-yes-no-v1,omnimath-60,omnimath,2,1,1,0,learned,-1,2.0,0.653423547744751,0.653423547744751,0.0
step-error-yes-no-v1,olympiadbench-634,olympiadbench,2,0,1,0,learned,-1,2.0,0.093476265668869,0.0624187588691711,0.0310575067996978
step-error-yes-no-v1,olympiadbench-339,olympiadbench,0,1,0,0,learned,-1,2.0,0.2153263688087463,0.2153263688087463,0.0
step-error-yes-no-v1,omnimath-628,omnimath,2,-1,0,0,learned,-1,2.0,-0.4115700721740722,-0.3852839469909668,-0.0262861251831054
step-error-yes-no-v1,olympiadbench-3,olympiadbench,4,3,1,0,learned,-1,2.0,-0.1853331923484802,-0.1853331923484802,0.0
step-error-yes-no-v1,math-679,math,4,2,1,0,learned,-1,2.0,0.1853331923484802,0.1853331923484802,0.0
step-error-yes-no-v1,olympiadbench-149,olympiadbench,2,1,1,0,learned,-1,2.0,-0.5963735580444336,-0.5862119197845459,-0.0101616382598876
step-error-yes-no-v1,math-437,math,2,2,1,1,learned,-1,2.0,0.5325872898101807,0.5545997619628906,-0.0220124721527099
step-error-yes-no-v1,omnimath-213,omnimath,0,4,0,0,learned,-1,2.0,-0.0312398374080657,0.0,-0.0312398374080657
step-error-yes-no-v1,omnimath-705,omnimath,1,-1,0,0,learned,-1,2.0,0.6063475608825684,0.5963735580444336,0.0099740028381347
step-error-yes-no-v1,omnimath-205,omnimath,6,3,1,0,learned,-1,2.0,-0.2740616202354431,-0.2740616202354431,0.0
step-error-yes-no-v1,omnimath-640,omnimath,3,-1,0,0,learned,-1,2.0,-0.4371887743473053,-0.4115700721740722,-0.025618702173233
step-error-yes-no-v1,omnimath-198,omnimath,3,3,1,1,learned,-1,2.0,-0.719327449798584,-0.7411946058273315,0.0218671560287475
step-error-yes-no-v1,math-860,math,0,-1,0,0,learned,-1,2.0,0.3027097582817077,0.3027097582817077,0.0
step-error-yes-no-v1,math-725,math,1,2,0,0,learned,-1,2.0,-0.2153263688087463,-0.2153263688087463,0.0
step-error-yes-no-v1,math-234,math,0,1,0,0,learned,-1,2.0,0.8093010187149048,0.8198139667510986,-0.0105129480361938
step-error-yes-no-v1,math-542,math,1,2,0,0,learned,-1,2.0,0.7039056420326233,0.6877902150154114,0.0161154270172119
step-error-yes-no-v1,math-406,math,1,1,1,1,learned,-1,2.0,0.8438436388969421,0.8438436388969421,0.0
step-error-yes-no-v1,omnimath-48,omnimath,6,4,1,0,learned,-1,2.0,-0.3308211266994476,-0.3027097582817077,-0.0281113684177398
step-error-yes-no-v1,olympiadbench-494,olympiadbench,3,1,1,0,learned,-1,2.0,0.3852839469909668,0.3852839469909668,0.0
step-error-yes-no-v1,math-220,math,3,1,1,0,learned,-1,2.0,0.8093010187149048,0.8093010187149048,0.0
step-error-yes-no-v1,math-81,math,0,2,0,0,learned,-1,2.0,0.8248723149299622,0.8248723149299622,0.0
step-error-yes-no-v1,gsm8k-334,gsm8k,2,-1,0,0,learned,-1,2.0,-0.0312398374080657,-0.0156237185001373,-0.0156161189079284
step-error-yes-no-v1,omnimath-170,omnimath,0,1,0,0,learned,-1,2.0,0.3852839469909668,0.4115700721740722,-0.0262861251831054
step-error-yes-no-v1,math-1,math,8,9,0,0,learned,-1,2.0,-0.4863359332084656,-0.4863359332084656,0.0
step-error-yes-no-v1,omnimath-65,omnimath,4,5,0,0,learned,-1,2.0,0.0624187588691711,0.0624187588691711,0.0
step-error-yes-no-v1,gsm8k-225,gsm8k,1,-1,0,0,learned,-1,2.0,0.2153263688087463,0.2449186742305755,-0.0295923054218292
step-error-yes-no-v1,olympiadbench-257,olympiadbench,1,2,0,0,learned,-1,2.0,0.5098299980163574,0.5098299980163574,0.0
step-error-yes-no-v1,omnimath-559,omnimath,0,2,0,0,learned,-1,2.0,0.1243530213832855,0.1243530213832855,0.0
step-error-yes-no-v1,math-739,math,7,5,1,0,learned,-1,2.0,-0.1853331923484802,-0.1853331923484802,0.0
step-error-yes-no-v1,omnimath-733,omnimath,5,-1,0,0,learned,-1,2.0,-0.2740616202354431,-0.3027097582817077,0.0286481380462646
step-error-yes-no-v1,omnimath-490,omnimath,6,5,1,0,learned,-1,2.0,0.0624187588691711,0.0624187588691711,0.0
step-error-yes-no-v1,olympiadbench-274,olympiadbench,5,4,1,0,learned,-1,2.0,-0.5653250217437744,-0.5545997619628906,-0.0107252597808837
step-error-yes-no-v1,gsm8k-59,gsm8k,2,2,1,1,learned,-1,2.0,0.5098299980163574,0.5098299980163574,0.0
step-error-yes-no-v1,omnimath-368,omnimath,5,3,1,0,learned,-1,2.0,-0.2003766596317291,-0.2153263688087463,0.0149497091770172
step-error-yes-no-v1,omnimath-362,omnimath,0,1,0,0,learned,-1,2.0,0.0312398374080657,0.0312398374080657,0.0
step-error-yes-no-v1,olympiadbench-52,olympiadbench,0,3,0,0,learned,-1,2.0,0.3027097582817077,0.3027097582817077,0.0
step-error-yes-no-v1,math-766,math,4,5,0,0,learned,-1,2.0,0.7117023468017578,0.7039056420326233,0.0077967047691345
step-error-yes-no-v1,math-7,math,1,2,0,0,learned,-1,2.0,0.5758624076843262,0.5758624076843262,0.0
step-error-yes-no-v1,olympiadbench-732,olympiadbench,7,-1,0,0,learned,-1,2.0,-0.2449186742305755,-0.2740616202354431,0.0291429460048675
step-error-yes-no-v1,omnimath-29,omnimath,0,2,0,0,learned,-1,2.0,0.5098299980163574,0.5325872898101807,-0.0227572917938232
step-error-yes-no-v1,omnimath-861,omnimath,2,0,1,0,learned,-1,2.0,0.0,0.0,0.0
step-error-yes-no-v1,omnimath-167,omnimath,0,2,0,0,learned,-1,2.0,-0.0624187588691711,-0.0312398374080657,-0.0311789214611053
step-error-yes-no-v1,omnimath-885,omnimath,6,-1,0,0,learned,-1,2.0,-0.1243530213832855,-0.1243530213832855,0.0
step-error-yes-no-v1,olympiadbench-286,olympiadbench,2,1,1,0,learned,-1,2.0,-0.3446633815765381,-0.3446633815765381,0.0
step-error-yes-no-v1,math-157,math,7,1,1,0,learned,-1,2.0,0.0624187588691711,0.0312398374080657,0.0311789214611053
step-error-yes-no-v1,olympiadbench-8,olympiadbench,0,2,0,0,learned,-1,2.0,0.3308211266994476,0.3308211266994476,0.0
step-error-yes-no-v1,math-412,math,0,1,0,0,learned,-1,2.0,-0.3027097582817077,-0.3027097582817077,0.0
step-error-yes-no-v1,math-132,math,0,1,0,0,learned,-1,2.0,0.4863359332084656,0.4863359332084656,0.0
step-error-yes-no-v1,olympiadbench-365,olympiadbench,12,10,1,0,learned,-1,2.0,-0.6709671020507812,-0.653423547744751,-0.0175435543060302
step-error-yes-no-v1,omnimath-457,omnimath,11,9,1,0,learned,-1,2.0,-0.5862119197845459,-0.6063475608825684,0.0201356410980224
step-error-yes-no-v1,olympiadbench-232,olympiadbench,4,4,1,1,learned,-1,2.0,-0.4371887743473053,-0.4244643449783325,-0.0127244293689727
step-error-yes-no-v1,olympiadbench-836,olympiadbench,2,1,1,0,learned,-1,2.0,0.8093010187149048,0.8146244883537292,-0.0053234696388244
step-error-yes-no-v1,math-896,math,2,-1,0,0,learned,-1,2.0,0.5098299980163574,0.5098299980163574,0.0
step-error-yes-no-v1,gsm8k-170,gsm8k,2,1,1,0,learned,-1,2.0,0.2449186742305755,0.2153263688087463,0.0295923054218292
step-error-yes-no-v1,math-568,math,0,3,0,0,learned,-1,2.0,0.3027097582817077,0.3168350160121918,-0.014125257730484
step-error-yes-no-v1,omnimath-369,omnimath,1,2,0,0,learned,-1,2.0,0.1549907624721527,0.1549907624721527,0.0
step-error-yes-no-v1,math-52,math,2,1,1,0,learned,-1,2.0,0.1243530213832855,0.1243530213832855,0.0
step-error-yes-no-v1,gsm8k-304,gsm8k,0,-1,0,0,learned,-1,2.0,0.0624187588691711,0.0624187588691711,0.0
step-error-yes-no-v1,olympiadbench-867,olympiadbench,8,4,1,0,learned,-1,2.0,-0.3027097582817077,-0.3308211266994476,0.0281113684177398
step-error-yes-no-v1,omnimath-524,omnimath,2,4,0,0,learned,-1,2.0,0.2740616202354431,0.2449186742305755,0.0291429460048675
step-error-yes-no-v1,omnimath-736,omnimath,5,0,1,0,learned,-1,2.0,-0.6351489424705505,-0.6443782448768616,0.009229302406311
step-error-yes-no-v1,omnimath-234,omnimath,5,4,1,0,learned,-1,2.0,0.6794679164886475,0.6794679164886475,0.0
step-error-yes-no-v1,olympiadbench-998,olympiadbench,5,2,1,0,learned,-1,2.0,0.5325872898101807,0.5098299980163574,0.0227572917938232
step-error-yes-no-v1,olympiadbench-228,olympiadbench,8,7,1,0,learned,-1,2.0,0.3583573997020721,0.3308211266994476,0.0275362730026245
step-error-yes-no-v1,omnimath-409,omnimath,2,7,0,0,learned,-1,2.0,0.5325872898101807,0.5325872898101807,0.0
step-error-yes-no-v1,omnimath-6,omnimath,4,4,1,1,learned,-1,2.0,0.1702023148536682,0.1853331923484802,-0.015130877494812
step-error-yes-no-v1,omnimath-575,omnimath,3,-1,0,0,learned,-1,4.0,-0.3583573997020721,-0.3852839469909668,0.0269265472888946
step-error-yes-no-v1,gsm8k-264,gsm8k,2,1,1,0,learned,-1,4.0,-0.1549907624721527,-0.1853331923484802,0.0303424298763275
step-error-yes-no-v1,omnimath-523,omnimath,2,0,1,0,learned,-1,4.0,0.0,0.0312398374080657,-0.0312398374080657
step-error-yes-no-v1,olympiadbench-586,olympiadbench,9,-1,0,0,learned,-1,4.0,-0.1549907624721527,-0.1853331923484802,0.0303424298763275
step-error-yes-no-v1,gsm8k-161,gsm8k,3,2,1,0,learned,-1,4.0,0.3583573997020721,0.3583573997020721,0.0
step-error-yes-no-v1,omnimath-63,omnimath,1,2,0,0,learned,-1,4.0,0.4497405886650085,0.4497405886650085,0.0
step-error-yes-no-v1,math-304,math,1,3,0,0,learned,-1,4.0,0.4981744289398193,0.5098299980163574,-0.011655569076538
step-error-yes-no-v1,olympiadbench-884,olympiadbench,0,-1,0,0,learned,-1,4.0,0.0468407273292541,0.0624187588691711,-0.0155780315399169
step-error-yes-no-v1,omnimath-514,omnimath,6,1,1,0,learned,-1,4.0,-0.1243530213832855,-0.1243530213832855,0.0
step-error-yes-no-v1,olympiadbench-275,olympiadbench,6,1,1,0,learned,-1,4.0,-0.4115700721740722,-0.4115700721740722,0.0
step-error-yes-no-v1,omnimath-573,omnimath,0,1,0,0,learned,-1,4.0,0.3027097582817077,0.3308211266994476,-0.0281113684177398
step-error-yes-no-v1,omnimath-674,omnimath,0,-1,0,0,learned,-1,4.0,0.1853331923484802,0.1853331923484802,0.0
step-error-yes-no-v1,math-885,math,2,-1,0,0,learned,-1,4.0,0.7376536130905151,0.7340714931488037,0.0035821199417114
step-error-yes-no-v1,math-384,math,1,4,0,0,learned,-1,4.0,0.0312398374080657,0.0624187588691711,-0.0311789214611053
step-error-yes-no-v1,olympiadbench-886,olympiadbench,5,-1,0,0,learned,-1,4.0,0.7117023468017578,0.7117023468017578,0.0
step-error-yes-no-v1,olympiadbench-118,olympiadbench,9,8,1,0,learned,-1,4.0,-0.4863359332084656,-0.5098299980163574,0.0234940648078918
step-error-yes-no-v1,olympiadbench-200,olympiadbench,1,3,0,0,learned,-1,4.0,0.7117023468017578,0.719327449798584,-0.0076251029968261
step-error-yes-no-v1,math-259,math,5,2,1,0,learned,-1,4.0,0.1089409291744232,0.077966421842575,0.0309745073318481
step-error-yes-no-v1,math-98,math,2,0,1,0,learned,-1,4.0,0.8568176031112671,0.8526074290275574,0.0042101740837097
step-error-yes-no-v1,math-499,math,4,3,1,0,learned,-1,4.0,-0.662286102771759,-0.653423547744751,-0.008862555027008
step-error-yes-no-v1,math-648,math,0,-1,0,0,learned,-1,4.0,0.7615941166877747,0.7481544017791748,0.0134397149085998
step-error-yes-no-v1,olympiadbench-360,olympiadbench,1,1,1,1,learned,-1,4.0,0.3308211266994476,0.3308211266994476,0.0
step-error-yes-no-v1,omnimath-497,omnimath,1,1,1,1,learned,-1,4.0,0.3308211266994476,0.3308211266994476,0.0
step-error-yes-no-v1,olympiadbench-159,olympiadbench,2,13,0,0,learned,-1,4.0,0.7744091749191284,0.7805885076522827,-0.0061793327331542
step-error-yes-no-v1,olympiadbench-358,olympiadbench,8,1,1,0,learned,-1,4.0,0.4981744289398193,0.5213013291358948,-0.0231269001960754
step-error-yes-no-v1,omnimath-460,omnimath,7,2,1,0,learned,-1,4.0,0.2449186742305755,0.2449186742305755,0.0
step-error-yes-no-v1,olympiadbench-757,olympiadbench,6,-1,0,0,learned,-1,4.0,-0.0624187588691711,0.0,-0.0624187588691711
step-error-yes-no-v1,math-92,math,0,1,0,0,learned,-1,4.0,0.1853331923484802,0.2153263688087463,-0.0299931764602661
step-error-yes-no-v1,math-27,math,2,1,1,0,learned,-1,4.0,0.5436869859695435,0.5436869859695435,0.0
step-error-yes-no-v1,math-387,math,0,1,0,0,learned,-1,4.0,0.5098299980163574,0.5325872898101807,-0.0227572917938232
step-error-yes-no-v1,omnimath-81,omnimath,2,4,0,0,learned,-1,4.0,0.2153263688087463,0.2449186742305755,-0.0295923054218292
step-error-yes-no-v1,math-418,math,2,1,1,0,learned,-1,4.0,0.6709671020507812,0.6709671020507812,0.0
step-error-yes-no-v1,math-35,math,1,2,0,0,learned,-1,4.0,0.4621171057224273,0.4621171057224273,0.0
step-error-yes-no-v1,olympiadbench-844,olympiadbench,5,-1,0,0,learned,-1,4.0,0.4115700721740722,0.4115700721740722,0.0
step-error-yes-no-v1,gsm8k-208,gsm8k,1,4,0,0,learned,-1,4.0,0.6794679164886475,0.6709671020507812,0.0085008144378662
step-error-yes-no-v1,omnimath-582,omnimath,5,4,1,0,learned,-1,4.0,-0.6161344051361084,-0.5963735580444336,-0.0197608470916748
step-error-yes-no-v1,omnimath-182,omnimath,4,1,1,0,learned,-1,4.0,0.2153263688087463,0.2153263688087463,0.0
step-error-yes-no-v1,omnimath-451,omnimath,2,1,1,0,learned,-1,4.0,-0.2740616202354431,-0.2740616202354431,0.0
step-error-yes-no-v1,olympiadbench-154,olympiadbench,3,3,1,1,learned,-1,4.0,0.5325872898101807,0.5436869859695435,-0.0110996961593627
step-error-yes-no-v1,olympiadbench-568,olympiadbench,1,4,0,0,learned,-1,4.0,0.662286102771759,0.6709671020507812,-0.0086809992790222
step-error-yes-no-v1,omnimath-429,omnimath,0,2,0,0,learned,-1,4.0,0.093476265668869,0.093476265668869,0.0
step-error-yes-no-v1,olympiadbench-919,olympiadbench,8,-1,0,0,learned,-1,4.0,-0.2153263688087463,-0.2449186742305755,0.0295923054218292
step-error-yes-no-v1,math-46,math,0,3,0,0,learned,-1,4.0,0.5325872898101807,0.5325872898101807,0.0
step-error-yes-no-v1,math-163,math,1,3,0,0,learned,-1,4.0,0.4371887743473053,0.4371887743473053,0.0
step-error-yes-no-v1,olympiadbench-665,olympiadbench,8,3,1,0,learned,-1,4.0,-0.2740616202354431,-0.2884502410888672,0.014388620853424
step-error-yes-no-v1,gsm8k-144,gsm8k,2,1,1,0,learned,-1,4.0,0.6257346868515015,0.6063475608825684,0.0193871259689331
step-error-yes-no-v1,gsm8k-33,gsm8k,2,2,1,1,learned,-1,4.0,0.2003766596317291,0.2003766596317291,0.0
step-error-yes-no-v1,olympiadbench-293,olympiadbench,2,1,1,0,learned,-1,4.0,0.1243530213832855,0.1549907624721527,-0.0306377410888671
step-error-yes-no-v1,math-664,math,0,-1,0,0,learned,-1,4.0,0.9480852484703064,0.946481466293335,0.0016037821769714
step-error-yes-no-v1,olympiadbench-153,olympiadbench,0,2,0,0,learned,-1,4.0,0.0,0.0,0.0
step-error-yes-no-v1,math-738,math,1,-1,0,0,learned,-1,4.0,0.2153263688087463,0.2153263688087463,0.0
step-error-yes-no-v1,math-293,math,5,3,1,0,learned,-1,4.0,-0.2153263688087463,-0.2153263688087463,0.0
step-error-yes-no-v1,omnimath-571,omnimath,0,2,0,0,learned,-1,4.0,0.1243530213832855,0.1243530213832855,0.0
step-error-yes-no-v1,math-409,math,6,4,1,0,learned,-1,4.0,0.0312398374080657,0.0,0.0312398374080657
step-error-yes-no-v1,omnimath-996,omnimath,2,1,1,0,learned,-1,4.0,0.0312398374080657,-0.0312398374080657,0.0624796748161315
step-error-yes-no-v1,olympiadbench-442,olympiadbench,1,4,0,0,learned,-1,4.0,0.4863359332084656,0.4863359332084656,0.0
step-error-yes-no-v1,math-363,math,4,2,1,0,learned,-1,4.0,-0.6063475608825684,-0.6063475608825684,0.0
step-error-yes-no-v1,math-545,math,9,-1,0,0,learned,-1,4.0,-0.3852839469909668,-0.3852839469909668,0.0
step-error-yes-no-v1,omnimath-931,omnimath,8,6,1,0,learned,-1,4.0,-0.5213013291358948,-0.5436869859695435,0.0223856568336486
step-error-yes-no-v1,olympiadbench-898,olympiadbench,6,1,1,0,learned,-1,4.0,-0.6794679164886475,-0.6709671020507812,-0.0085008144378662
step-error-yes-no-v1,omnimath-655,omnimath,8,5,1,0,learned,-1,4.0,-0.1853331923484802,-0.2153263688087463,0.0299931764602661
step-error-yes-no-v1,math-747,math,2,-1,0,0,learned,-1,4.0,0.719327449798584,0.7117023468017578,0.0076251029968261
step-error-yes-no-v1,omnimath-938,omnimath,1,5,0,0,learned,-1,4.0,0.3852839469909668,0.3852839469909668,0.0
step-error-yes-no-v1,omnimath-383,omnimath,4,2,1,0,learned,-1,4.0,0.1549907624721527,0.1853331923484802,-0.0303424298763275
step-error-yes-no-v1,math-508,math,7,-1,0,0,learned,-1,4.0,-0.0312398374080657,-0.0312398374080657,0.0
step-error-yes-no-v1,omnimath-359,omnimath,0,1,0,0,learned,-1,4.0,0.4981744289398193,0.4981744289398193,0.0
step-error-yes-no-v1,olympiadbench-247,olympiadbench,3,2,1,0,learned,-1,4.0,0.4863359332084656,0.4863359332084656,0.0
step-error-yes-no-v1,math-606,math,3,-1,0,0,learned,-1,4.0,0.7481544017791748,0.7615941166877747,-0.0134397149085998
step-error-yes-no-v1,omnimath-722,omnimath,7,4,1,0,learned,-1,4.0,-0.4863359332084656,-0.4621171057224273,-0.0242188274860382
step-error-yes-no-v1,omnimath-766,omnimath,3,1,1,0,learned,-1,4.0,0.653423547744751,0.653423547744751,0.0
step-error-yes-no-v1,omnimath-382,omnimath,0,1,0,0,learned,-1,4.0,0.2153263688087463,0.2449186742305755,-0.0295923054218292
step-error-yes-no-v1,omnimath-349,omnimath,7,7,1,1,learned,-1,4.0,-0.3985088169574737,-0.371898889541626,-0.0266099274158477
step-error-yes-no-v1,omnimath-341,omnimath,0,5,0,0,learned,-1,4.0,0.5325872898101807,0.5545997619628906,-0.0220124721527099
step-error-yes-no-v1,omnimath-968,omnimath,6,2,1,0,learned,-1,4.0,-0.3027097582817077,-0.3027097582817077,0.0
step-error-yes-no-v1,math-170,math,8,8,1,1,learned,-1,4.0,-0.0624187588691711,-0.0624187588691711,0.0
step-error-yes-no-v1,gsm8k-242,gsm8k,3,-1,0,0,learned,-1,4.0,-0.2595492601394653,-0.2884502410888672,0.0289009809494018
step-error-yes-no-v1,olympiadbench-580,olympiadbench,7,2,1,0,learned,-1,4.0,-0.1853331923484802,-0.2449186742305755,0.0595854818820953
step-error-yes-no-v1,omnimath-168,omnimath,0,1,0,0,learned,-1,4.0,0.1243530213832855,0.1243530213832855,0.0
step-error-yes-no-v1,olympiadbench-54,olympiadbench,5,1,1,0,learned,-1,4.0,0.0312398374080657,0.0312398374080657,0.0
step-error-yes-no-v1,math-936,math,3,0,1,0,learned,-1,4.0,0.1549907624721527,0.1549907624721527,0.0
step-error-yes-no-v1,olympiadbench-475,olympiadbench,2,4,0,0,learned,-1,4.0,0.0624187588691711,0.0624187588691711,0.0
step-error-yes-no-v1,math-483,math,4,3,1,0,learned,-1,4.0,0.1853331923484802,0.1853331923484802,0.0
step-error-yes-no-v1,olympiadbench-95,olympiadbench,7,2,1,0,learned,-1,4.0,-0.0624187588691711,-0.093476265668869,0.0310575067996978
step-error-yes-no-v1,olympiadbench-306,olympiadbench,7,3,1,0,learned,-1,4.0,-0.1549907624721527,-0.1243530213832855,-0.0306377410888671
step-error-yes-no-v1,omnimath-335,omnimath,3,0,1,0,learned,-1,4.0,-0.4371887743473053,-0.4743163287639618,0.0371275544166564
step-error-yes-no-v1,omnimath-824,omnimath,5,-1,0,0,learned,-1,4.0,-0.1853331923484802,-0.2153263688087463,0.0299931764602661
step-error-yes-no-v1,omnimath-831,omnimath,0,-1,0,0,learned,-1,4.0,0.4371887743473053,0.4115700721740722,0.025618702173233
step-error-yes-no-v1,omnimath-531,omnimath,4,-1,0,0,learned,-1,4.0,0.8093010187149048,0.8093010187149048,0.0
step-error-yes-no-v1,olympiadbench-63,olympiadbench,4,2,1,0,learned,-1,4.0,-0.4621171057224273,-0.4371887743473053,-0.024928331375122
step-error-yes-no-v1,olympiadbench-268,olympiadbench,0,2,0,0,learned,-1,4.0,0.1549907624721527,0.1549907624721527,0.0
step-error-yes-no-v1,gsm8k-151,gsm8k,6,5,1,0,learned,-1,4.0,-0.2449186742305755,-0.2595492601394653,0.0146305859088897
step-error-yes-no-v1,gsm8k-65,gsm8k,2,4,0,0,learned,-1,4.0,0.3027097582817077,0.3027097582817077,0.0
step-error-yes-no-v1,omnimath-725,omnimath,9,-1,0,0,learned,-1,4.0,-0.0624187588691711,-0.0624187588691711,0.0
step-error-yes-no-v1,omnimath-851,omnimath,4,2,1,0,learned,-1,4.0,0.3027097582817077,0.3027097582817077,0.0
step-error-yes-no-v1,omnimath-132,omnimath,3,0,1,0,learned,-1,4.0,-0.0312398374080657,-0.0312398374080657,0.0
step-error-yes-no-v1,olympiadbench-866,olympiadbench,4,1,1,0,learned,-1,4.0,0.1853331923484802,0.1549907624721527,0.0303424298763275
step-error-yes-no-v1,gsm8k-106,gsm8k,2,1,1,0,learned,-1,4.0,-0.093476265668869,-0.093476265668869,0.0
step-error-yes-no-v1,olympiadbench-373,olympiadbench,4,2,1,0,learned,-1,4.0,0.5758624076843262,0.5963735580444336,-0.0205111503601074
step-error-yes-no-v1,math-299,math,2,2,1,1,learned,-1,4.0,0.4863359332084656,0.4863359332084656,0.0
step-error-yes-no-v1,gsm8k-74,gsm8k,6,4,1,0,learned,-1,4.0,0.4981744289398193,0.4863359332084656,0.0118384957313537
step-error-yes-no-v1,olympiadbench-80,olympiadbench,10,7,1,0,learned,-1,4.0,0.2153263688087463,0.1853331923484802,0.0299931764602661
step-error-yes-no-v1,math-563,math,4,2,1,0,learned,-1,4.0,0.8899893760681152,0.8833082914352417,0.0066810846328735
step-error-yes-no-v1,olympiadbench-9,olympiadbench,0,3,0,0,learned,-1,4.0,0.1089409291744232,0.1089409291744232,0.0
step-error-yes-no-v1,omnimath-252,omnimath,2,6,0,0,learned,-1,4.0,0.0624187588691711,0.0624187588691711,0.0
step-error-yes-no-v1,olympiadbench-76,olympiadbench,8,7,1,0,learned,-1,4.0,-0.1549907624721527,-0.1549907624721527,0.0
step-error-yes-no-v1,math-658,math,5,-1,0,0,learned,-1,4.0,-0.0312398374080657,-0.0312398374080657,0.0
step-error-yes-no-v1,olympiadbench-46,olympiadbench,4,4,1,1,learned,-1,4.0,-0.6443782448768616,-0.6443782448768616,0.0
step-error-yes-no-v1,gsm8k-319,gsm8k,1,-1,0,0,learned,-1,4.0,0.7744091749191284,0.7680785655975342,0.0063306093215942
step-error-yes-no-v1,olympiadbench-517,olympiadbench,0,-1,0,0,learned,-1,4.0,0.2740616202354431,0.2740616202354431,0.0
step-error-yes-no-v1,omnimath-517,omnimath,2,1,1,0,learned,-1,4.0,0.0,0.0,0.0
step-error-yes-no-v1,olympiadbench-21,olympiadbench,8,5,1,0,learned,-1,4.0,-0.1853331923484802,-0.1853331923484802,0.0
step-error-yes-no-v1,gsm8k-105,gsm8k,1,1,1,1,learned,-1,4.0,0.3852839469909668,0.4115700721740722,-0.0262861251831054
step-error-yes-no-v1,math-632,math,1,-1,0,0,learned,-1,4.0,0.7805885076522827,0.7680785655975342,0.0125099420547485
step-error-yes-no-v1,olympiadbench-61,olympiadbench,7,1,1,0,learned,-1,4.0,-0.662286102771759,-0.653423547744751,-0.008862555027008
step-error-yes-no-v1,math-65,math,4,8,0,0,learned,-1,4.0,0.7744091749191284,0.7805885076522827,-0.0061793327331542
step-error-yes-no-v1,math-372,math,3,3,1,1,learned,-1,4.0,0.4743163287639618,0.4743163287639618,0.0
step-error-yes-no-v1,gsm8k-250,gsm8k,0,-1,0,0,learned,-1,4.0,0.653423547744751,0.6443782448768616,0.0090453028678894
step-error-yes-no-v1,omnimath-942,omnimath,2,-1,0,0,learned,-1,4.0,0.4981744289398193,0.5098299980163574,-0.011655569076538
step-error-yes-no-v1,math-958,math,10,7,1,0,learned,-1,4.0,-0.4371887743473053,-0.4115700721740722,-0.025618702173233
step-error-yes-no-v1,omnimath-943,omnimath,1,4,0,0,learned,-1,4.0,0.2449186742305755,0.2449186742305755,0.0
step-error-yes-no-v1,gsm8k-61,gsm8k,0,1,0,0,learned,-1,4.0,0.0468407273292541,0.0468407273292541,0.0
step-error-yes-no-v1,omnimath-329,omnimath,9,8,1,0,learned,-1,4.0,-0.5758624076843262,-0.5963735580444336,0.0205111503601074
step-error-yes-no-v1,olympiadbench-20,olympiadbench,2,1,1,0,learned,-1,4.0,0.2449186742305755,0.2449186742305755,0.0
step-error-yes-no-v1,math-228,math,6,6,1,1,learned,-1,4.0,-0.3027097582817077,-0.2740616202354431,-0.0286481380462646
step-error-yes-no-v1,olympiadbench-141,olympiadbench,4,2,1,0,learned,-1,4.0,-0.4863359332084656,-0.4621171057224273,-0.0242188274860382
step-error-yes-no-v1,olympiadbench-261,olympiadbench,6,6,1,1,learned,-1,4.0,-0.7680785655975342,-0.7680785655975342,0.0
step-error-yes-no-v1,gsm8k-21,gsm8k,3,5,0,0,learned,-1,4.0,-0.1243530213832855,-0.1089409291744232,-0.0154120922088623
step-error-yes-no-v1,math-962,math,4,-1,0,0,learned,-1,4.0,0.093476265668869,0.1089409291744232,-0.0154646635055542
step-error-yes-no-v1,omnimath-536,omnimath,1,-1,0,0,learned,-1,4.0,0.5098299980163574,0.5325872898101807,-0.0227572917938232
step-error-yes-no-v1,olympiadbench-962,olympiadbench,0,2,0,0,learned,-1,4.0,0.3027097582817077,0.3308211266994476,-0.0281113684177398
step-error-yes-no-v1,math-25,math,9,5,1,0,learned,-1,4.0,0.0624187588691711,0.0312398374080657,0.0311789214611053
step-error-yes-no-v1,olympiadbench-424,olympiadbench,11,11,1,1,learned,-1,4.0,0.1853331923484802,0.2153263688087463,-0.0299931764602661
step-error-yes-no-v1,olympiadbench-72,olympiadbench,3,1,1,0,learned,-1,4.0,0.7039056420326233,0.7117023468017578,-0.0077967047691345
step-error-yes-no-v1,omnimath-381,omnimath,0,3,0,0,learned,-1,4.0,0.1549907624721527,0.1549907624721527,0.0
step-error-yes-no-v1,math-700,math,2,-1,0,0,learned,-1,4.0,0.7340714931488037,0.7340714931488037,0.0
step-error-yes-no-v1,olympiadbench-315,olympiadbench,5,5,1,1,learned,-1,4.0,0.0,-0.0312398374080657,0.0312398374080657
step-error-yes-no-v1,omnimath-408,omnimath,0,1,0,0,learned,-1,4.0,0.3168350160121918,0.3168350160121918,0.0
step-error-yes-no-v1,olympiadbench-507,olympiadbench,1,-1,0,0,learned,-1,4.0,0.5098299980163574,0.5098299980163574,0.0
step-error-yes-no-v1,omnimath-259,omnimath,7,6,1,0,learned,-1,4.0,-0.2449186742305755,-0.2449186742305755,0.0
step-error-yes-no-v1,gsm8k-348,gsm8k,3,-1,0,0,learned,-1,4.0,0.7982427477836609,0.8038413524627686,-0.0055986046791076
step-error-yes-no-v1,omnimath-893,omnimath,3,2,1,0,learned,-1,4.0,0.5098299980163574,0.4863359332084656,0.0234940648078918
step-error-yes-no-v1,gsm8k-66,gsm8k,8,6,1,0,learned,-1,4.0,-0.5098299980163574,-0.5213013291358948,0.0114713311195373
step-error-yes-no-v1,olympiadbench-296,olympiadbench,4,2,1,0,learned,-1,4.0,0.0312398374080657,0.0,0.0312398374080657
step-error-yes-no-v1,omnimath-392,omnimath,5,6,0,0,learned,-1,4.0,0.0,0.0156237185001373,-0.0156237185001373
step-error-yes-no-v1,omnimath-468,omnimath,2,5,0,0,learned,-1,4.0,0.0,0.0,0.0
step-error-yes-no-v1,olympiadbench-73,olympiadbench,9,10,0,0,learned,-1,4.0,0.4621171057224273,0.4621171057224273,0.0
step-error-yes-no-v1,olympiadbench-79,olympiadbench,11,11,1,1,learned,-1,4.0,0.5325872898101807,0.5325872898101807,0.0
step-error-yes-no-v1,math-731,math,3,-1,0,0,learned,-1,4.0,0.2449186742305755,0.2153263688087463,0.0295923054218292
step-error-yes-no-v1,math-528,math,4,-1,0,0,learned,-1,4.0,0.3852839469909668,0.3852839469909668,0.0
step-error-yes-no-v1,gsm8k-194,gsm8k,1,2,0,0,learned,-1,4.0,0.5098299980163574,0.5325872898101807,-0.0227572917938232
step-error-yes-no-v1,math-790,math,0,-1,0,0,learned,-1,4.0,0.719327449798584,0.719327449798584,0.0
step-error-yes-no-v1,olympiadbench-31,olympiadbench,5,5,1,1,learned,-1,4.0,0.1243530213832855,0.1549907624721527,-0.0306377410888671
step-error-yes-no-v1,omnimath-865,omnimath,1,3,0,0,learned,-1,4.0,0.4115700721740722,0.3985088169574737,0.0130612552165985
step-error-yes-no-v1,omnimath-421,omnimath,4,3,1,0,learned,-1,4.0,-0.2740616202354431,-0.2740616202354431,0.0
step-error-yes-no-v1,math-926,math,7,4,1,0,learned,-1,4.0,-0.5436869859695435,-0.5653250217437744,0.0216380357742309
step-error-yes-no-v1,math-100,math,0,1,0,0,learned,-1,4.0,0.5325872898101807,0.5545997619628906,-0.0220124721527099
step-error-yes-no-v1,math-247,math,3,5,0,0,learned,-1,4.0,-0.2740616202354431,-0.2449186742305755,-0.0291429460048675
step-error-yes-no-v1,math-482,math,5,3,1,0,learned,-1,4.0,0.0,0.0,0.0
step-error-yes-no-v1,gsm8k-164,gsm8k,0,0,1,1,learned,-1,4.0,0.5963735580444336,0.6161344051361084,-0.0197608470916748
step-error-yes-no-v1,math-865,math,3,-1,0,0,learned,-1,4.0,-0.0312398374080657,-0.0624187588691711,0.0311789214611053
step-error-yes-no-v1,math-488,math,3,1,1,0,learned,-1,4.0,0.7481544017791748,0.7411946058273315,0.0069597959518432
step-error-yes-no-v1,olympiadbench-503,olympiadbench,8,-1,0,0,learned,-1,4.0,-0.2301757037639618,-0.2301757037639618,0.0
step-error-yes-no-v1,olympiadbench-342,olympiadbench,0,1,0,0,learned,-1,4.0,0.2449186742305755,0.2449186742305755,0.0
step-error-yes-no-v1,math-447,math,1,0,1,0,learned,-1,4.0,0.7039056420326233,0.7117023468017578,-0.0077967047691345
step-error-yes-no-v1,olympiadbench-763,olympiadbench,8,2,1,0,learned,-1,4.0,-0.1089409291744232,-0.093476265668869,-0.0154646635055542
step-error-yes-no-v1,math-754,math,3,-1,0,0,learned,-1,4.0,-0.3027097582817077,-0.3027097582817077,0.0
step-error-yes-no-v1,gsm8k-55,gsm8k,0,0,1,1,learned,-1,4.0,0.4115700721740722,0.4371887743473053,-0.025618702173233
step-error-yes-no-v1,olympiadbench-17,olympiadbench,7,6,1,0,learned,-1,4.0,-0.3027097582817077,-0.3027097582817077,0.0
step-error-yes-no-v1,math-146,math,0,1,0,0,learned,-1,4.0,0.5325872898101807,0.5325872898101807,0.0
step-error-yes-no-v1,omnimath-881,omnimath,1,-1,0,0,learned,-1,4.0,0.2153263688087463,0.2153263688087463,0.0
step-error-yes-no-v1,olympiadbench-545,olympiadbench,2,2,1,1,learned,-1,4.0,-0.1853331923484802,-0.2153263688087463,0.0299931764602661
step-error-yes-no-v1,math-650,math,6,-1,0,0,learned,-1,4.0,0.3027097582817077,0.3027097582817077,0.0
step-error-yes-no-v1,math-521,math,5,-1,0,0,learned,-1,4.0,-0.1549907624721527,-0.1549907624721527,0.0
step-error-yes-no-v1,math-454,math,6,6,1,1,learned,-1,4.0,-0.2740616202354431,-0.3027097582817077,0.0286481380462646
step-error-yes-no-v1,olympiadbench-297,olympiadbench,3,3,1,1,learned,-1,4.0,0.7267831563949585,0.7340714931488037,-0.0072883367538452
step-error-yes-no-v1,math-37,math,2,1,1,0,learned,-1,4.0,0.3583573997020721,0.3583573997020721,0.0
step-error-yes-no-v1,gsm8k-244,gsm8k,0,-1,0,0,learned,-1,4.0,0.4981744289398193,0.5098299980163574,-0.011655569076538
step-error-yes-no-v1,olympiadbench-485,olympiadbench,0,2,0,0,learned,-1,4.0,0.0312398374080657,0.0312398374080657,0.0
step-error-yes-no-v1,olympiadbench-746,olympiadbench,4,-1,0,0,learned,-1,4.0,-0.2449186742305755,-0.2449186742305755,0.0
step-error-yes-no-v1,math-717,math,2,-1,0,0,learned,-1,4.0,0.3852839469909668,0.3852839469909668,0.0
step-error-yes-no-v1,math-556,math,3,2,1,0,learned,-1,4.0,0.4621171057224273,0.4863359332084656,-0.0242188274860382
step-error-yes-no-v1,math-544,math,1,-1,0,0,learned,-1,4.0,0.7340714931488037,0.7267831563949585,0.0072883367538452
step-error-yes-no-v1,gsm8k-199,gsm8k,2,2,1,1,learned,-1,4.0,0.5213013291358948,0.5436869859695435,-0.0223856568336486
step-error-yes-no-v1,math-875,math,1,1,1,1,learned,-1,4.0,0.7615941166877747,0.7549536228179932,0.0066404938697814
step-error-yes-no-v1,olympiadbench-677,olympiadbench,0,1,0,0,learned,-1,4.0,0.2740616202354431,0.2740616202354431,0.0
step-error-yes-no-v1,math-466,math,5,2,1,0,learned,-1,4.0,0.4743163287639618,0.4863359332084656,-0.0120196044445037
step-error-yes-no-v1,omnimath-219,omnimath,0,1,0,0,learned,-1,4.0,0.6063475608825684,0.6161344051361084,-0.00978684425354
step-error-yes-no-v1,math-774,math,3,4,0,0,learned,-1,4.0,0.4115700721740722,0.3852839469909668,0.0262861251831054
step-error-yes-no-v1,omnimath-216,omnimath,4,2,1,0,learned,-1,4.0,-0.6443782448768616,-0.6443782448768616,0.0
step-error-yes-no-v1,omnimath-60,omnimath,2,1,1,0,learned,-1,4.0,0.6443782448768616,0.653423547744751,-0.0090453028678894
step-error-yes-no-v1,olympiadbench-634,olympiadbench,2,0,1,0,learned,-1,4.0,0.093476265668869,0.0624187588691711,0.0310575067996978
step-error-yes-no-v1,olympiadbench-339,olympiadbench,0,1,0,0,learned,-1,4.0,0.2153263688087463,0.2153263688087463,0.0
step-error-yes-no-v1,omnimath-628,omnimath,2,-1,0,0,learned,-1,4.0,-0.3852839469909668,-0.3852839469909668,0.0
step-error-yes-no-v1,olympiadbench-3,olympiadbench,4,3,1,0,learned,-1,4.0,-0.1853331923484802,-0.1853331923484802,0.0
step-error-yes-no-v1,math-679,math,4,2,1,0,learned,-1,4.0,0.1853331923484802,0.1853331923484802,0.0
step-error-yes-no-v1,olympiadbench-149,olympiadbench,2,1,1,0,learned,-1,4.0,-0.5653250217437744,-0.5862119197845459,0.0208868980407714
step-error-yes-no-v1,math-437,math,2,2,1,1,learned,-1,4.0,0.5545997619628906,0.5545997619628906,0.0
step-error-yes-no-v1,omnimath-213,omnimath,0,4,0,0,learned,-1,4.0,-0.0312398374080657,0.0,-0.0312398374080657
step-error-yes-no-v1,omnimath-705,omnimath,1,-1,0,0,learned,-1,4.0,0.6063475608825684,0.5963735580444336,0.0099740028381347
step-error-yes-no-v1,omnimath-205,omnimath,6,3,1,0,learned,-1,4.0,-0.2740616202354431,-0.2740616202354431,0.0
step-error-yes-no-v1,omnimath-640,omnimath,3,-1,0,0,learned,-1,4.0,-0.4621171057224273,-0.4115700721740722,-0.0505470335483551
step-error-yes-no-v1,omnimath-198,omnimath,3,3,1,1,learned,-1,4.0,-0.7340714931488037,-0.7411946058273315,0.0071231126785278
step-error-yes-no-v1,math-860,math,0,-1,0,0,learned,-1,4.0,0.3027097582817077,0.3027097582817077,0.0
step-error-yes-no-v1,math-725,math,1,2,0,0,learned,-1,4.0,-0.1853331923484802,-0.2153263688087463,0.0299931764602661
step-error-yes-no-v1,math-234,math,0,1,0,0,learned,-1,4.0,0.8198139667510986,0.8198139667510986,0.0
step-error-yes-no-v1,math-542,math,1,2,0,0,learned,-1,4.0,0.6877902150154114,0.6877902150154114,0.0
step-error-yes-no-v1,math-406,math,1,1,1,1,learned,-1,4.0,0.8392850756645203,0.8438436388969421,-0.0045585632324218
step-error-yes-no-v1,omnimath-48,omnimath,6,4,1,0,learned,-1,4.0,-0.3308211266994476,-0.3027097582817077,-0.0281113684177398
step-error-yes-no-v1,olympiadbench-494,olympiadbench,3,1,1,0,learned,-1,4.0,0.3852839469909668,0.3852839469909668,0.0
step-error-yes-no-v1,math-220,math,3,1,1,0,learned,-1,4.0,0.8093010187149048,0.8093010187149048,0.0
step-error-yes-no-v1,math-81,math,0,2,0,0,learned,-1,4.0,0.8198139667510986,0.8248723149299622,-0.0050583481788635
step-error-yes-no-v1,gsm8k-334,gsm8k,2,-1,0,0,learned,-1,4.0,-0.0156237185001373,-0.0156237185001373,0.0
step-error-yes-no-v1,omnimath-170,omnimath,0,1,0,0,learned,-1,4.0,0.4115700721740722,0.4115700721740722,0.0
step-error-yes-no-v1,math-1,math,8,9,0,0,learned,-1,4.0,-0.5098299980163574,-0.4863359332084656,-0.0234940648078918
step-error-yes-no-v1,omnimath-65,omnimath,4,5,0,0,learned,-1,4.0,0.0624187588691711,0.0624187588691711,0.0
step-error-yes-no-v1,gsm8k-225,gsm8k,1,-1,0,0,learned,-1,4.0,0.2449186742305755,0.2449186742305755,0.0
step-error-yes-no-v1,olympiadbench-257,olympiadbench,1,2,0,0,learned,-1,4.0,0.5098299980163574,0.5098299980163574,0.0
step-error-yes-no-v1,omnimath-559,omnimath,0,2,0,0,learned,-1,4.0,0.1853331923484802,0.1243530213832855,0.0609801709651947
step-error-yes-no-v1,math-739,math,7,5,1,0,learned,-1,4.0,-0.1853331923484802,-0.1853331923484802,0.0
step-error-yes-no-v1,omnimath-733,omnimath,5,-1,0,0,learned,-1,4.0,-0.2740616202354431,-0.3027097582817077,0.0286481380462646
step-error-yes-no-v1,omnimath-490,omnimath,6,5,1,0,learned,-1,4.0,0.0624187588691711,0.0624187588691711,0.0
step-error-yes-no-v1,olympiadbench-274,olympiadbench,5,4,1,0,learned,-1,4.0,-0.5653250217437744,-0.5545997619628906,-0.0107252597808837
step-error-yes-no-v1,gsm8k-59,gsm8k,2,2,1,1,learned,-1,4.0,0.5098299980163574,0.5098299980163574,0.0
step-error-yes-no-v1,omnimath-368,omnimath,5,3,1,0,learned,-1,4.0,-0.2301757037639618,-0.2153263688087463,-0.0148493349552154
step-error-yes-no-v1,omnimath-362,omnimath,0,1,0,0,learned,-1,4.0,0.0312398374080657,0.0312398374080657,0.0
step-error-yes-no-v1,olympiadbench-52,olympiadbench,0,3,0,0,learned,-1,4.0,0.2740616202354431,0.3027097582817077,-0.0286481380462646
step-error-yes-no-v1,math-766,math,4,5,0,0,learned,-1,4.0,0.7039056420326233,0.7039056420326233,0.0
step-error-yes-no-v1,math-7,math,1,2,0,0,learned,-1,4.0,0.5758624076843262,0.5758624076843262,0.0
step-error-yes-no-v1,olympiadbench-732,olympiadbench,7,-1,0,0,learned,-1,4.0,-0.2740616202354431,-0.2740616202354431,0.0
step-error-yes-no-v1,omnimath-29,omnimath,0,2,0,0,learned,-1,4.0,0.5098299980163574,0.5325872898101807,-0.0227572917938232
step-error-yes-no-v1,omnimath-861,omnimath,2,0,1,0,learned,-1,4.0,0.0,0.0,0.0
step-error-yes-no-v1,omnimath-167,omnimath,0,2,0,0,learned,-1,4.0,-0.0624187588691711,-0.0312398374080657,-0.0311789214611053
step-error-yes-no-v1,omnimath-885,omnimath,6,-1,0,0,learned,-1,4.0,-0.1243530213832855,-0.1243530213832855,0.0
step-error-yes-no-v1,olympiadbench-286,olympiadbench,2,1,1,0,learned,-1,4.0,-0.3446633815765381,-0.3446633815765381,0.0
step-error-yes-no-v1,math-157,math,7,1,1,0,learned,-1,4.0,0.0624187588691711,0.0312398374080657,0.0311789214611053
step-error-yes-no-v1,olympiadbench-8,olympiadbench,0,2,0,0,learned,-1,4.0,0.3308211266994476,0.3308211266994476,0.0
step-error-yes-no-v1,math-412,math,0,1,0,0,learned,-1,4.0,-0.3027097582817077,-0.3027097582817077,0.0
step-error-yes-no-v1,math-132,math,0,1,0,0,learned,-1,4.0,0.4863359332084656,0.4863359332084656,0.0
step-error-yes-no-v1,olympiadbench-365,olympiadbench,12,10,1,0,learned,-1,4.0,-0.6709671020507812,-0.653423547744751,-0.0175435543060302
step-error-yes-no-v1,omnimath-457,omnimath,11,9,1,0,learned,-1,4.0,-0.5862119197845459,-0.6063475608825684,0.0201356410980224
step-error-yes-no-v1,olympiadbench-232,olympiadbench,4,4,1,1,learned,-1,4.0,-0.4371887743473053,-0.4244643449783325,-0.0127244293689727
step-error-yes-no-v1,olympiadbench-836,olympiadbench,2,1,1,0,learned,-1,4.0,0.8146244883537292,0.8146244883537292,0.0
step-error-yes-no-v1,math-896,math,2,-1,0,0,learned,-1,4.0,0.5098299980163574,0.5098299980163574,0.0
step-error-yes-no-v1,gsm8k-170,gsm8k,2,1,1,0,learned,-1,4.0,0.2449186742305755,0.2153263688087463,0.0295923054218292
step-error-yes-no-v1,math-568,math,0,3,0,0,learned,-1,4.0,0.2884502410888672,0.3168350160121918,-0.0283847749233245
step-error-yes-no-v1,omnimath-369,omnimath,1,2,0,0,learned,-1,4.0,0.1549907624721527,0.1549907624721527,0.0
step-error-yes-no-v1,math-52,math,2,1,1,0,learned,-1,4.0,0.093476265668869,0.1243530213832855,-0.0308767557144165
step-error-yes-no-v1,gsm8k-304,gsm8k,0,-1,0,0,learned,-1,4.0,0.0624187588691711,0.0624187588691711,0.0
step-error-yes-no-v1,olympiadbench-867,olympiadbench,8,4,1,0,learned,-1,4.0,-0.3308211266994476,-0.3308211266994476,0.0
step-error-yes-no-v1,omnimath-524,omnimath,2,4,0,0,learned,-1,4.0,0.2449186742305755,0.2449186742305755,0.0
step-error-yes-no-v1,omnimath-736,omnimath,5,0,1,0,learned,-1,4.0,-0.6351489424705505,-0.6443782448768616,0.009229302406311
step-error-yes-no-v1,omnimath-234,omnimath,5,4,1,0,learned,-1,4.0,0.6709671020507812,0.6794679164886475,-0.0085008144378662
step-error-yes-no-v1,olympiadbench-998,olympiadbench,5,2,1,0,learned,-1,4.0,0.5098299980163574,0.5098299980163574,0.0
step-error-yes-no-v1,olympiadbench-228,olympiadbench,8,7,1,0,learned,-1,4.0,0.3583573997020721,0.3308211266994476,0.0275362730026245
step-error-yes-no-v1,omnimath-409,omnimath,2,7,0,0,learned,-1,4.0,0.5325872898101807,0.5325872898101807,0.0
step-error-yes-no-v1,omnimath-6,omnimath,4,4,1,1,learned,-1,4.0,0.1853331923484802,0.1853331923484802,0.0
step-error-yes-no-v1,math-747,math,2,-1,0,0,random_orthogonal,0,-4.0,0.719327449798584,0.7117023468017578,0.0076251029968261
step-error-yes-no-v1,olympiadbench-17,olympiadbench,7,6,1,0,random_orthogonal,0,-4.0,-0.3027097582817077,-0.3027097582817077,0.0
step-error-yes-no-v1,omnimath-335,omnimath,3,0,1,0,random_orthogonal,0,-4.0,-0.4371887743473053,-0.4743163287639618,0.0371275544166564
step-error-yes-no-v1,math-418,math,2,1,1,0,random_orthogonal,0,-4.0,0.6709671020507812,0.6709671020507812,0.0
step-error-yes-no-v1,omnimath-421,omnimath,4,3,1,0,random_orthogonal,0,-4.0,-0.3027097582817077,-0.2740616202354431,-0.0286481380462646
step-error-yes-no-v1,olympiadbench-72,olympiadbench,3,1,1,0,random_orthogonal,0,-4.0,0.6959354877471924,0.7117023468017578,-0.0157668590545654
step-error-yes-no-v1,math-372,math,3,3,1,1,random_orthogonal,0,-4.0,0.4863359332084656,0.4743163287639618,0.0120196044445037
step-error-yes-no-v1,math-163,math,1,3,0,0,random_orthogonal,0,-4.0,0.4371887743473053,0.4371887743473053,0.0
step-error-yes-no-v1,omnimath-531,omnimath,4,-1,0,0,random_orthogonal,0,-4.0,0.8146244883537292,0.8093010187149048,0.0053234696388244
step-error-yes-no-v1,math-437,math,2,2,1,1,random_orthogonal,0,-4.0,0.5325872898101807,0.5545997619628906,-0.0220124721527099
step-error-yes-no-v1,olympiadbench-9,olympiadbench,0,3,0,0,random_orthogonal,0,-4.0,0.1089409291744232,0.1089409291744232,0.0
step-error-yes-no-v1,olympiadbench-763,olympiadbench,8,2,1,0,random_orthogonal,0,-4.0,-0.1089409291744232,-0.093476265668869,-0.0154646635055542
step-error-yes-no-v1,omnimath-831,omnimath,0,-1,0,0,random_orthogonal,0,-4.0,0.4371887743473053,0.4115700721740722,0.025618702173233
step-error-yes-no-v1,omnimath-725,omnimath,9,-1,0,0,random_orthogonal,0,-4.0,-0.0312398374080657,-0.0624187588691711,0.0311789214611053
step-error-yes-no-v1,math-717,math,2,-1,0,0,random_orthogonal,0,-4.0,0.3852839469909668,0.3852839469909668,0.0
step-error-yes-no-v1,omnimath-628,omnimath,2,-1,0,0,random_orthogonal,0,-4.0,-0.3852839469909668,-0.3852839469909668,0.0
step-error-yes-no-v1,gsm8k-106,gsm8k,2,1,1,0,random_orthogonal,0,-4.0,-0.093476265668869,-0.093476265668869,0.0
step-error-yes-no-v1,math-563,math,4,2,1,0,random_orthogonal,0,-4.0,0.886695146560669,0.8833082914352417,0.0033868551254272
step-error-yes-no-v1,gsm8k-59,gsm8k,2,2,1,1,random_orthogonal,0,-4.0,0.5098299980163574,0.5098299980163574,0.0
step-error-yes-no-v1,math-632,math,1,-1,0,0,random_orthogonal,0,-4.0,0.7744091749191284,0.7680785655975342,0.0063306093215942
step-error-yes-no-v1,olympiadbench-275,olympiadbench,6,1,1,0,random_orthogonal,0,-4.0,-0.4244643449783325,-0.4115700721740722,-0.0128942728042602
step-error-yes-no-v1,math-304,math,1,3,0,0,random_orthogonal,0,-4.0,0.4981744289398193,0.5098299980163574,-0.011655569076538
step-error-yes-no-v1,omnimath-722,omnimath,7,4,1,0,random_orthogonal,0,-4.0,-0.4621171057224273,-0.4621171057224273,0.0
step-error-yes-no-v1,olympiadbench-545,olympiadbench,2,2,1,1,random_orthogonal,0,-4.0,-0.1853331923484802,-0.2153263688087463,0.0299931764602661
step-error-yes-no-v1,math-1,math,8,9,0,0,random_orthogonal,0,-4.0,-0.5098299980163574,-0.4863359332084656,-0.0234940648078918
step-error-yes-no-v1,omnimath-167,omnimath,0,2,0,0,random_orthogonal,0,-4.0,-0.093476265668869,-0.0312398374080657,-0.0622364282608032
step-error-yes-no-v1,omnimath-705,omnimath,1,-1,0,0,random_orthogonal,0,-4.0,0.5963735580444336,0.5963735580444336,0.0
step-error-yes-no-v1,gsm8k-208,gsm8k,1,4,0,0,random_orthogonal,0,-4.0,0.6709671020507812,0.6709671020507812,0.0
step-error-yes-no-v1,math-387,math,0,1,0,0,random_orthogonal,0,-4.0,0.5325872898101807,0.5325872898101807,0.0
step-error-yes-no-v1,omnimath-885,omnimath,6,-1,0,0,random_orthogonal,0,-4.0,-0.1243530213832855,-0.1243530213832855,0.0
step-error-yes-no-v1,math-157,math,7,1,1,0,random_orthogonal,0,-4.0,0.0312398374080657,0.0312398374080657,0.0
step-error-yes-no-v1,gsm8k-199,gsm8k,2,2,1,1,random_orthogonal,0,-4.0,0.5213013291358948,0.5436869859695435,-0.0223856568336486
step-error-yes-no-v1,math-747,math,2,-1,0,0,random_orthogonal,0,4.0,0.7039056420326233,0.7117023468017578,-0.0077967047691345
step-error-yes-no-v1,olympiadbench-17,olympiadbench,7,6,1,0,random_orthogonal,0,4.0,-0.3308211266994476,-0.3027097582817077,-0.0281113684177398
step-error-yes-no-v1,omnimath-335,omnimath,3,0,1,0,random_orthogonal,0,4.0,-0.4371887743473053,-0.4743163287639618,0.0371275544166564
step-error-yes-no-v1,math-418,math,2,1,1,0,random_orthogonal,0,4.0,0.6709671020507812,0.6709671020507812,0.0
step-error-yes-no-v1,omnimath-421,omnimath,4,3,1,0,random_orthogonal,0,4.0,-0.3027097582817077,-0.2740616202354431,-0.0286481380462646
step-error-yes-no-v1,olympiadbench-72,olympiadbench,3,1,1,0,random_orthogonal,0,4.0,0.7117023468017578,0.7117023468017578,0.0
step-error-yes-no-v1,math-372,math,3,3,1,1,random_orthogonal,0,4.0,0.4743163287639618,0.4743163287639618,0.0
step-error-yes-no-v1,math-163,math,1,3,0,0,random_orthogonal,0,4.0,0.4371887743473053,0.4371887743473053,0.0
step-error-yes-no-v1,omnimath-531,omnimath,4,-1,0,0,random_orthogonal,0,4.0,0.8198139667510986,0.8093010187149048,0.0105129480361938
step-error-yes-no-v1,math-437,math,2,2,1,1,random_orthogonal,0,4.0,0.5325872898101807,0.5545997619628906,-0.0220124721527099
step-error-yes-no-v1,olympiadbench-9,olympiadbench,0,3,0,0,random_orthogonal,0,4.0,0.1089409291744232,0.1089409291744232,0.0
step-error-yes-no-v1,olympiadbench-763,olympiadbench,8,2,1,0,random_orthogonal,0,4.0,-0.1089409291744232,-0.093476265668869,-0.0154646635055542
step-error-yes-no-v1,omnimath-831,omnimath,0,-1,0,0,random_orthogonal,0,4.0,0.4115700721740722,0.4115700721740722,0.0
step-error-yes-no-v1,omnimath-725,omnimath,9,-1,0,0,random_orthogonal,0,4.0,-0.0312398374080657,-0.0624187588691711,0.0311789214611053
step-error-yes-no-v1,math-717,math,2,-1,0,0,random_orthogonal,0,4.0,0.3852839469909668,0.3852839469909668,0.0
step-error-yes-no-v1,omnimath-628,omnimath,2,-1,0,0,random_orthogonal,0,4.0,-0.3852839469909668,-0.3852839469909668,0.0
step-error-yes-no-v1,gsm8k-106,gsm8k,2,1,1,0,random_orthogonal,0,4.0,-0.077966421842575,-0.093476265668869,0.0155098438262939
step-error-yes-no-v1,math-563,math,4,2,1,0,random_orthogonal,0,4.0,0.8833082914352417,0.8833082914352417,0.0
step-error-yes-no-v1,gsm8k-59,gsm8k,2,2,1,1,random_orthogonal,0,4.0,0.5098299980163574,0.5098299980163574,0.0
step-error-yes-no-v1,math-632,math,1,-1,0,0,random_orthogonal,0,4.0,0.7744091749191284,0.7680785655975342,0.0063306093215942
step-error-yes-no-v1,olympiadbench-275,olympiadbench,6,1,1,0,random_orthogonal,0,4.0,-0.4244643449783325,-0.4115700721740722,-0.0128942728042602
step-error-yes-no-v1,math-304,math,1,3,0,0,random_orthogonal,0,4.0,0.4981744289398193,0.5098299980163574,-0.011655569076538
step-error-yes-no-v1,omnimath-722,omnimath,7,4,1,0,random_orthogonal,0,4.0,-0.4621171057224273,-0.4621171057224273,0.0
step-error-yes-no-v1,olympiadbench-545,olympiadbench,2,2,1,1,random_orthogonal,0,4.0,-0.1853331923484802,-0.2153263688087463,0.0299931764602661
step-error-yes-no-v1,math-1,math,8,9,0,0,random_orthogonal,0,4.0,-0.4863359332084656,-0.4863359332084656,0.0
step-error-yes-no-v1,omnimath-167,omnimath,0,2,0,0,random_orthogonal,0,4.0,-0.1243530213832855,-0.0312398374080657,-0.0931131839752197
step-error-yes-no-v1,omnimath-705,omnimath,1,-1,0,0,random_orthogonal,0,4.0,0.6063475608825684,0.5963735580444336,0.0099740028381347
step-error-yes-no-v1,gsm8k-208,gsm8k,1,4,0,0,random_orthogonal,0,4.0,0.6709671020507812,0.6709671020507812,0.0
step-error-yes-no-v1,math-387,math,0,1,0,0,random_orthogonal,0,4.0,0.5098299980163574,0.5325872898101807,-0.0227572917938232
step-error-yes-no-v1,omnimath-885,omnimath,6,-1,0,0,random_orthogonal,0,4.0,-0.1243530213832855,-0.1243530213832855,0.0
step-error-yes-no-v1,math-157,math,7,1,1,0,random_orthogonal,0,4.0,0.0624187588691711,0.0312398374080657,0.0311789214611053
step-error-yes-no-v1,gsm8k-199,gsm8k,2,2,1,1,random_orthogonal,0,4.0,0.5098299980163574,0.5436869859695435,-0.033856987953186
step-error-yes-no-v1,math-747,math,2,-1,0,0,random_orthogonal,1,-4.0,0.719327449798584,0.7117023468017578,0.0076251029968261
step-error-yes-no-v1,olympiadbench-17,olympiadbench,7,6,1,0,random_orthogonal,1,-4.0,-0.3027097582817077,-0.3027097582817077,0.0
step-error-yes-no-v1,omnimath-335,omnimath,3,0,1,0,random_orthogonal,1,-4.0,-0.4621171057224273,-0.4743163287639618,0.0121992230415344
step-error-yes-no-v1,math-418,math,2,1,1,0,random_orthogonal,1,-4.0,0.6709671020507812,0.6709671020507812,0.0
step-error-yes-no-v1,omnimath-421,omnimath,4,3,1,0,random_orthogonal,1,-4.0,-0.2740616202354431,-0.2740616202354431,0.0
step-error-yes-no-v1,olympiadbench-72,olympiadbench,3,1,1,0,random_orthogonal,1,-4.0,0.7039056420326233,0.7117023468017578,-0.0077967047691345
step-error-yes-no-v1,math-372,math,3,3,1,1,random_orthogonal,1,-4.0,0.4981744289398193,0.4743163287639618,0.0238581001758575
step-error-yes-no-v1,math-163,math,1,3,0,0,random_orthogonal,1,-4.0,0.4371887743473053,0.4371887743473053,0.0
step-error-yes-no-v1,omnimath-531,omnimath,4,-1,0,0,random_orthogonal,1,-4.0,0.8093010187149048,0.8093010187149048,0.0
step-error-yes-no-v1,math-437,math,2,2,1,1,random_orthogonal,1,-4.0,0.5545997619628906,0.5545997619628906,0.0
step-error-yes-no-v1,olympiadbench-9,olympiadbench,0,3,0,0,random_orthogonal,1,-4.0,0.093476265668869,0.1089409291744232,-0.0154646635055542
step-error-yes-no-v1,olympiadbench-763,olympiadbench,8,2,1,0,random_orthogonal,1,-4.0,-0.1243530213832855,-0.093476265668869,-0.0308767557144165
step-error-yes-no-v1,omnimath-831,omnimath,0,-1,0,0,random_orthogonal,1,-4.0,0.4115700721740722,0.4115700721740722,0.0
step-error-yes-no-v1,omnimath-725,omnimath,9,-1,0,0,random_orthogonal,1,-4.0,-0.0624187588691711,-0.0624187588691711,0.0
step-error-yes-no-v1,math-717,math,2,-1,0,0,random_orthogonal,1,-4.0,0.4115700721740722,0.3852839469909668,0.0262861251831054
step-error-yes-no-v1,omnimath-628,omnimath,2,-1,0,0,random_orthogonal,1,-4.0,-0.3852839469909668,-0.3852839469909668,0.0
step-error-yes-no-v1,gsm8k-106,gsm8k,2,1,1,0,random_orthogonal,1,-4.0,-0.077966421842575,-0.093476265668869,0.0155098438262939
step-error-yes-no-v1,math-563,math,4,2,1,0,random_orthogonal,1,-4.0,0.886695146560669,0.8833082914352417,0.0033868551254272
step-error-yes-no-v1,gsm8k-59,gsm8k,2,2,1,1,random_orthogonal,1,-4.0,0.5098299980163574,0.5098299980163574,0.0
step-error-yes-no-v1,math-632,math,1,-1,0,0,random_orthogonal,1,-4.0,0.7680785655975342,0.7680785655975342,0.0
step-error-yes-no-v1,olympiadbench-275,olympiadbench,6,1,1,0,random_orthogonal,1,-4.0,-0.4371887743473053,-0.4115700721740722,-0.025618702173233
step-error-yes-no-v1,math-304,math,1,3,0,0,random_orthogonal,1,-4.0,0.4981744289398193,0.5098299980163574,-0.011655569076538
step-error-yes-no-v1,omnimath-722,omnimath,7,4,1,0,random_orthogonal,1,-4.0,-0.4621171057224273,-0.4621171057224273,0.0
step-error-yes-no-v1,olympiadbench-545,olympiadbench,2,2,1,1,random_orthogonal,1,-4.0,-0.2153263688087463,-0.2153263688087463,0.0
step-error-yes-no-v1,math-1,math,8,9,0,0,random_orthogonal,1,-4.0,-0.4863359332084656,-0.4863359332084656,0.0
step-error-yes-no-v1,omnimath-167,omnimath,0,2,0,0,random_orthogonal,1,-4.0,-0.1243530213832855,-0.0312398374080657,-0.0931131839752197
step-error-yes-no-v1,omnimath-705,omnimath,1,-1,0,0,random_orthogonal,1,-4.0,0.6063475608825684,0.5963735580444336,0.0099740028381347
step-error-yes-no-v1,gsm8k-208,gsm8k,1,4,0,0,random_orthogonal,1,-4.0,0.6709671020507812,0.6709671020507812,0.0
step-error-yes-no-v1,math-387,math,0,1,0,0,random_orthogonal,1,-4.0,0.5325872898101807,0.5325872898101807,0.0
step-error-yes-no-v1,omnimath-885,omnimath,6,-1,0,0,random_orthogonal,1,-4.0,-0.1549907624721527,-0.1243530213832855,-0.0306377410888671
step-error-yes-no-v1,math-157,math,7,1,1,0,random_orthogonal,1,-4.0,0.0312398374080657,0.0312398374080657,0.0
step-error-yes-no-v1,gsm8k-199,gsm8k,2,2,1,1,random_orthogonal,1,-4.0,0.5325872898101807,0.5436869859695435,-0.0110996961593627
step-error-yes-no-v1,math-747,math,2,-1,0,0,random_orthogonal,1,4.0,0.7039056420326233,0.7117023468017578,-0.0077967047691345
step-error-yes-no-v1,olympiadbench-17,olympiadbench,7,6,1,0,random_orthogonal,1,4.0,-0.3308211266994476,-0.3027097582817077,-0.0281113684177398
step-error-yes-no-v1,omnimath-335,omnimath,3,0,1,0,random_orthogonal,1,4.0,-0.4497405886650085,-0.4743163287639618,0.0245757400989532
step-error-yes-no-v1,math-418,math,2,1,1,0,random_orthogonal,1,4.0,0.6709671020507812,0.6709671020507812,0.0
step-error-yes-no-v1,omnimath-421,omnimath,4,3,1,0,random_orthogonal,1,4.0,-0.3027097582817077,-0.2740616202354431,-0.0286481380462646
step-error-yes-no-v1,olympiadbench-72,olympiadbench,3,1,1,0,random_orthogonal,1,4.0,0.7039056420326233,0.7117023468017578,-0.0077967047691345
step-error-yes-no-v1,math-372,math,3,3,1,1,random_orthogonal,1,4.0,0.4743163287639618,0.4743163287639618,0.0
step-error-yes-no-v1,math-163,math,1,3,0,0,random_orthogonal,1,4.0,0.4371887743473053,0.4371887743473053,0.0
step-error-yes-no-v1,omnimath-531,omnimath,4,-1,0,0,random_orthogonal,1,4.0,0.8198139667510986,0.8093010187149048,0.0105129480361938
step-error-yes-no-v1,math-437,math,2,2,1,1,random_orthogonal,1,4.0,0.5545997619628906,0.5545997619628906,0.0
step-error-yes-no-v1,olympiadbench-9,olympiadbench,0,3,0,0,random_orthogonal,1,4.0,0.1243530213832855,0.1089409291744232,0.0154120922088623
step-error-yes-no-v1,olympiadbench-763,olympiadbench,8,2,1,0,random_orthogonal,1,4.0,-0.077966421842575,-0.093476265668869,0.0155098438262939
step-error-yes-no-v1,omnimath-831,omnimath,0,-1,0,0,random_orthogonal,1,4.0,0.4115700721740722,0.4115700721740722,0.0
step-error-yes-no-v1,omnimath-725,omnimath,9,-1,0,0,random_orthogonal,1,4.0,-0.0624187588691711,-0.0624187588691711,0.0
step-error-yes-no-v1,math-717,math,2,-1,0,0,random_orthogonal,1,4.0,0.4115700721740722,0.3852839469909668,0.0262861251831054
step-error-yes-no-v1,omnimath-628,omnimath,2,-1,0,0,random_orthogonal,1,4.0,-0.3852839469909668,-0.3852839469909668,0.0
step-error-yes-no-v1,gsm8k-106,gsm8k,2,1,1,0,random_orthogonal,1,4.0,-0.1089409291744232,-0.093476265668869,-0.0154646635055542
step-error-yes-no-v1,math-563,math,4,2,1,0,random_orthogonal,1,4.0,0.886695146560669,0.8833082914352417,0.0033868551254272
step-error-yes-no-v1,gsm8k-59,gsm8k,2,2,1,1,random_orthogonal,1,4.0,0.5098299980163574,0.5098299980163574,0.0
step-error-yes-no-v1,math-632,math,1,-1,0,0,random_orthogonal,1,4.0,0.7866188287734985,0.7680785655975342,0.0185402631759643
step-error-yes-no-v1,olympiadbench-275,olympiadbench,6,1,1,0,random_orthogonal,1,4.0,-0.4371887743473053,-0.4115700721740722,-0.025618702173233
step-error-yes-no-v1,math-304,math,1,3,0,0,random_orthogonal,1,4.0,0.4981744289398193,0.5098299980163574,-0.011655569076538
step-error-yes-no-v1,omnimath-722,omnimath,7,4,1,0,random_orthogonal,1,4.0,-0.4863359332084656,-0.4621171057224273,-0.0242188274860382
step-error-yes-no-v1,olympiadbench-545,olympiadbench,2,2,1,1,random_orthogonal,1,4.0,-0.1853331923484802,-0.2153263688087463,0.0299931764602661
step-error-yes-no-v1,math-1,math,8,9,0,0,random_orthogonal,1,4.0,-0.5098299980163574,-0.4863359332084656,-0.0234940648078918
step-error-yes-no-v1,omnimath-167,omnimath,0,2,0,0,random_orthogonal,1,4.0,-0.093476265668869,-0.0312398374080657,-0.0622364282608032
step-error-yes-no-v1,omnimath-705,omnimath,1,-1,0,0,random_orthogonal,1,4.0,0.5963735580444336,0.5963735580444336,0.0
step-error-yes-no-v1,gsm8k-208,gsm8k,1,4,0,0,random_orthogonal,1,4.0,0.6709671020507812,0.6709671020507812,0.0
step-error-yes-no-v1,math-387,math,0,1,0,0,random_orthogonal,1,4.0,0.5325872898101807,0.5325872898101807,0.0
step-error-yes-no-v1,omnimath-885,omnimath,6,-1,0,0,random_orthogonal,1,4.0,-0.1243530213832855,-0.1243530213832855,0.0
step-error-yes-no-v1,math-157,math,7,1,1,0,random_orthogonal,1,4.0,0.0312398374080657,0.0312398374080657,0.0
step-error-yes-no-v1,gsm8k-199,gsm8k,2,2,1,1,random_orthogonal,1,4.0,0.5213013291358948,0.5436869859695435,-0.0223856568336486
step-error-yes-no-v1,math-747,math,2,-1,0,0,random_orthogonal,2,-4.0,0.719327449798584,0.7117023468017578,0.0076251029968261
step-error-yes-no-v1,olympiadbench-17,olympiadbench,7,6,1,0,random_orthogonal,2,-4.0,-0.3308211266994476,-0.3027097582817077,-0.0281113684177398
step-error-yes-no-v1,omnimath-335,omnimath,3,0,1,0,random_orthogonal,2,-4.0,-0.4497405886650085,-0.4743163287639618,0.0245757400989532
step-error-yes-no-v1,math-418,math,2,1,1,0,random_orthogonal,2,-4.0,0.662286102771759,0.6709671020507812,-0.0086809992790222
step-error-yes-no-v1,omnimath-421,omnimath,4,3,1,0,random_orthogonal,2,-4.0,-0.2740616202354431,-0.2740616202354431,0.0
step-error-yes-no-v1,olympiadbench-72,olympiadbench,3,1,1,0,random_orthogonal,2,-4.0,0.7039056420326233,0.7117023468017578,-0.0077967047691345
step-error-yes-no-v1,math-372,math,3,3,1,1,random_orthogonal,2,-4.0,0.4743163287639618,0.4743163287639618,0.0
step-error-yes-no-v1,math-163,math,1,3,0,0,random_orthogonal,2,-4.0,0.4371887743473053,0.4371887743473053,0.0
step-error-yes-no-v1,omnimath-531,omnimath,4,-1,0,0,random_orthogonal,2,-4.0,0.8146244883537292,0.8093010187149048,0.0053234696388244
step-error-yes-no-v1,math-437,math,2,2,1,1,random_orthogonal,2,-4.0,0.5545997619628906,0.5545997619628906,0.0
step-error-yes-no-v1,olympiadbench-9,olympiadbench,0,3,0,0,random_orthogonal,2,-4.0,0.1243530213832855,0.1089409291744232,0.0154120922088623
step-error-yes-no-v1,olympiadbench-763,olympiadbench,8,2,1,0,random_orthogonal,2,-4.0,-0.1243530213832855,-0.093476265668869,-0.0308767557144165
step-error-yes-no-v1,omnimath-831,omnimath,0,-1,0,0,random_orthogonal,2,-4.0,0.4115700721740722,0.4115700721740722,0.0
step-error-yes-no-v1,omnimath-725,omnimath,9,-1,0,0,random_orthogonal,2,-4.0,-0.0312398374080657,-0.0624187588691711,0.0311789214611053
step-error-yes-no-v1,math-717,math,2,-1,0,0,random_orthogonal,2,-4.0,0.3852839469909668,0.3852839469909668,0.0
step-error-yes-no-v1,omnimath-628,omnimath,2,-1,0,0,random_orthogonal,2,-4.0,-0.3583573997020721,-0.3852839469909668,0.0269265472888946
step-error-yes-no-v1,gsm8k-106,gsm8k,2,1,1,0,random_orthogonal,2,-4.0,-0.1089409291744232,-0.093476265668869,-0.0154646635055542
step-error-yes-no-v1,math-563,math,4,2,1,0,random_orthogonal,2,-4.0,0.8798266649246216,0.8833082914352417,-0.0034816265106201
step-error-yes-no-v1,gsm8k-59,gsm8k,2,2,1,1,random_orthogonal,2,-4.0,0.5098299980163574,0.5098299980163574,0.0
step-error-yes-no-v1,math-632,math,1,-1,0,0,random_orthogonal,2,-4.0,0.7805885076522827,0.7680785655975342,0.0125099420547485
step-error-yes-no-v1,olympiadbench-275,olympiadbench,6,1,1,0,random_orthogonal,2,-4.0,-0.4244643449783325,-0.4115700721740722,-0.0128942728042602
step-error-yes-no-v1,math-304,math,1,3,0,0,random_orthogonal,2,-4.0,0.5098299980163574,0.5098299980163574,0.0
step-error-yes-no-v1,omnimath-722,omnimath,7,4,1,0,random_orthogonal,2,-4.0,-0.5098299980163574,-0.4621171057224273,-0.04771289229393
step-error-yes-no-v1,olympiadbench-545,olympiadbench,2,2,1,1,random_orthogonal,2,-4.0,-0.2153263688087463,-0.2153263688087463,0.0
step-error-yes-no-v1,math-1,math,8,9,0,0,random_orthogonal,2,-4.0,-0.4863359332084656,-0.4863359332084656,0.0
step-error-yes-no-v1,omnimath-167,omnimath,0,2,0,0,random_orthogonal,2,-4.0,-0.0624187588691711,-0.0312398374080657,-0.0311789214611053
step-error-yes-no-v1,omnimath-705,omnimath,1,-1,0,0,random_orthogonal,2,-4.0,0.5862119197845459,0.5963735580444336,-0.0101616382598876
step-error-yes-no-v1,gsm8k-208,gsm8k,1,4,0,0,random_orthogonal,2,-4.0,0.662286102771759,0.6709671020507812,-0.0086809992790222
step-error-yes-no-v1,math-387,math,0,1,0,0,random_orthogonal,2,-4.0,0.5098299980163574,0.5325872898101807,-0.0227572917938232
step-error-yes-no-v1,omnimath-885,omnimath,6,-1,0,0,random_orthogonal,2,-4.0,-0.1243530213832855,-0.1243530213832855,0.0
step-error-yes-no-v1,math-157,math,7,1,1,0,random_orthogonal,2,-4.0,0.0312398374080657,0.0312398374080657,0.0
step-error-yes-no-v1,gsm8k-199,gsm8k,2,2,1,1,random_orthogonal,2,-4.0,0.5436869859695435,0.5436869859695435,0.0
step-error-yes-no-v1,math-747,math,2,-1,0,0,random_orthogonal,2,4.0,0.7039056420326233,0.7117023468017578,-0.0077967047691345
step-error-yes-no-v1,olympiadbench-17,olympiadbench,7,6,1,0,random_orthogonal,2,4.0,-0.3308211266994476,-0.3027097582817077,-0.0281113684177398
step-error-yes-no-v1,omnimath-335,omnimath,3,0,1,0,random_orthogonal,2,4.0,-0.4497405886650085,-0.4743163287639618,0.0245757400989532
step-error-yes-no-v1,math-418,math,2,1,1,0,random_orthogonal,2,4.0,0.6709671020507812,0.6709671020507812,0.0
step-error-yes-no-v1,omnimath-421,omnimath,4,3,1,0,random_orthogonal,2,4.0,-0.3027097582817077,-0.2740616202354431,-0.0286481380462646
step-error-yes-no-v1,olympiadbench-72,olympiadbench,3,1,1,0,random_orthogonal,2,4.0,0.7117023468017578,0.7117023468017578,0.0
step-error-yes-no-v1,math-372,math,3,3,1,1,random_orthogonal,2,4.0,0.4743163287639618,0.4743163287639618,0.0
step-error-yes-no-v1,math-163,math,1,3,0,0,random_orthogonal,2,4.0,0.4863359332084656,0.4371887743473053,0.0491471588611602
step-error-yes-no-v1,omnimath-531,omnimath,4,-1,0,0,random_orthogonal,2,4.0,0.8146244883537292,0.8093010187149048,0.0053234696388244
step-error-yes-no-v1,math-437,math,2,2,1,1,random_orthogonal,2,4.0,0.5325872898101807,0.5545997619628906,-0.0220124721527099
step-error-yes-no-v1,olympiadbench-9,olympiadbench,0,3,0,0,random_orthogonal,2,4.0,0.1089409291744232,0.1089409291744232,0.0
step-error-yes-no-v1,olympiadbench-763,olympiadbench,8,2,1,0,random_orthogonal,2,4.0,-0.1089409291744232,-0.093476265668869,-0.0154646635055542
step-error-yes-no-v1,omnimath-831,omnimath,0,-1,0,0,random_orthogonal,2,4.0,0.4115700721740722,0.4115700721740722,0.0
step-error-yes-no-v1,omnimath-725,omnimath,9,-1,0,0,random_orthogonal,2,4.0,-0.0312398374080657,-0.0624187588691711,0.0311789214611053
step-error-yes-no-v1,math-717,math,2,-1,0,0,random_orthogonal,2,4.0,0.3852839469909668,0.3852839469909668,0.0
step-error-yes-no-v1,omnimath-628,omnimath,2,-1,0,0,random_orthogonal,2,4.0,-0.3852839469909668,-0.3852839469909668,0.0
step-error-yes-no-v1,gsm8k-106,gsm8k,2,1,1,0,random_orthogonal,2,4.0,-0.093476265668869,-0.093476265668869,0.0
step-error-yes-no-v1,math-563,math,4,2,1,0,random_orthogonal,2,4.0,0.8833082914352417,0.8833082914352417,0.0
step-error-yes-no-v1,gsm8k-59,gsm8k,2,2,1,1,random_orthogonal,2,4.0,0.5098299980163574,0.5098299980163574,0.0
step-error-yes-no-v1,math-632,math,1,-1,0,0,random_orthogonal,2,4.0,0.7744091749191284,0.7680785655975342,0.0063306093215942
step-error-yes-no-v1,olympiadbench-275,olympiadbench,6,1,1,0,random_orthogonal,2,4.0,-0.4371887743473053,-0.4115700721740722,-0.025618702173233
step-error-yes-no-v1,math-304,math,1,3,0,0,random_orthogonal,2,4.0,0.5098299980163574,0.5098299980163574,0.0
step-error-yes-no-v1,omnimath-722,omnimath,7,4,1,0,random_orthogonal,2,4.0,-0.4863359332084656,-0.4621171057224273,-0.0242188274860382
step-error-yes-no-v1,olympiadbench-545,olympiadbench,2,2,1,1,random_orthogonal,2,4.0,-0.2153263688087463,-0.2153263688087463,0.0
step-error-yes-no-v1,math-1,math,8,9,0,0,random_orthogonal,2,4.0,-0.4863359332084656,-0.4863359332084656,0.0
step-error-yes-no-v1,omnimath-167,omnimath,0,2,0,0,random_orthogonal,2,4.0,-0.093476265668869,-0.0312398374080657,-0.0622364282608032
step-error-yes-no-v1,omnimath-705,omnimath,1,-1,0,0,random_orthogonal,2,4.0,0.6063475608825684,0.5963735580444336,0.0099740028381347
step-error-yes-no-v1,gsm8k-208,gsm8k,1,4,0,0,random_orthogonal,2,4.0,0.6709671020507812,0.6709671020507812,0.0
step-error-yes-no-v1,math-387,math,0,1,0,0,random_orthogonal,2,4.0,0.5325872898101807,0.5325872898101807,0.0
step-error-yes-no-v1,omnimath-885,omnimath,6,-1,0,0,random_orthogonal,2,4.0,-0.1243530213832855,-0.1243530213832855,0.0
step-error-yes-no-v1,math-157,math,7,1,1,0,random_orthogonal,2,4.0,0.0312398374080657,0.0312398374080657,0.0
step-error-yes-no-v1,gsm8k-199,gsm8k,2,2,1,1,random_orthogonal,2,4.0,0.5325872898101807,0.5436869859695435,-0.0110996961593627
step-error-yes-no-v1,math-747,math,2,-1,0,0,random_orthogonal,3,-4.0,0.7117023468017578,0.7117023468017578,0.0
step-error-yes-no-v1,olympiadbench-17,olympiadbench,7,6,1,0,random_orthogonal,3,-4.0,-0.3027097582817077,-0.3027097582817077,0.0
step-error-yes-no-v1,omnimath-335,omnimath,3,0,1,0,random_orthogonal,3,-4.0,-0.4371887743473053,-0.4743163287639618,0.0371275544166564
step-error-yes-no-v1,math-418,math,2,1,1,0,random_orthogonal,3,-4.0,0.662286102771759,0.6709671020507812,-0.0086809992790222
step-error-yes-no-v1,omnimath-421,omnimath,4,3,1,0,random_orthogonal,3,-4.0,-0.2740616202354431,-0.2740616202354431,0.0
step-error-yes-no-v1,olympiadbench-72,olympiadbench,3,1,1,0,random_orthogonal,3,-4.0,0.7117023468017578,0.7117023468017578,0.0
step-error-yes-no-v1,math-372,math,3,3,1,1,random_orthogonal,3,-4.0,0.4743163287639618,0.4743163287639618,0.0
step-error-yes-no-v1,math-163,math,1,3,0,0,random_orthogonal,3,-4.0,0.4621171057224273,0.4371887743473053,0.024928331375122
step-error-yes-no-v1,omnimath-531,omnimath,4,-1,0,0,random_orthogonal,3,-4.0,0.8146244883537292,0.8093010187149048,0.0053234696388244
step-error-yes-no-v1,math-437,math,2,2,1,1,random_orthogonal,3,-4.0,0.5325872898101807,0.5545997619628906,-0.0220124721527099
step-error-yes-no-v1,olympiadbench-9,olympiadbench,0,3,0,0,random_orthogonal,3,-4.0,0.1243530213832855,0.1089409291744232,0.0154120922088623
step-error-yes-no-v1,olympiadbench-763,olympiadbench,8,2,1,0,random_orthogonal,3,-4.0,-0.1397053301334381,-0.093476265668869,-0.046229064464569
step-error-yes-no-v1,omnimath-831,omnimath,0,-1,0,0,random_orthogonal,3,-4.0,0.4115700721740722,0.4115700721740722,0.0
step-error-yes-no-v1,omnimath-725,omnimath,9,-1,0,0,random_orthogonal,3,-4.0,-0.0312398374080657,-0.0624187588691711,0.0311789214611053
step-error-yes-no-v1,math-717,math,2,-1,0,0,random_orthogonal,3,-4.0,0.3852839469909668,0.3852839469909668,0.0
step-error-yes-no-v1,omnimath-628,omnimath,2,-1,0,0,random_orthogonal,3,-4.0,-0.3583573997020721,-0.3852839469909668,0.0269265472888946
step-error-yes-no-v1,gsm8k-106,gsm8k,2,1,1,0,random_orthogonal,3,-4.0,-0.1089409291744232,-0.093476265668869,-0.0154646635055542
step-error-yes-no-v1,math-563,math,4,2,1,0,random_orthogonal,3,-4.0,0.8833082914352417,0.8833082914352417,0.0
step-error-yes-no-v1,gsm8k-59,gsm8k,2,2,1,1,random_orthogonal,3,-4.0,0.5098299980163574,0.5098299980163574,0.0
step-error-yes-no-v1,math-632,math,1,-1,0,0,random_orthogonal,3,-4.0,0.7805885076522827,0.7680785655975342,0.0125099420547485
step-error-yes-no-v1,olympiadbench-275,olympiadbench,6,1,1,0,random_orthogonal,3,-4.0,-0.4371887743473053,-0.4115700721740722,-0.025618702173233
step-error-yes-no-v1,math-304,math,1,3,0,0,random_orthogonal,3,-4.0,0.4981744289398193,0.5098299980163574,-0.011655569076538
step-error-yes-no-v1,omnimath-722,omnimath,7,4,1,0,random_orthogonal,3,-4.0,-0.4863359332084656,-0.4621171057224273,-0.0242188274860382
step-error-yes-no-v1,olympiadbench-545,olympiadbench,2,2,1,1,random_orthogonal,3,-4.0,-0.1853331923484802,-0.2153263688087463,0.0299931764602661
step-error-yes-no-v1,math-1,math,8,9,0,0,random_orthogonal,3,-4.0,-0.5098299980163574,-0.4863359332084656,-0.0234940648078918
step-error-yes-no-v1,omnimath-167,omnimath,0,2,0,0,random_orthogonal,3,-4.0,-0.093476265668869,-0.0312398374080657,-0.0622364282608032
step-error-yes-no-v1,omnimath-705,omnimath,1,-1,0,0,random_orthogonal,3,-4.0,0.6063475608825684,0.5963735580444336,0.0099740028381347
step-error-yes-no-v1,gsm8k-208,gsm8k,1,4,0,0,random_orthogonal,3,-4.0,0.6709671020507812,0.6709671020507812,0.0
step-error-yes-no-v1,math-387,math,0,1,0,0,random_orthogonal,3,-4.0,0.5325872898101807,0.5325872898101807,0.0
step-error-yes-no-v1,omnimath-885,omnimath,6,-1,0,0,random_orthogonal,3,-4.0,-0.1243530213832855,-0.1243530213832855,0.0
step-error-yes-no-v1,math-157,math,7,1,1,0,random_orthogonal,3,-4.0,0.0,0.0312398374080657,-0.0312398374080657
step-error-yes-no-v1,gsm8k-199,gsm8k,2,2,1,1,random_orthogonal,3,-4.0,0.5325872898101807,0.5436869859695435,-0.0110996961593627
step-error-yes-no-v1,math-747,math,2,-1,0,0,random_orthogonal,3,4.0,0.719327449798584,0.7117023468017578,0.0076251029968261
step-error-yes-no-v1,olympiadbench-17,olympiadbench,7,6,1,0,random_orthogonal,3,4.0,-0.3027097582817077,-0.3027097582817077,0.0
step-error-yes-no-v1,omnimath-335,omnimath,3,0,1,0,random_orthogonal,3,4.0,-0.4371887743473053,-0.4743163287639618,0.0371275544166564
step-error-yes-no-v1,math-418,math,2,1,1,0,random_orthogonal,3,4.0,0.6709671020507812,0.6709671020507812,0.0
step-error-yes-no-v1,omnimath-421,omnimath,4,3,1,0,random_orthogonal,3,4.0,-0.2740616202354431,-0.2740616202354431,0.0
step-error-yes-no-v1,olympiadbench-72,olympiadbench,3,1,1,0,random_orthogonal,3,4.0,0.7039056420326233,0.7117023468017578,-0.0077967047691345
step-error-yes-no-v1,math-372,math,3,3,1,1,random_orthogonal,3,4.0,0.4743163287639618,0.4743163287639618,0.0
step-error-yes-no-v1,math-163,math,1,3,0,0,random_orthogonal,3,4.0,0.4371887743473053,0.4371887743473053,0.0
step-error-yes-no-v1,omnimath-531,omnimath,4,-1,0,0,random_orthogonal,3,4.0,0.8146244883537292,0.8093010187149048,0.0053234696388244
step-error-yes-no-v1,math-437,math,2,2,1,1,random_orthogonal,3,4.0,0.5545997619628906,0.5545997619628906,0.0
step-error-yes-no-v1,olympiadbench-9,olympiadbench,0,3,0,0,random_orthogonal,3,4.0,0.1243530213832855,0.1089409291744232,0.0154120922088623
step-error-yes-no-v1,olympiadbench-763,olympiadbench,8,2,1,0,random_orthogonal,3,4.0,-0.1243530213832855,-0.093476265668869,-0.0308767557144165
step-error-yes-no-v1,omnimath-831,omnimath,0,-1,0,0,random_orthogonal,3,4.0,0.4115700721740722,0.4115700721740722,0.0
step-error-yes-no-v1,omnimath-725,omnimath,9,-1,0,0,random_orthogonal,3,4.0,-0.0312398374080657,-0.0624187588691711,0.0311789214611053
step-error-yes-no-v1,math-717,math,2,-1,0,0,random_orthogonal,3,4.0,0.4115700721740722,0.3852839469909668,0.0262861251831054
step-error-yes-no-v1,omnimath-628,omnimath,2,-1,0,0,random_orthogonal,3,4.0,-0.3852839469909668,-0.3852839469909668,0.0
step-error-yes-no-v1,gsm8k-106,gsm8k,2,1,1,0,random_orthogonal,3,4.0,-0.093476265668869,-0.093476265668869,0.0
step-error-yes-no-v1,math-563,math,4,2,1,0,random_orthogonal,3,4.0,0.886695146560669,0.8833082914352417,0.0033868551254272
step-error-yes-no-v1,gsm8k-59,gsm8k,2,2,1,1,random_orthogonal,3,4.0,0.5098299980163574,0.5098299980163574,0.0
step-error-yes-no-v1,math-632,math,1,-1,0,0,random_orthogonal,3,4.0,0.7744091749191284,0.7680785655975342,0.0063306093215942
step-error-yes-no-v1,olympiadbench-275,olympiadbench,6,1,1,0,random_orthogonal,3,4.0,-0.4244643449783325,-0.4115700721740722,-0.0128942728042602
step-error-yes-no-v1,math-304,math,1,3,0,0,random_orthogonal,3,4.0,0.4981744289398193,0.5098299980163574,-0.011655569076538
step-error-yes-no-v1,omnimath-722,omnimath,7,4,1,0,random_orthogonal,3,4.0,-0.4863359332084656,-0.4621171057224273,-0.0242188274860382
step-error-yes-no-v1,olympiadbench-545,olympiadbench,2,2,1,1,random_orthogonal,3,4.0,-0.1853331923484802,-0.2153263688087463,0.0299931764602661
step-error-yes-no-v1,math-1,math,8,9,0,0,random_orthogonal,3,4.0,-0.5098299980163574,-0.4863359332084656,-0.0234940648078918
step-error-yes-no-v1,omnimath-167,omnimath,0,2,0,0,random_orthogonal,3,4.0,-0.093476265668869,-0.0312398374080657,-0.0622364282608032
step-error-yes-no-v1,omnimath-705,omnimath,1,-1,0,0,random_orthogonal,3,4.0,0.6063475608825684,0.5963735580444336,0.0099740028381347
step-error-yes-no-v1,gsm8k-208,gsm8k,1,4,0,0,random_orthogonal,3,4.0,0.6709671020507812,0.6709671020507812,0.0
step-error-yes-no-v1,math-387,math,0,1,0,0,random_orthogonal,3,4.0,0.5325872898101807,0.5325872898101807,0.0
step-error-yes-no-v1,omnimath-885,omnimath,6,-1,0,0,random_orthogonal,3,4.0,-0.1243530213832855,-0.1243530213832855,0.0
step-error-yes-no-v1,math-157,math,7,1,1,0,random_orthogonal,3,4.0,0.0312398374080657,0.0312398374080657,0.0
step-error-yes-no-v1,gsm8k-199,gsm8k,2,2,1,1,random_orthogonal,3,4.0,0.5098299980163574,0.5436869859695435,-0.033856987953186
step-error-yes-no-v1,math-747,math,2,-1,0,0,random_orthogonal,4,-4.0,0.719327449798584,0.7117023468017578,0.0076251029968261
step-error-yes-no-v1,olympiadbench-17,olympiadbench,7,6,1,0,random_orthogonal,4,-4.0,-0.3027097582817077,-0.3027097582817077,0.0
step-error-yes-no-v1,omnimath-335,omnimath,3,0,1,0,random_orthogonal,4,-4.0,-0.4371887743473053,-0.4743163287639618,0.0371275544166564
step-error-yes-no-v1,math-418,math,2,1,1,0,random_orthogonal,4,-4.0,0.6709671020507812,0.6709671020507812,0.0
step-error-yes-no-v1,omnimath-421,omnimath,4,3,1,0,random_orthogonal,4,-4.0,-0.2740616202354431,-0.2740616202354431,0.0
step-error-yes-no-v1,olympiadbench-72,olympiadbench,3,1,1,0,random_orthogonal,4,-4.0,0.7117023468017578,0.7117023468017578,0.0
step-error-yes-no-v1,math-372,math,3,3,1,1,random_orthogonal,4,-4.0,0.4863359332084656,0.4743163287639618,0.0120196044445037
step-error-yes-no-v1,math-163,math,1,3,0,0,random_orthogonal,4,-4.0,0.4371887743473053,0.4371887743473053,0.0
step-error-yes-no-v1,omnimath-531,omnimath,4,-1,0,0,random_orthogonal,4,-4.0,0.8093010187149048,0.8093010187149048,0.0
step-error-yes-no-v1,math-437,math,2,2,1,1,random_orthogonal,4,-4.0,0.5545997619628906,0.5545997619628906,0.0
step-error-yes-no-v1,olympiadbench-9,olympiadbench,0,3,0,0,random_orthogonal,4,-4.0,0.1089409291744232,0.1089409291744232,0.0
step-error-yes-no-v1,olympiadbench-763,olympiadbench,8,2,1,0,random_orthogonal,4,-4.0,-0.1397053301334381,-0.093476265668869,-0.046229064464569
step-error-yes-no-v1,omnimath-831,omnimath,0,-1,0,0,random_orthogonal,4,-4.0,0.4371887743473053,0.4115700721740722,0.025618702173233
step-error-yes-no-v1,omnimath-725,omnimath,9,-1,0,0,random_orthogonal,4,-4.0,-0.0312398374080657,-0.0624187588691711,0.0311789214611053
step-error-yes-no-v1,math-717,math,2,-1,0,0,random_orthogonal,4,-4.0,0.3852839469909668,0.3852839469909668,0.0
step-error-yes-no-v1,omnimath-628,omnimath,2,-1,0,0,random_orthogonal,4,-4.0,-0.3852839469909668,-0.3852839469909668,0.0
step-error-yes-no-v1,gsm8k-106,gsm8k,2,1,1,0,random_orthogonal,4,-4.0,-0.1089409291744232,-0.093476265668869,-0.0154646635055542
step-error-yes-no-v1,math-563,math,4,2,1,0,random_orthogonal,4,-4.0,0.8833082914352417,0.8833082914352417,0.0
step-error-yes-no-v1,gsm8k-59,gsm8k,2,2,1,1,random_orthogonal,4,-4.0,0.5098299980163574,0.5098299980163574,0.0
step-error-yes-no-v1,math-632,math,1,-1,0,0,random_orthogonal,4,-4.0,0.7805885076522827,0.7680785655975342,0.0125099420547485
step-error-yes-no-v1,olympiadbench-275,olympiadbench,6,1,1,0,random_orthogonal,4,-4.0,-0.4371887743473053,-0.4115700721740722,-0.025618702173233
step-error-yes-no-v1,math-304,math,1,3,0,0,random_orthogonal,4,-4.0,0.5098299980163574,0.5098299980163574,0.0
step-error-yes-no-v1,omnimath-722,omnimath,7,4,1,0,random_orthogonal,4,-4.0,-0.4863359332084656,-0.4621171057224273,-0.0242188274860382
step-error-yes-no-v1,olympiadbench-545,olympiadbench,2,2,1,1,random_orthogonal,4,-4.0,-0.1853331923484802,-0.2153263688087463,0.0299931764602661
step-error-yes-no-v1,math-1,math,8,9,0,0,random_orthogonal,4,-4.0,-0.4863359332084656,-0.4863359332084656,0.0
step-error-yes-no-v1,omnimath-167,omnimath,0,2,0,0,random_orthogonal,4,-4.0,-0.093476265668869,-0.0312398374080657,-0.0622364282608032
step-error-yes-no-v1,omnimath-705,omnimath,1,-1,0,0,random_orthogonal,4,-4.0,0.5963735580444336,0.5963735580444336,0.0
step-error-yes-no-v1,gsm8k-208,gsm8k,1,4,0,0,random_orthogonal,4,-4.0,0.6709671020507812,0.6709671020507812,0.0
step-error-yes-no-v1,math-387,math,0,1,0,0,random_orthogonal,4,-4.0,0.5098299980163574,0.5325872898101807,-0.0227572917938232
step-error-yes-no-v1,omnimath-885,omnimath,6,-1,0,0,random_orthogonal,4,-4.0,-0.1243530213832855,-0.1243530213832855,0.0
step-error-yes-no-v1,math-157,math,7,1,1,0,random_orthogonal,4,-4.0,0.0624187588691711,0.0312398374080657,0.0311789214611053
step-error-yes-no-v1,gsm8k-199,gsm8k,2,2,1,1,random_orthogonal,4,-4.0,0.5213013291358948,0.5436869859695435,-0.0223856568336486
step-error-yes-no-v1,math-747,math,2,-1,0,0,random_orthogonal,4,4.0,0.719327449798584,0.7117023468017578,0.0076251029968261
step-error-yes-no-v1,olympiadbench-17,olympiadbench,7,6,1,0,random_orthogonal,4,4.0,-0.3308211266994476,-0.3027097582817077,-0.0281113684177398
step-error-yes-no-v1,omnimath-335,omnimath,3,0,1,0,random_orthogonal,4,4.0,-0.4621171057224273,-0.4743163287639618,0.0121992230415344
step-error-yes-no-v1,math-418,math,2,1,1,0,random_orthogonal,4,4.0,0.6709671020507812,0.6709671020507812,0.0
step-error-yes-no-v1,omnimath-421,omnimath,4,3,1,0,random_orthogonal,4,4.0,-0.2740616202354431,-0.2740616202354431,0.0
step-error-yes-no-v1,olympiadbench-72,olympiadbench,3,1,1,0,random_orthogonal,4,4.0,0.7117023468017578,0.7117023468017578,0.0
step-error-yes-no-v1,math-372,math,3,3,1,1,random_orthogonal,4,4.0,0.4743163287639618,0.4743163287639618,0.0
step-error-yes-no-v1,math-163,math,1,3,0,0,random_orthogonal,4,4.0,0.4621171057224273,0.4371887743473053,0.024928331375122
step-error-yes-no-v1,omnimath-531,omnimath,4,-1,0,0,random_orthogonal,4,4.0,0.8146244883537292,0.8093010187149048,0.0053234696388244
step-error-yes-no-v1,math-437,math,2,2,1,1,random_orthogonal,4,4.0,0.5325872898101807,0.5545997619628906,-0.0220124721527099
step-error-yes-no-v1,olympiadbench-9,olympiadbench,0,3,0,0,random_orthogonal,4,4.0,0.1089409291744232,0.1089409291744232,0.0
step-error-yes-no-v1,olympiadbench-763,olympiadbench,8,2,1,0,random_orthogonal,4,4.0,-0.1089409291744232,-0.093476265668869,-0.0154646635055542
step-error-yes-no-v1,omnimath-831,omnimath,0,-1,0,0,random_orthogonal,4,4.0,0.4371887743473053,0.4115700721740722,0.025618702173233
step-error-yes-no-v1,omnimath-725,omnimath,9,-1,0,0,random_orthogonal,4,4.0,-0.0624187588691711,-0.0624187588691711,0.0
step-error-yes-no-v1,math-717,math,2,-1,0,0,random_orthogonal,4,4.0,0.4115700721740722,0.3852839469909668,0.0262861251831054
step-error-yes-no-v1,omnimath-628,omnimath,2,-1,0,0,random_orthogonal,4,4.0,-0.3583573997020721,-0.3852839469909668,0.0269265472888946
step-error-yes-no-v1,gsm8k-106,gsm8k,2,1,1,0,random_orthogonal,4,4.0,-0.093476265668869,-0.093476265668869,0.0
step-error-yes-no-v1,math-563,math,4,2,1,0,random_orthogonal,4,4.0,0.8899893760681152,0.8833082914352417,0.0066810846328735
step-error-yes-no-v1,gsm8k-59,gsm8k,2,2,1,1,random_orthogonal,4,4.0,0.5098299980163574,0.5098299980163574,0.0
step-error-yes-no-v1,math-632,math,1,-1,0,0,random_orthogonal,4,4.0,0.7805885076522827,0.7680785655975342,0.0125099420547485
step-error-yes-no-v1,olympiadbench-275,olympiadbench,6,1,1,0,random_orthogonal,4,4.0,-0.4244643449783325,-0.4115700721740722,-0.0128942728042602
step-error-yes-no-v1,math-304,math,1,3,0,0,random_orthogonal,4,4.0,0.5098299980163574,0.5098299980163574,0.0
step-error-yes-no-v1,omnimath-722,omnimath,7,4,1,0,random_orthogonal,4,4.0,-0.4863359332084656,-0.4621171057224273,-0.0242188274860382
step-error-yes-no-v1,olympiadbench-545,olympiadbench,2,2,1,1,random_orthogonal,4,4.0,-0.1853331923484802,-0.2153263688087463,0.0299931764602661
step-error-yes-no-v1,math-1,math,8,9,0,0,random_orthogonal,4,4.0,-0.5098299980163574,-0.4863359332084656,-0.0234940648078918
step-error-yes-no-v1,omnimath-167,omnimath,0,2,0,0,random_orthogonal,4,4.0,-0.093476265668869,-0.0312398374080657,-0.0622364282608032
step-error-yes-no-v1,omnimath-705,omnimath,1,-1,0,0,random_orthogonal,4,4.0,0.5963735580444336,0.5963735580444336,0.0
step-error-yes-no-v1,gsm8k-208,gsm8k,1,4,0,0,random_orthogonal,4,4.0,0.6709671020507812,0.6709671020507812,0.0
step-error-yes-no-v1,math-387,math,0,1,0,0,random_orthogonal,4,4.0,0.5098299980163574,0.5325872898101807,-0.0227572917938232
step-error-yes-no-v1,omnimath-885,omnimath,6,-1,0,0,random_orthogonal,4,4.0,-0.1243530213832855,-0.1243530213832855,0.0
step-error-yes-no-v1,math-157,math,7,1,1,0,random_orthogonal,4,4.0,0.0312398374080657,0.0312398374080657,0.0
step-error-yes-no-v1,gsm8k-199,gsm8k,2,2,1,1,random_orthogonal,4,4.0,0.5098299980163574,0.5436869859695435,-0.033856987953186
step-error-yes-no-v1,math-747,math,2,-1,0,0,random_orthogonal,5,-4.0,0.7117023468017578,0.7117023468017578,0.0
step-error-yes-no-v1,olympiadbench-17,olympiadbench,7,6,1,0,random_orthogonal,5,-4.0,-0.3583573997020721,-0.3027097582817077,-0.0556476414203643
step-error-yes-no-v1,omnimath-335,omnimath,3,0,1,0,random_orthogonal,5,-4.0,-0.4497405886650085,-0.4743163287639618,0.0245757400989532
step-error-yes-no-v1,math-418,math,2,1,1,0,random_orthogonal,5,-4.0,0.6794679164886475,0.6709671020507812,0.0085008144378662
step-error-yes-no-v1,omnimath-421,omnimath,4,3,1,0,random_orthogonal,5,-4.0,-0.3027097582817077,-0.2740616202354431,-0.0286481380462646
step-error-yes-no-v1,olympiadbench-72,olympiadbench,3,1,1,0,random_orthogonal,5,-4.0,0.7117023468017578,0.7117023468017578,0.0
step-error-yes-no-v1,math-372,math,3,3,1,1,random_orthogonal,5,-4.0,0.4863359332084656,0.4743163287639618,0.0120196044445037
step-error-yes-no-v1,math-163,math,1,3,0,0,random_orthogonal,5,-4.0,0.4621171057224273,0.4371887743473053,0.024928331375122
step-error-yes-no-v1,omnimath-531,omnimath,4,-1,0,0,random_orthogonal,5,-4.0,0.8146244883537292,0.8093010187149048,0.0053234696388244
step-error-yes-no-v1,math-437,math,2,2,1,1,random_orthogonal,5,-4.0,0.5545997619628906,0.5545997619628906,0.0
step-error-yes-no-v1,olympiadbench-9,olympiadbench,0,3,0,0,random_orthogonal,5,-4.0,0.1243530213832855,0.1089409291744232,0.0154120922088623
step-error-yes-no-v1,olympiadbench-763,olympiadbench,8,2,1,0,random_orthogonal,5,-4.0,-0.1397053301334381,-0.093476265668869,-0.046229064464569
step-error-yes-no-v1,omnimath-831,omnimath,0,-1,0,0,random_orthogonal,5,-4.0,0.3852839469909668,0.4115700721740722,-0.0262861251831054
step-error-yes-no-v1,omnimath-725,omnimath,9,-1,0,0,random_orthogonal,5,-4.0,-0.0624187588691711,-0.0624187588691711,0.0
step-error-yes-no-v1,math-717,math,2,-1,0,0,random_orthogonal,5,-4.0,0.4115700721740722,0.3852839469909668,0.0262861251831054
step-error-yes-no-v1,omnimath-628,omnimath,2,-1,0,0,random_orthogonal,5,-4.0,-0.3583573997020721,-0.3852839469909668,0.0269265472888946
step-error-yes-no-v1,gsm8k-106,gsm8k,2,1,1,0,random_orthogonal,5,-4.0,-0.1089409291744232,-0.093476265668869,-0.0154646635055542
step-error-yes-no-v1,math-563,math,4,2,1,0,random_orthogonal,5,-4.0,0.8899893760681152,0.8833082914352417,0.0066810846328735
step-error-yes-no-v1,gsm8k-59,gsm8k,2,2,1,1,random_orthogonal,5,-4.0,0.5098299980163574,0.5098299980163574,0.0
step-error-yes-no-v1,math-632,math,1,-1,0,0,random_orthogonal,5,-4.0,0.7744091749191284,0.7680785655975342,0.0063306093215942
step-error-yes-no-v1,olympiadbench-275,olympiadbench,6,1,1,0,random_orthogonal,5,-4.0,-0.4115700721740722,-0.4115700721740722,0.0
step-error-yes-no-v1,math-304,math,1,3,0,0,random_orthogonal,5,-4.0,0.4981744289398193,0.5098299980163574,-0.011655569076538
step-error-yes-no-v1,omnimath-722,omnimath,7,4,1,0,random_orthogonal,5,-4.0,-0.4621171057224273,-0.4621171057224273,0.0
step-error-yes-no-v1,olympiadbench-545,olympiadbench,2,2,1,1,random_orthogonal,5,-4.0,-0.2153263688087463,-0.2153263688087463,0.0
step-error-yes-no-v1,math-1,math,8,9,0,0,random_orthogonal,5,-4.0,-0.4863359332084656,-0.4863359332084656,0.0
step-error-yes-no-v1,omnimath-167,omnimath,0,2,0,0,random_orthogonal,5,-4.0,-0.1243530213832855,-0.0312398374080657,-0.0931131839752197
step-error-yes-no-v1,omnimath-705,omnimath,1,-1,0,0,random_orthogonal,5,-4.0,0.5963735580444336,0.5963735580444336,0.0
step-error-yes-no-v1,gsm8k-208,gsm8k,1,4,0,0,random_orthogonal,5,-4.0,0.662286102771759,0.6709671020507812,-0.0086809992790222
step-error-yes-no-v1,math-387,math,0,1,0,0,random_orthogonal,5,-4.0,0.5325872898101807,0.5325872898101807,0.0
step-error-yes-no-v1,omnimath-885,omnimath,6,-1,0,0,random_orthogonal,5,-4.0,-0.1243530213832855,-0.1243530213832855,0.0
step-error-yes-no-v1,math-157,math,7,1,1,0,random_orthogonal,5,-4.0,0.0312398374080657,0.0312398374080657,0.0
step-error-yes-no-v1,gsm8k-199,gsm8k,2,2,1,1,random_orthogonal,5,-4.0,0.5213013291358948,0.5436869859695435,-0.0223856568336486
step-error-yes-no-v1,math-747,math,2,-1,0,0,random_orthogonal,5,4.0,0.7039056420326233,0.7117023468017578,-0.0077967047691345
step-error-yes-no-v1,olympiadbench-17,olympiadbench,7,6,1,0,random_orthogonal,5,4.0,-0.3027097582817077,-0.3027097582817077,0.0
step-error-yes-no-v1,omnimath-335,omnimath,3,0,1,0,random_orthogonal,5,4.0,-0.4497405886650085,-0.4743163287639618,0.0245757400989532
step-error-yes-no-v1,math-418,math,2,1,1,0,random_orthogonal,5,4.0,0.662286102771759,0.6709671020507812,-0.0086809992790222
step-error-yes-no-v1,omnimath-421,omnimath,4,3,1,0,random_orthogonal,5,4.0,-0.2740616202354431,-0.2740616202354431,0.0
step-error-yes-no-v1,olympiadbench-72,olympiadbench,3,1,1,0,random_orthogonal,5,4.0,0.7039056420326233,0.7117023468017578,-0.0077967047691345
step-error-yes-no-v1,math-372,math,3,3,1,1,random_orthogonal,5,4.0,0.4621171057224273,0.4743163287639618,-0.0121992230415344
step-error-yes-no-v1,math-163,math,1,3,0,0,random_orthogonal,5,4.0,0.4863359332084656,0.4371887743473053,0.0491471588611602
step-error-yes-no-v1,omnimath-531,omnimath,4,-1,0,0,random_orthogonal,5,4.0,0.8093010187149048,0.8093010187149048,0.0
step-error-yes-no-v1,math-437,math,2,2,1,1,random_orthogonal,5,4.0,0.5545997619628906,0.5545997619628906,0.0
step-error-yes-no-v1,olympiadbench-9,olympiadbench,0,3,0,0,random_orthogonal,5,4.0,0.1243530213832855,0.1089409291744232,0.0154120922088623
step-error-yes-no-v1,olympiadbench-763,olympiadbench,8,2,1,0,random_orthogonal,5,4.0,-0.1089409291744232,-0.093476265668869,-0.0154646635055542
step-error-yes-no-v1,omnimath-831,omnimath,0,-1,0,0,random_orthogonal,5,4.0,0.4115700721740722,0.4115700721740722,0.0
step-error-yes-no-v1,omnimath-725,omnimath,9,-1,0,0,random_orthogonal,5,4.0,-0.0624187588691711,-0.0624187588691711,0.0
step-error-yes-no-v1,math-717,math,2,-1,0,0,random_orthogonal,5,4.0,0.3852839469909668,0.3852839469909668,0.0
step-error-yes-no-v1,omnimath-628,omnimath,2,-1,0,0,random_orthogonal,5,4.0,-0.3583573997020721,-0.3852839469909668,0.0269265472888946
step-error-yes-no-v1,gsm8k-106,gsm8k,2,1,1,0,random_orthogonal,5,4.0,-0.077966421842575,-0.093476265668869,0.0155098438262939
step-error-yes-no-v1,math-563,math,4,2,1,0,random_orthogonal,5,4.0,0.886695146560669,0.8833082914352417,0.0033868551254272
step-error-yes-no-v1,gsm8k-59,gsm8k,2,2,1,1,random_orthogonal,5,4.0,0.5098299980163574,0.5098299980163574,0.0
step-error-yes-no-v1,math-632,math,1,-1,0,0,random_orthogonal,5,4.0,0.7805885076522827,0.7680785655975342,0.0125099420547485
step-error-yes-no-v1,olympiadbench-275,olympiadbench,6,1,1,0,random_orthogonal,5,4.0,-0.4115700721740722,-0.4115700721740722,0.0
step-error-yes-no-v1,math-304,math,1,3,0,0,random_orthogonal,5,4.0,0.5213013291358948,0.5098299980163574,0.0114713311195373
step-error-yes-no-v1,omnimath-722,omnimath,7,4,1,0,random_orthogonal,5,4.0,-0.4863359332084656,-0.4621171057224273,-0.0242188274860382
step-error-yes-no-v1,olympiadbench-545,olympiadbench,2,2,1,1,random_orthogonal,5,4.0,-0.1853331923484802,-0.2153263688087463,0.0299931764602661
step-error-yes-no-v1,math-1,math,8,9,0,0,random_orthogonal,5,4.0,-0.4863359332084656,-0.4863359332084656,0.0
step-error-yes-no-v1,omnimath-167,omnimath,0,2,0,0,random_orthogonal,5,4.0,-0.0624187588691711,-0.0312398374080657,-0.0311789214611053
step-error-yes-no-v1,omnimath-705,omnimath,1,-1,0,0,random_orthogonal,5,4.0,0.5963735580444336,0.5963735580444336,0.0
step-error-yes-no-v1,gsm8k-208,gsm8k,1,4,0,0,random_orthogonal,5,4.0,0.662286102771759,0.6709671020507812,-0.0086809992790222
step-error-yes-no-v1,math-387,math,0,1,0,0,random_orthogonal,5,4.0,0.5325872898101807,0.5325872898101807,0.0
step-error-yes-no-v1,omnimath-885,omnimath,6,-1,0,0,random_orthogonal,5,4.0,-0.1549907624721527,-0.1243530213832855,-0.0306377410888671
step-error-yes-no-v1,math-157,math,7,1,1,0,random_orthogonal,5,4.0,0.0312398374080657,0.0312398374080657,0.0
step-error-yes-no-v1,gsm8k-199,gsm8k,2,2,1,1,random_orthogonal,5,4.0,0.5098299980163574,0.5436869859695435,-0.033856987953186
step-error-yes-no-v1,math-747,math,2,-1,0,0,random_orthogonal,6,-4.0,0.719327449798584,0.7117023468017578,0.0076251029968261
step-error-yes-no-v1,olympiadbench-17,olympiadbench,7,6,1,0,random_orthogonal,6,-4.0,-0.3308211266994476,-0.3027097582817077,-0.0281113684177398
step-error-yes-no-v1,omnimath-335,omnimath,3,0,1,0,random_orthogonal,6,-4.0,-0.4371887743473053,-0.4743163287639618,0.0371275544166564
step-error-yes-no-v1,math-418,math,2,1,1,0,random_orthogonal,6,-4.0,0.662286102771759,0.6709671020507812,-0.0086809992790222
step-error-yes-no-v1,omnimath-421,omnimath,4,3,1,0,random_orthogonal,6,-4.0,-0.3027097582817077,-0.2740616202354431,-0.0286481380462646
step-error-yes-no-v1,olympiadbench-72,olympiadbench,3,1,1,0,random_orthogonal,6,-4.0,0.7117023468017578,0.7117023468017578,0.0
step-error-yes-no-v1,math-372,math,3,3,1,1,random_orthogonal,6,-4.0,0.4743163287639618,0.4743163287639618,0.0
step-error-yes-no-v1,math-163,math,1,3,0,0,random_orthogonal,6,-4.0,0.4371887743473053,0.4371887743473053,0.0
step-error-yes-no-v1,omnimath-531,omnimath,4,-1,0,0,random_orthogonal,6,-4.0,0.8146244883537292,0.8093010187149048,0.0053234696388244
step-error-yes-no-v1,math-437,math,2,2,1,1,random_orthogonal,6,-4.0,0.5325872898101807,0.5545997619628906,-0.0220124721527099
step-error-yes-no-v1,olympiadbench-9,olympiadbench,0,3,0,0,random_orthogonal,6,-4.0,0.1243530213832855,0.1089409291744232,0.0154120922088623
step-error-yes-no-v1,olympiadbench-763,olympiadbench,8,2,1,0,random_orthogonal,6,-4.0,-0.1243530213832855,-0.093476265668869,-0.0308767557144165
step-error-yes-no-v1,omnimath-831,omnimath,0,-1,0,0,random_orthogonal,6,-4.0,0.4115700721740722,0.4115700721740722,0.0
step-error-yes-no-v1,omnimath-725,omnimath,9,-1,0,0,random_orthogonal,6,-4.0,-0.0312398374080657,-0.0624187588691711,0.0311789214611053
step-error-yes-no-v1,math-717,math,2,-1,0,0,random_orthogonal,6,-4.0,0.4115700721740722,0.3852839469909668,0.0262861251831054
step-error-yes-no-v1,omnimath-628,omnimath,2,-1,0,0,random_orthogonal,6,-4.0,-0.3583573997020721,-0.3852839469909668,0.0269265472888946
step-error-yes-no-v1,gsm8k-106,gsm8k,2,1,1,0,random_orthogonal,6,-4.0,-0.1089409291744232,-0.093476265668869,-0.0154646635055542
step-error-yes-no-v1,math-563,math,4,2,1,0,random_orthogonal,6,-4.0,0.8833082914352417,0.8833082914352417,0.0
step-error-yes-no-v1,gsm8k-59,gsm8k,2,2,1,1,random_orthogonal,6,-4.0,0.5098299980163574,0.5098299980163574,0.0
step-error-yes-no-v1,math-632,math,1,-1,0,0,random_orthogonal,6,-4.0,0.7680785655975342,0.7680785655975342,0.0
step-error-yes-no-v1,olympiadbench-275,olympiadbench,6,1,1,0,random_orthogonal,6,-4.0,-0.4371887743473053,-0.4115700721740722,-0.025618702173233
step-error-yes-no-v1,math-304,math,1,3,0,0,random_orthogonal,6,-4.0,0.5098299980163574,0.5098299980163574,0.0
step-error-yes-no-v1,omnimath-722,omnimath,7,4,1,0,random_orthogonal,6,-4.0,-0.4621171057224273,-0.4621171057224273,0.0
step-error-yes-no-v1,olympiadbench-545,olympiadbench,2,2,1,1,random_orthogonal,6,-4.0,-0.1853331923484802,-0.2153263688087463,0.0299931764602661
step-error-yes-no-v1,math-1,math,8,9,0,0,random_orthogonal,6,-4.0,-0.4863359332084656,-0.4863359332084656,0.0
step-error-yes-no-v1,omnimath-167,omnimath,0,2,0,0,random_orthogonal,6,-4.0,-0.093476265668869,-0.0312398374080657,-0.0622364282608032
step-error-yes-no-v1,omnimath-705,omnimath,1,-1,0,0,random_orthogonal,6,-4.0,0.5963735580444336,0.5963735580444336,0.0
step-error-yes-no-v1,gsm8k-208,gsm8k,1,4,0,0,random_orthogonal,6,-4.0,0.662286102771759,0.6709671020507812,-0.0086809992790222
step-error-yes-no-v1,math-387,math,0,1,0,0,random_orthogonal,6,-4.0,0.5325872898101807,0.5325872898101807,0.0
step-error-yes-no-v1,omnimath-885,omnimath,6,-1,0,0,random_orthogonal,6,-4.0,-0.1243530213832855,-0.1243530213832855,0.0
step-error-yes-no-v1,math-157,math,7,1,1,0,random_orthogonal,6,-4.0,0.0312398374080657,0.0312398374080657,0.0
step-error-yes-no-v1,gsm8k-199,gsm8k,2,2,1,1,random_orthogonal,6,-4.0,0.5436869859695435,0.5436869859695435,0.0
step-error-yes-no-v1,math-747,math,2,-1,0,0,random_orthogonal,6,4.0,0.719327449798584,0.7117023468017578,0.0076251029968261
step-error-yes-no-v1,olympiadbench-17,olympiadbench,7,6,1,0,random_orthogonal,6,4.0,-0.3308211266994476,-0.3027097582817077,-0.0281113684177398
step-error-yes-no-v1,omnimath-335,omnimath,3,0,1,0,random_orthogonal,6,4.0,-0.4371887743473053,-0.4743163287639618,0.0371275544166564
step-error-yes-no-v1,math-418,math,2,1,1,0,random_orthogonal,6,4.0,0.6709671020507812,0.6709671020507812,0.0
step-error-yes-no-v1,omnimath-421,omnimath,4,3,1,0,random_orthogonal,6,4.0,-0.3027097582817077,-0.2740616202354431,-0.0286481380462646
step-error-yes-no-v1,olympiadbench-72,olympiadbench,3,1,1,0,random_orthogonal,6,4.0,0.7039056420326233,0.7117023468017578,-0.0077967047691345
step-error-yes-no-v1,math-372,math,3,3,1,1,random_orthogonal,6,4.0,0.4621171057224273,0.4743163287639618,-0.0121992230415344
step-error-yes-no-v1,math-163,math,1,3,0,0,random_orthogonal,6,4.0,0.4621171057224273,0.4371887743473053,0.024928331375122
step-error-yes-no-v1,omnimath-531,omnimath,4,-1,0,0,random_orthogonal,6,4.0,0.8093010187149048,0.8093010187149048,0.0
step-error-yes-no-v1,math-437,math,2,2,1,1,random_orthogonal,6,4.0,0.5545997619628906,0.5545997619628906,0.0
step-error-yes-no-v1,olympiadbench-9,olympiadbench,0,3,0,0,random_orthogonal,6,4.0,0.1089409291744232,0.1089409291744232,0.0
step-error-yes-no-v1,olympiadbench-763,olympiadbench,8,2,1,0,random_orthogonal,6,4.0,-0.093476265668869,-0.093476265668869,0.0
step-error-yes-no-v1,omnimath-831,omnimath,0,-1,0,0,random_orthogonal,6,4.0,0.4115700721740722,0.4115700721740722,0.0
step-error-yes-no-v1,omnimath-725,omnimath,9,-1,0,0,random_orthogonal,6,4.0,-0.0624187588691711,-0.0624187588691711,0.0
step-error-yes-no-v1,math-717,math,2,-1,0,0,random_orthogonal,6,4.0,0.3852839469909668,0.3852839469909668,0.0
step-error-yes-no-v1,omnimath-628,omnimath,2,-1,0,0,random_orthogonal,6,4.0,-0.3852839469909668,-0.3852839469909668,0.0
step-error-yes-no-v1,gsm8k-106,gsm8k,2,1,1,0,random_orthogonal,6,4.0,-0.1089409291744232,-0.093476265668869,-0.0154646635055542
step-error-yes-no-v1,math-563,math,4,2,1,0,random_orthogonal,6,4.0,0.8899893760681152,0.8833082914352417,0.0066810846328735
step-error-yes-no-v1,gsm8k-59,gsm8k,2,2,1,1,random_orthogonal,6,4.0,0.5098299980163574,0.5098299980163574,0.0
step-error-yes-no-v1,math-632,math,1,-1,0,0,random_orthogonal,6,4.0,0.7680785655975342,0.7680785655975342,0.0
step-error-yes-no-v1,olympiadbench-275,olympiadbench,6,1,1,0,random_orthogonal,6,4.0,-0.4115700721740722,-0.4115700721740722,0.0
step-error-yes-no-v1,math-304,math,1,3,0,0,random_orthogonal,6,4.0,0.4981744289398193,0.5098299980163574,-0.011655569076538
step-error-yes-no-v1,omnimath-722,omnimath,7,4,1,0,random_orthogonal,6,4.0,-0.4863359332084656,-0.4621171057224273,-0.0242188274860382
step-error-yes-no-v1,olympiadbench-545,olympiadbench,2,2,1,1,random_orthogonal,6,4.0,-0.2153263688087463,-0.2153263688087463,0.0
step-error-yes-no-v1,math-1,math,8,9,0,0,random_orthogonal,6,4.0,-0.4863359332084656,-0.4863359332084656,0.0
step-error-yes-no-v1,omnimath-167,omnimath,0,2,0,0,random_orthogonal,6,4.0,-0.093476265668869,-0.0312398374080657,-0.0622364282608032
step-error-yes-no-v1,omnimath-705,omnimath,1,-1,0,0,random_orthogonal,6,4.0,0.6063475608825684,0.5963735580444336,0.0099740028381347
step-error-yes-no-v1,gsm8k-208,gsm8k,1,4,0,0,random_orthogonal,6,4.0,0.662286102771759,0.6709671020507812,-0.0086809992790222
step-error-yes-no-v1,math-387,math,0,1,0,0,random_orthogonal,6,4.0,0.5325872898101807,0.5325872898101807,0.0
step-error-yes-no-v1,omnimath-885,omnimath,6,-1,0,0,random_orthogonal,6,4.0,-0.1243530213832855,-0.1243530213832855,0.0
step-error-yes-no-v1,math-157,math,7,1,1,0,random_orthogonal,6,4.0,0.0624187588691711,0.0312398374080657,0.0311789214611053
step-error-yes-no-v1,gsm8k-199,gsm8k,2,2,1,1,random_orthogonal,6,4.0,0.5098299980163574,0.5436869859695435,-0.033856987953186
step-error-yes-no-v1,math-747,math,2,-1,0,0,random_orthogonal,7,-4.0,0.719327449798584,0.7117023468017578,0.0076251029968261
step-error-yes-no-v1,olympiadbench-17,olympiadbench,7,6,1,0,random_orthogonal,7,-4.0,-0.3027097582817077,-0.3027097582817077,0.0
step-error-yes-no-v1,omnimath-335,omnimath,3,0,1,0,random_orthogonal,7,-4.0,-0.4621171057224273,-0.4743163287639618,0.0121992230415344
step-error-yes-no-v1,math-418,math,2,1,1,0,random_orthogonal,7,-4.0,0.662286102771759,0.6709671020507812,-0.0086809992790222
step-error-yes-no-v1,omnimath-421,omnimath,4,3,1,0,random_orthogonal,7,-4.0,-0.2740616202354431,-0.2740616202354431,0.0
step-error-yes-no-v1,olympiadbench-72,olympiadbench,3,1,1,0,random_orthogonal,7,-4.0,0.7039056420326233,0.7117023468017578,-0.0077967047691345
step-error-yes-no-v1,math-372,math,3,3,1,1,random_orthogonal,7,-4.0,0.4863359332084656,0.4743163287639618,0.0120196044445037
step-error-yes-no-v1,math-163,math,1,3,0,0,random_orthogonal,7,-4.0,0.4621171057224273,0.4371887743473053,0.024928331375122
step-error-yes-no-v1,omnimath-531,omnimath,4,-1,0,0,random_orthogonal,7,-4.0,0.8146244883537292,0.8093010187149048,0.0053234696388244
step-error-yes-no-v1,math-437,math,2,2,1,1,random_orthogonal,7,-4.0,0.5545997619628906,0.5545997619628906,0.0
step-error-yes-no-v1,olympiadbench-9,olympiadbench,0,3,0,0,random_orthogonal,7,-4.0,0.1089409291744232,0.1089409291744232,0.0
step-error-yes-no-v1,olympiadbench-763,olympiadbench,8,2,1,0,random_orthogonal,7,-4.0,-0.1243530213832855,-0.093476265668869,-0.0308767557144165
step-error-yes-no-v1,omnimath-831,omnimath,0,-1,0,0,random_orthogonal,7,-4.0,0.4115700721740722,0.4115700721740722,0.0
step-error-yes-no-v1,omnimath-725,omnimath,9,-1,0,0,random_orthogonal,7,-4.0,-0.0624187588691711,-0.0624187588691711,0.0
step-error-yes-no-v1,math-717,math,2,-1,0,0,random_orthogonal,7,-4.0,0.4115700721740722,0.3852839469909668,0.0262861251831054
step-error-yes-no-v1,omnimath-628,omnimath,2,-1,0,0,random_orthogonal,7,-4.0,-0.3852839469909668,-0.3852839469909668,0.0
step-error-yes-no-v1,gsm8k-106,gsm8k,2,1,1,0,random_orthogonal,7,-4.0,-0.093476265668869,-0.093476265668869,0.0
step-error-yes-no-v1,math-563,math,4,2,1,0,random_orthogonal,7,-4.0,0.886695146560669,0.8833082914352417,0.0033868551254272
step-error-yes-no-v1,gsm8k-59,gsm8k,2,2,1,1,random_orthogonal,7,-4.0,0.5098299980163574,0.5098299980163574,0.0
step-error-yes-no-v1,math-632,math,1,-1,0,0,random_orthogonal,7,-4.0,0.7744091749191284,0.7680785655975342,0.0063306093215942
step-error-yes-no-v1,olympiadbench-275,olympiadbench,6,1,1,0,random_orthogonal,7,-4.0,-0.4244643449783325,-0.4115700721740722,-0.0128942728042602
step-error-yes-no-v1,math-304,math,1,3,0,0,random_orthogonal,7,-4.0,0.5213013291358948,0.5098299980163574,0.0114713311195373
step-error-yes-no-v1,omnimath-722,omnimath,7,4,1,0,random_orthogonal,7,-4.0,-0.4863359332084656,-0.4621171057224273,-0.0242188274860382
step-error-yes-no-v1,olympiadbench-545,olympiadbench,2,2,1,1,random_orthogonal,7,-4.0,-0.1853331923484802,-0.2153263688087463,0.0299931764602661
step-error-yes-no-v1,math-1,math,8,9,0,0,random_orthogonal,7,-4.0,-0.4863359332084656,-0.4863359332084656,0.0
step-error-yes-no-v1,omnimath-167,omnimath,0,2,0,0,random_orthogonal,7,-4.0,-0.093476265668869,-0.0312398374080657,-0.0622364282608032
step-error-yes-no-v1,omnimath-705,omnimath,1,-1,0,0,random_orthogonal,7,-4.0,0.6063475608825684,0.5963735580444336,0.0099740028381347
step-error-yes-no-v1,gsm8k-208,gsm8k,1,4,0,0,random_orthogonal,7,-4.0,0.662286102771759,0.6709671020507812,-0.0086809992790222
step-error-yes-no-v1,math-387,math,0,1,0,0,random_orthogonal,7,-4.0,0.5325872898101807,0.5325872898101807,0.0
step-error-yes-no-v1,omnimath-885,omnimath,6,-1,0,0,random_orthogonal,7,-4.0,-0.1243530213832855,-0.1243530213832855,0.0
step-error-yes-no-v1,math-157,math,7,1,1,0,random_orthogonal,7,-4.0,0.0624187588691711,0.0312398374080657,0.0311789214611053
step-error-yes-no-v1,gsm8k-199,gsm8k,2,2,1,1,random_orthogonal,7,-4.0,0.5325872898101807,0.5436869859695435,-0.0110996961593627
step-error-yes-no-v1,math-747,math,2,-1,0,0,random_orthogonal,7,4.0,0.719327449798584,0.7117023468017578,0.0076251029968261
step-error-yes-no-v1,olympiadbench-17,olympiadbench,7,6,1,0,random_orthogonal,7,4.0,-0.3027097582817077,-0.3027097582817077,0.0
step-error-yes-no-v1,omnimath-335,omnimath,3,0,1,0,random_orthogonal,7,4.0,-0.4371887743473053,-0.4743163287639618,0.0371275544166564
step-error-yes-no-v1,math-418,math,2,1,1,0,random_orthogonal,7,4.0,0.6709671020507812,0.6709671020507812,0.0
step-error-yes-no-v1,omnimath-421,omnimath,4,3,1,0,random_orthogonal,7,4.0,-0.2740616202354431,-0.2740616202354431,0.0
step-error-yes-no-v1,olympiadbench-72,olympiadbench,3,1,1,0,random_orthogonal,7,4.0,0.7039056420326233,0.7117023468017578,-0.0077967047691345
step-error-yes-no-v1,math-372,math,3,3,1,1,random_orthogonal,7,4.0,0.4863359332084656,0.4743163287639618,0.0120196044445037
step-error-yes-no-v1,math-163,math,1,3,0,0,random_orthogonal,7,4.0,0.4621171057224273,0.4371887743473053,0.024928331375122
step-error-yes-no-v1,omnimath-531,omnimath,4,-1,0,0,random_orthogonal,7,4.0,0.8146244883537292,0.8093010187149048,0.0053234696388244
step-error-yes-no-v1,math-437,math,2,2,1,1,random_orthogonal,7,4.0,0.5545997619628906,0.5545997619628906,0.0
step-error-yes-no-v1,olympiadbench-9,olympiadbench,0,3,0,0,random_orthogonal,7,4.0,0.1243530213832855,0.1089409291744232,0.0154120922088623
step-error-yes-no-v1,olympiadbench-763,olympiadbench,8,2,1,0,random_orthogonal,7,4.0,-0.1397053301334381,-0.093476265668869,-0.046229064464569
step-error-yes-no-v1,omnimath-831,omnimath,0,-1,0,0,random_orthogonal,7,4.0,0.4115700721740722,0.4115700721740722,0.0
step-error-yes-no-v1,omnimath-725,omnimath,9,-1,0,0,random_orthogonal,7,4.0,-0.0312398374080657,-0.0624187588691711,0.0311789214611053
step-error-yes-no-v1,math-717,math,2,-1,0,0,random_orthogonal,7,4.0,0.3852839469909668,0.3852839469909668,0.0
step-error-yes-no-v1,omnimath-628,omnimath,2,-1,0,0,random_orthogonal,7,4.0,-0.3852839469909668,-0.3852839469909668,0.0
step-error-yes-no-v1,gsm8k-106,gsm8k,2,1,1,0,random_orthogonal,7,4.0,-0.093476265668869,-0.093476265668869,0.0
step-error-yes-no-v1,math-563,math,4,2,1,0,random_orthogonal,7,4.0,0.8833082914352417,0.8833082914352417,0.0
step-error-yes-no-v1,gsm8k-59,gsm8k,2,2,1,1,random_orthogonal,7,4.0,0.5098299980163574,0.5098299980163574,0.0
step-error-yes-no-v1,math-632,math,1,-1,0,0,random_orthogonal,7,4.0,0.7805885076522827,0.7680785655975342,0.0125099420547485
step-error-yes-no-v1,olympiadbench-275,olympiadbench,6,1,1,0,random_orthogonal,7,4.0,-0.4244643449783325,-0.4115700721740722,-0.0128942728042602
step-error-yes-no-v1,math-304,math,1,3,0,0,random_orthogonal,7,4.0,0.4981744289398193,0.5098299980163574,-0.011655569076538
step-error-yes-no-v1,omnimath-722,omnimath,7,4,1,0,random_orthogonal,7,4.0,-0.4863359332084656,-0.4621171057224273,-0.0242188274860382
step-error-yes-no-v1,olympiadbench-545,olympiadbench,2,2,1,1,random_orthogonal,7,4.0,-0.2153263688087463,-0.2153263688087463,0.0
step-error-yes-no-v1,math-1,math,8,9,0,0,random_orthogonal,7,4.0,-0.4863359332084656,-0.4863359332084656,0.0
step-error-yes-no-v1,omnimath-167,omnimath,0,2,0,0,random_orthogonal,7,4.0,-0.093476265668869,-0.0312398374080657,-0.0622364282608032
step-error-yes-no-v1,omnimath-705,omnimath,1,-1,0,0,random_orthogonal,7,4.0,0.5963735580444336,0.5963735580444336,0.0
step-error-yes-no-v1,gsm8k-208,gsm8k,1,4,0,0,random_orthogonal,7,4.0,0.6709671020507812,0.6709671020507812,0.0
step-error-yes-no-v1,math-387,math,0,1,0,0,random_orthogonal,7,4.0,0.5325872898101807,0.5325872898101807,0.0
step-error-yes-no-v1,omnimath-885,omnimath,6,-1,0,0,random_orthogonal,7,4.0,-0.1243530213832855,-0.1243530213832855,0.0
step-error-yes-no-v1,math-157,math,7,1,1,0,random_orthogonal,7,4.0,0.0312398374080657,0.0312398374080657,0.0
step-error-yes-no-v1,gsm8k-199,gsm8k,2,2,1,1,random_orthogonal,7,4.0,0.5325872898101807,0.5436869859695435,-0.0110996961593627
step-error-yes-no-v1,math-747,math,2,-1,0,0,random_orthogonal,8,-4.0,0.719327449798584,0.7117023468017578,0.0076251029968261
step-error-yes-no-v1,olympiadbench-17,olympiadbench,7,6,1,0,random_orthogonal,8,-4.0,-0.3027097582817077,-0.3027097582817077,0.0
step-error-yes-no-v1,omnimath-335,omnimath,3,0,1,0,random_orthogonal,8,-4.0,-0.4371887743473053,-0.4743163287639618,0.0371275544166564
step-error-yes-no-v1,math-418,math,2,1,1,0,random_orthogonal,8,-4.0,0.6709671020507812,0.6709671020507812,0.0
step-error-yes-no-v1,omnimath-421,omnimath,4,3,1,0,random_orthogonal,8,-4.0,-0.2740616202354431,-0.2740616202354431,0.0
step-error-yes-no-v1,olympiadbench-72,olympiadbench,3,1,1,0,random_orthogonal,8,-4.0,0.7039056420326233,0.7117023468017578,-0.0077967047691345
step-error-yes-no-v1,math-372,math,3,3,1,1,random_orthogonal,8,-4.0,0.4863359332084656,0.4743163287639618,0.0120196044445037
step-error-yes-no-v1,math-163,math,1,3,0,0,random_orthogonal,8,-4.0,0.4371887743473053,0.4371887743473053,0.0
step-error-yes-no-v1,omnimath-531,omnimath,4,-1,0,0,random_orthogonal,8,-4.0,0.8198139667510986,0.8093010187149048,0.0105129480361938
step-error-yes-no-v1,math-437,math,2,2,1,1,random_orthogonal,8,-4.0,0.5545997619628906,0.5545997619628906,0.0
step-error-yes-no-v1,olympiadbench-9,olympiadbench,0,3,0,0,random_orthogonal,8,-4.0,0.1243530213832855,0.1089409291744232,0.0154120922088623
step-error-yes-no-v1,olympiadbench-763,olympiadbench,8,2,1,0,random_orthogonal,8,-4.0,-0.093476265668869,-0.093476265668869,0.0
step-error-yes-no-v1,omnimath-831,omnimath,0,-1,0,0,random_orthogonal,8,-4.0,0.4371887743473053,0.4115700721740722,0.025618702173233
step-error-yes-no-v1,omnimath-725,omnimath,9,-1,0,0,random_orthogonal,8,-4.0,-0.0624187588691711,-0.0624187588691711,0.0
step-error-yes-no-v1,math-717,math,2,-1,0,0,random_orthogonal,8,-4.0,0.4115700721740722,0.3852839469909668,0.0262861251831054
step-error-yes-no-v1,omnimath-628,omnimath,2,-1,0,0,random_orthogonal,8,-4.0,-0.3852839469909668,-0.3852839469909668,0.0
step-error-yes-no-v1,gsm8k-106,gsm8k,2,1,1,0,random_orthogonal,8,-4.0,-0.1089409291744232,-0.093476265668869,-0.0154646635055542
step-error-yes-no-v1,math-563,math,4,2,1,0,random_orthogonal,8,-4.0,0.8798266649246216,0.8833082914352417,-0.0034816265106201
step-error-yes-no-v1,gsm8k-59,gsm8k,2,2,1,1,random_orthogonal,8,-4.0,0.5098299980163574,0.5098299980163574,0.0
step-error-yes-no-v1,math-632,math,1,-1,0,0,random_orthogonal,8,-4.0,0.7805885076522827,0.7680785655975342,0.0125099420547485
step-error-yes-no-v1,olympiadbench-275,olympiadbench,6,1,1,0,random_orthogonal,8,-4.0,-0.4497405886650085,-0.4115700721740722,-0.0381705164909362
step-error-yes-no-v1,math-304,math,1,3,0,0,random_orthogonal,8,-4.0,0.4981744289398193,0.5098299980163574,-0.011655569076538
step-error-yes-no-v1,omnimath-722,omnimath,7,4,1,0,random_orthogonal,8,-4.0,-0.4863359332084656,-0.4621171057224273,-0.0242188274860382
step-error-yes-no-v1,olympiadbench-545,olympiadbench,2,2,1,1,random_orthogonal,8,-4.0,-0.1853331923484802,-0.2153263688087463,0.0299931764602661
step-error-yes-no-v1,math-1,math,8,9,0,0,random_orthogonal,8,-4.0,-0.5098299980163574,-0.4863359332084656,-0.0234940648078918
step-error-yes-no-v1,omnimath-167,omnimath,0,2,0,0,random_orthogonal,8,-4.0,-0.093476265668869,-0.0312398374080657,-0.0622364282608032
step-error-yes-no-v1,omnimath-705,omnimath,1,-1,0,0,random_orthogonal,8,-4.0,0.5963735580444336,0.5963735580444336,0.0
step-error-yes-no-v1,gsm8k-208,gsm8k,1,4,0,0,random_orthogonal,8,-4.0,0.6709671020507812,0.6709671020507812,0.0
step-error-yes-no-v1,math-387,math,0,1,0,0,random_orthogonal,8,-4.0,0.5325872898101807,0.5325872898101807,0.0
step-error-yes-no-v1,omnimath-885,omnimath,6,-1,0,0,random_orthogonal,8,-4.0,-0.1549907624721527,-0.1243530213832855,-0.0306377410888671
step-error-yes-no-v1,math-157,math,7,1,1,0,random_orthogonal,8,-4.0,0.0624187588691711,0.0312398374080657,0.0311789214611053
step-error-yes-no-v1,gsm8k-199,gsm8k,2,2,1,1,random_orthogonal,8,-4.0,0.5098299980163574,0.5436869859695435,-0.033856987953186
step-error-yes-no-v1,math-747,math,2,-1,0,0,random_orthogonal,8,4.0,0.7039056420326233,0.7117023468017578,-0.0077967047691345
step-error-yes-no-v1,olympiadbench-17,olympiadbench,7,6,1,0,random_orthogonal,8,4.0,-0.3308211266994476,-0.3027097582817077,-0.0281113684177398
step-error-yes-no-v1,omnimath-335,omnimath,3,0,1,0,random_orthogonal,8,4.0,-0.4621171057224273,-0.4743163287639618,0.0121992230415344
step-error-yes-no-v1,math-418,math,2,1,1,0,random_orthogonal,8,4.0,0.662286102771759,0.6709671020507812,-0.0086809992790222
step-error-yes-no-v1,omnimath-421,omnimath,4,3,1,0,random_orthogonal,8,4.0,-0.3027097582817077,-0.2740616202354431,-0.0286481380462646
step-error-yes-no-v1,olympiadbench-72,olympiadbench,3,1,1,0,random_orthogonal,8,4.0,0.7117023468017578,0.7117023468017578,0.0
step-error-yes-no-v1,math-372,math,3,3,1,1,random_orthogonal,8,4.0,0.4743163287639618,0.4743163287639618,0.0
step-error-yes-no-v1,math-163,math,1,3,0,0,random_orthogonal,8,4.0,0.4621171057224273,0.4371887743473053,0.024928331375122
step-error-yes-no-v1,omnimath-531,omnimath,4,-1,0,0,random_orthogonal,8,4.0,0.8198139667510986,0.8093010187149048,0.0105129480361938
step-error-yes-no-v1,math-437,math,2,2,1,1,random_orthogonal,8,4.0,0.5325872898101807,0.5545997619628906,-0.0220124721527099
step-error-yes-no-v1,olympiadbench-9,olympiadbench,0,3,0,0,random_orthogonal,8,4.0,0.1243530213832855,0.1089409291744232,0.0154120922088623
step-error-yes-no-v1,olympiadbench-763,olympiadbench,8,2,1,0,random_orthogonal,8,4.0,-0.1243530213832855,-0.093476265668869,-0.0308767557144165
step-error-yes-no-v1,omnimath-831,omnimath,0,-1,0,0,random_orthogonal,8,4.0,0.4115700721740722,0.4115700721740722,0.0
step-error-yes-no-v1,omnimath-725,omnimath,9,-1,0,0,random_orthogonal,8,4.0,-0.0624187588691711,-0.0624187588691711,0.0
step-error-yes-no-v1,math-717,math,2,-1,0,0,random_orthogonal,8,4.0,0.4115700721740722,0.3852839469909668,0.0262861251831054
step-error-yes-no-v1,omnimath-628,omnimath,2,-1,0,0,random_orthogonal,8,4.0,-0.3852839469909668,-0.3852839469909668,0.0
step-error-yes-no-v1,gsm8k-106,gsm8k,2,1,1,0,random_orthogonal,8,4.0,-0.093476265668869,-0.093476265668869,0.0
step-error-yes-no-v1,math-563,math,4,2,1,0,random_orthogonal,8,4.0,0.8899893760681152,0.8833082914352417,0.0066810846328735
step-error-yes-no-v1,gsm8k-59,gsm8k,2,2,1,1,random_orthogonal,8,4.0,0.5098299980163574,0.5098299980163574,0.0
step-error-yes-no-v1,math-632,math,1,-1,0,0,random_orthogonal,8,4.0,0.7744091749191284,0.7680785655975342,0.0063306093215942
step-error-yes-no-v1,olympiadbench-275,olympiadbench,6,1,1,0,random_orthogonal,8,4.0,-0.4244643449783325,-0.4115700721740722,-0.0128942728042602
step-error-yes-no-v1,math-304,math,1,3,0,0,random_orthogonal,8,4.0,0.4981744289398193,0.5098299980163574,-0.011655569076538
step-error-yes-no-v1,omnimath-722,omnimath,7,4,1,0,random_orthogonal,8,4.0,-0.4863359332084656,-0.4621171057224273,-0.0242188274860382
step-error-yes-no-v1,olympiadbench-545,olympiadbench,2,2,1,1,random_orthogonal,8,4.0,-0.1853331923484802,-0.2153263688087463,0.0299931764602661
step-error-yes-no-v1,math-1,math,8,9,0,0,random_orthogonal,8,4.0,-0.5098299980163574,-0.4863359332084656,-0.0234940648078918
step-error-yes-no-v1,omnimath-167,omnimath,0,2,0,0,random_orthogonal,8,4.0,-0.093476265668869,-0.0312398374080657,-0.0622364282608032
step-error-yes-no-v1,omnimath-705,omnimath,1,-1,0,0,random_orthogonal,8,4.0,0.5963735580444336,0.5963735580444336,0.0
step-error-yes-no-v1,gsm8k-208,gsm8k,1,4,0,0,random_orthogonal,8,4.0,0.6794679164886475,0.6709671020507812,0.0085008144378662
step-error-yes-no-v1,math-387,math,0,1,0,0,random_orthogonal,8,4.0,0.5325872898101807,0.5325872898101807,0.0
step-error-yes-no-v1,omnimath-885,omnimath,6,-1,0,0,random_orthogonal,8,4.0,-0.1243530213832855,-0.1243530213832855,0.0
step-error-yes-no-v1,math-157,math,7,1,1,0,random_orthogonal,8,4.0,0.0312398374080657,0.0312398374080657,0.0
step-error-yes-no-v1,gsm8k-199,gsm8k,2,2,1,1,random_orthogonal,8,4.0,0.5436869859695435,0.5436869859695435,0.0
step-error-yes-no-v1,math-747,math,2,-1,0,0,random_orthogonal,9,-4.0,0.719327449798584,0.7117023468017578,0.0076251029968261
step-error-yes-no-v1,olympiadbench-17,olympiadbench,7,6,1,0,random_orthogonal,9,-4.0,-0.3308211266994476,-0.3027097582817077,-0.0281113684177398
step-error-yes-no-v1,omnimath-335,omnimath,3,0,1,0,random_orthogonal,9,-4.0,-0.4497405886650085,-0.4743163287639618,0.0245757400989532
step-error-yes-no-v1,math-418,math,2,1,1,0,random_orthogonal,9,-4.0,0.6709671020507812,0.6709671020507812,0.0
step-error-yes-no-v1,omnimath-421,omnimath,4,3,1,0,random_orthogonal,9,-4.0,-0.2740616202354431,-0.2740616202354431,0.0
step-error-yes-no-v1,olympiadbench-72,olympiadbench,3,1,1,0,random_orthogonal,9,-4.0,0.7039056420326233,0.7117023468017578,-0.0077967047691345
step-error-yes-no-v1,math-372,math,3,3,1,1,random_orthogonal,9,-4.0,0.4863359332084656,0.4743163287639618,0.0120196044445037
step-error-yes-no-v1,math-163,math,1,3,0,0,random_orthogonal,9,-4.0,0.4371887743473053,0.4371887743473053,0.0
step-error-yes-no-v1,omnimath-531,omnimath,4,-1,0,0,random_orthogonal,9,-4.0,0.8198139667510986,0.8093010187149048,0.0105129480361938
step-error-yes-no-v1,math-437,math,2,2,1,1,random_orthogonal,9,-4.0,0.5545997619628906,0.5545997619628906,0.0
step-error-yes-no-v1,olympiadbench-9,olympiadbench,0,3,0,0,random_orthogonal,9,-4.0,0.1243530213832855,0.1089409291744232,0.0154120922088623
step-error-yes-no-v1,olympiadbench-763,olympiadbench,8,2,1,0,random_orthogonal,9,-4.0,-0.1089409291744232,-0.093476265668869,-0.0154646635055542
step-error-yes-no-v1,omnimath-831,omnimath,0,-1,0,0,random_orthogonal,9,-4.0,0.4371887743473053,0.4115700721740722,0.025618702173233
step-error-yes-no-v1,omnimath-725,omnimath,9,-1,0,0,random_orthogonal,9,-4.0,-0.0624187588691711,-0.0624187588691711,0.0
step-error-yes-no-v1,math-717,math,2,-1,0,0,random_orthogonal,9,-4.0,0.4115700721740722,0.3852839469909668,0.0262861251831054
step-error-yes-no-v1,omnimath-628,omnimath,2,-1,0,0,random_orthogonal,9,-4.0,-0.3852839469909668,-0.3852839469909668,0.0
step-error-yes-no-v1,gsm8k-106,gsm8k,2,1,1,0,random_orthogonal,9,-4.0,-0.093476265668869,-0.093476265668869,0.0
step-error-yes-no-v1,math-563,math,4,2,1,0,random_orthogonal,9,-4.0,0.8798266649246216,0.8833082914352417,-0.0034816265106201
step-error-yes-no-v1,gsm8k-59,gsm8k,2,2,1,1,random_orthogonal,9,-4.0,0.5098299980163574,0.5098299980163574,0.0
step-error-yes-no-v1,math-632,math,1,-1,0,0,random_orthogonal,9,-4.0,0.7744091749191284,0.7680785655975342,0.0063306093215942
step-error-yes-no-v1,olympiadbench-275,olympiadbench,6,1,1,0,random_orthogonal,9,-4.0,-0.4115700721740722,-0.4115700721740722,0.0
step-error-yes-no-v1,math-304,math,1,3,0,0,random_orthogonal,9,-4.0,0.4981744289398193,0.5098299980163574,-0.011655569076538
step-error-yes-no-v1,omnimath-722,omnimath,7,4,1,0,random_orthogonal,9,-4.0,-0.4621171057224273,-0.4621171057224273,0.0
step-error-yes-no-v1,olympiadbench-545,olympiadbench,2,2,1,1,random_orthogonal,9,-4.0,-0.1853331923484802,-0.2153263688087463,0.0299931764602661
step-error-yes-no-v1,math-1,math,8,9,0,0,random_orthogonal,9,-4.0,-0.5098299980163574,-0.4863359332084656,-0.0234940648078918
step-error-yes-no-v1,omnimath-167,omnimath,0,2,0,0,random_orthogonal,9,-4.0,-0.0624187588691711,-0.0312398374080657,-0.0311789214611053
step-error-yes-no-v1,omnimath-705,omnimath,1,-1,0,0,random_orthogonal,9,-4.0,0.6063475608825684,0.5963735580444336,0.0099740028381347
step-error-yes-no-v1,gsm8k-208,gsm8k,1,4,0,0,random_orthogonal,9,-4.0,0.6709671020507812,0.6709671020507812,0.0
step-error-yes-no-v1,math-387,math,0,1,0,0,random_orthogonal,9,-4.0,0.5098299980163574,0.5325872898101807,-0.0227572917938232
step-error-yes-no-v1,omnimath-885,omnimath,6,-1,0,0,random_orthogonal,9,-4.0,-0.1243530213832855,-0.1243530213832855,0.0
step-error-yes-no-v1,math-157,math,7,1,1,0,random_orthogonal,9,-4.0,0.0312398374080657,0.0312398374080657,0.0
step-error-yes-no-v1,gsm8k-199,gsm8k,2,2,1,1,random_orthogonal,9,-4.0,0.5098299980163574,0.5436869859695435,-0.033856987953186
step-error-yes-no-v1,math-747,math,2,-1,0,0,random_orthogonal,9,4.0,0.7117023468017578,0.7117023468017578,0.0
step-error-yes-no-v1,olympiadbench-17,olympiadbench,7,6,1,0,random_orthogonal,9,4.0,-0.3027097582817077,-0.3027097582817077,0.0
step-error-yes-no-v1,omnimath-335,omnimath,3,0,1,0,random_orthogonal,9,4.0,-0.4371887743473053,-0.4743163287639618,0.0371275544166564
step-error-yes-no-v1,math-418,math,2,1,1,0,random_orthogonal,9,4.0,0.662286102771759,0.6709671020507812,-0.0086809992790222
step-error-yes-no-v1,omnimath-421,omnimath,4,3,1,0,random_orthogonal,9,4.0,-0.2740616202354431,-0.2740616202354431,0.0
step-error-yes-no-v1,olympiadbench-72,olympiadbench,3,1,1,0,random_orthogonal,9,4.0,0.7039056420326233,0.7117023468017578,-0.0077967047691345
step-error-yes-no-v1,math-372,math,3,3,1,1,random_orthogonal,9,4.0,0.4743163287639618,0.4743163287639618,0.0
step-error-yes-no-v1,math-163,math,1,3,0,0,random_orthogonal,9,4.0,0.4371887743473053,0.4371887743473053,0.0
step-error-yes-no-v1,omnimath-531,omnimath,4,-1,0,0,random_orthogonal,9,4.0,0.8146244883537292,0.8093010187149048,0.0053234696388244
step-error-yes-no-v1,math-437,math,2,2,1,1,random_orthogonal,9,4.0,0.5545997619628906,0.5545997619628906,0.0
step-error-yes-no-v1,olympiadbench-9,olympiadbench,0,3,0,0,random_orthogonal,9,4.0,0.1089409291744232,0.1089409291744232,0.0
step-error-yes-no-v1,olympiadbench-763,olympiadbench,8,2,1,0,random_orthogonal,9,4.0,-0.1089409291744232,-0.093476265668869,-0.0154646635055542
step-error-yes-no-v1,omnimath-831,omnimath,0,-1,0,0,random_orthogonal,9,4.0,0.4115700721740722,0.4115700721740722,0.0
step-error-yes-no-v1,omnimath-725,omnimath,9,-1,0,0,random_orthogonal,9,4.0,-0.0312398374080657,-0.0624187588691711,0.0311789214611053
step-error-yes-no-v1,math-717,math,2,-1,0,0,random_orthogonal,9,4.0,0.4115700721740722,0.3852839469909668,0.0262861251831054
step-error-yes-no-v1,omnimath-628,omnimath,2,-1,0,0,random_orthogonal,9,4.0,-0.3852839469909668,-0.3852839469909668,0.0
step-error-yes-no-v1,gsm8k-106,gsm8k,2,1,1,0,random_orthogonal,9,4.0,-0.093476265668869,-0.093476265668869,0.0
step-error-yes-no-v1,math-563,math,4,2,1,0,random_orthogonal,9,4.0,0.8833082914352417,0.8833082914352417,0.0
step-error-yes-no-v1,gsm8k-59,gsm8k,2,2,1,1,random_orthogonal,9,4.0,0.5098299980163574,0.5098299980163574,0.0
step-error-yes-no-v1,math-632,math,1,-1,0,0,random_orthogonal,9,4.0,0.7805885076522827,0.7680785655975342,0.0125099420547485
step-error-yes-no-v1,olympiadbench-275,olympiadbench,6,1,1,0,random_orthogonal,9,4.0,-0.4371887743473053,-0.4115700721740722,-0.025618702173233
step-error-yes-no-v1,math-304,math,1,3,0,0,random_orthogonal,9,4.0,0.4981744289398193,0.5098299980163574,-0.011655569076538
step-error-yes-no-v1,omnimath-722,omnimath,7,4,1,0,random_orthogonal,9,4.0,-0.4863359332084656,-0.4621171057224273,-0.0242188274860382
step-error-yes-no-v1,olympiadbench-545,olympiadbench,2,2,1,1,random_orthogonal,9,4.0,-0.1853331923484802,-0.2153263688087463,0.0299931764602661
step-error-yes-no-v1,math-1,math,8,9,0,0,random_orthogonal,9,4.0,-0.4863359332084656,-0.4863359332084656,0.0
step-error-yes-no-v1,omnimath-167,omnimath,0,2,0,0,random_orthogonal,9,4.0,-0.093476265668869,-0.0312398374080657,-0.0622364282608032
step-error-yes-no-v1,omnimath-705,omnimath,1,-1,0,0,random_orthogonal,9,4.0,0.6063475608825684,0.5963735580444336,0.0099740028381347
step-error-yes-no-v1,gsm8k-208,gsm8k,1,4,0,0,random_orthogonal,9,4.0,0.6709671020507812,0.6709671020507812,0.0
step-error-yes-no-v1,math-387,math,0,1,0,0,random_orthogonal,9,4.0,0.5098299980163574,0.5325872898101807,-0.0227572917938232
step-error-yes-no-v1,omnimath-885,omnimath,6,-1,0,0,random_orthogonal,9,4.0,-0.1243530213832855,-0.1243530213832855,0.0
step-error-yes-no-v1,math-157,math,7,1,1,0,random_orthogonal,9,4.0,0.0312398374080657,0.0312398374080657,0.0
step-error-yes-no-v1,gsm8k-199,gsm8k,2,2,1,1,random_orthogonal,9,4.0,0.5325872898101807,0.5436869859695435,-0.0110996961593627
step-error-yes-no-v1,math-747,math,2,-1,0,0,random_orthogonal,10,-4.0,0.7039056420326233,0.7117023468017578,-0.0077967047691345
step-error-yes-no-v1,olympiadbench-17,olympiadbench,7,6,1,0,random_orthogonal,10,-4.0,-0.3308211266994476,-0.3027097582817077,-0.0281113684177398
step-error-yes-no-v1,omnimath-335,omnimath,3,0,1,0,random_orthogonal,10,-4.0,-0.4743163287639618,-0.4743163287639618,0.0
step-error-yes-no-v1,math-418,math,2,1,1,0,random_orthogonal,10,-4.0,0.6709671020507812,0.6709671020507812,0.0
step-error-yes-no-v1,omnimath-421,omnimath,4,3,1,0,random_orthogonal,10,-4.0,-0.2740616202354431,-0.2740616202354431,0.0
step-error-yes-no-v1,olympiadbench-72,olympiadbench,3,1,1,0,random_orthogonal,10,-4.0,0.7039056420326233,0.7117023468017578,-0.0077967047691345
step-error-yes-no-v1,math-372,math,3,3,1,1,random_orthogonal,10,-4.0,0.4743163287639618,0.4743163287639618,0.0
step-error-yes-no-v1,math-163,math,1,3,0,0,random_orthogonal,10,-4.0,0.4371887743473053,0.4371887743473053,0.0
step-error-yes-no-v1,omnimath-531,omnimath,4,-1,0,0,random_orthogonal,10,-4.0,0.8038413524627686,0.8093010187149048,-0.0054596662521362
step-error-yes-no-v1,math-437,math,2,2,1,1,random_orthogonal,10,-4.0,0.5545997619628906,0.5545997619628906,0.0
step-error-yes-no-v1,olympiadbench-9,olympiadbench,0,3,0,0,random_orthogonal,10,-4.0,0.1089409291744232,0.1089409291744232,0.0
step-error-yes-no-v1,olympiadbench-763,olympiadbench,8,2,1,0,random_orthogonal,10,-4.0,-0.1089409291744232,-0.093476265668869,-0.0154646635055542
step-error-yes-no-v1,omnimath-831,omnimath,0,-1,0,0,random_orthogonal,10,-4.0,0.4371887743473053,0.4115700721740722,0.025618702173233
step-error-yes-no-v1,omnimath-725,omnimath,9,-1,0,0,random_orthogonal,10,-4.0,-0.0312398374080657,-0.0624187588691711,0.0311789214611053
step-error-yes-no-v1,math-717,math,2,-1,0,0,random_orthogonal,10,-4.0,0.3852839469909668,0.3852839469909668,0.0
step-error-yes-no-v1,omnimath-628,omnimath,2,-1,0,0,random_orthogonal,10,-4.0,-0.3583573997020721,-0.3852839469909668,0.0269265472888946
step-error-yes-no-v1,gsm8k-106,gsm8k,2,1,1,0,random_orthogonal,10,-4.0,-0.077966421842575,-0.093476265668869,0.0155098438262939
step-error-yes-no-v1,math-563,math,4,2,1,0,random_orthogonal,10,-4.0,0.8798266649246216,0.8833082914352417,-0.0034816265106201
step-error-yes-no-v1,gsm8k-59,gsm8k,2,2,1,1,random_orthogonal,10,-4.0,0.5098299980163574,0.5098299980163574,0.0
step-error-yes-no-v1,math-632,math,1,-1,0,0,random_orthogonal,10,-4.0,0.7744091749191284,0.7680785655975342,0.0063306093215942
step-error-yes-no-v1,olympiadbench-275,olympiadbench,6,1,1,0,random_orthogonal,10,-4.0,-0.4244643449783325,-0.4115700721740722,-0.0128942728042602
step-error-yes-no-v1,math-304,math,1,3,0,0,random_orthogonal,10,-4.0,0.5098299980163574,0.5098299980163574,0.0
step-error-yes-no-v1,omnimath-722,omnimath,7,4,1,0,random_orthogonal,10,-4.0,-0.4621171057224273,-0.4621171057224273,0.0
step-error-yes-no-v1,olympiadbench-545,olympiadbench,2,2,1,1,random_orthogonal,10,-4.0,-0.1853331923484802,-0.2153263688087463,0.0299931764602661
step-error-yes-no-v1,math-1,math,8,9,0,0,random_orthogonal,10,-4.0,-0.5098299980163574,-0.4863359332084656,-0.0234940648078918
step-error-yes-no-v1,omnimath-167,omnimath,0,2,0,0,random_orthogonal,10,-4.0,-0.093476265668869,-0.0312398374080657,-0.0622364282608032
step-error-yes-no-v1,omnimath-705,omnimath,1,-1,0,0,random_orthogonal,10,-4.0,0.6063475608825684,0.5963735580444336,0.0099740028381347
step-error-yes-no-v1,gsm8k-208,gsm8k,1,4,0,0,random_orthogonal,10,-4.0,0.6709671020507812,0.6709671020507812,0.0
step-error-yes-no-v1,math-387,math,0,1,0,0,random_orthogonal,10,-4.0,0.5098299980163574,0.5325872898101807,-0.0227572917938232
step-error-yes-no-v1,omnimath-885,omnimath,6,-1,0,0,random_orthogonal,10,-4.0,-0.1243530213832855,-0.1243530213832855,0.0
step-error-yes-no-v1,math-157,math,7,1,1,0,random_orthogonal,10,-4.0,0.0624187588691711,0.0312398374080657,0.0311789214611053
step-error-yes-no-v1,gsm8k-199,gsm8k,2,2,1,1,random_orthogonal,10,-4.0,0.5436869859695435,0.5436869859695435,0.0
step-error-yes-no-v1,math-747,math,2,-1,0,0,random_orthogonal,10,4.0,0.7039056420326233,0.7117023468017578,-0.0077967047691345
step-error-yes-no-v1,olympiadbench-17,olympiadbench,7,6,1,0,random_orthogonal,10,4.0,-0.3027097582817077,-0.3027097582817077,0.0
step-error-yes-no-v1,omnimath-335,omnimath,3,0,1,0,random_orthogonal,10,4.0,-0.4497405886650085,-0.4743163287639618,0.0245757400989532
step-error-yes-no-v1,math-418,math,2,1,1,0,random_orthogonal,10,4.0,0.662286102771759,0.6709671020507812,-0.0086809992790222
step-error-yes-no-v1,omnimath-421,omnimath,4,3,1,0,random_orthogonal,10,4.0,-0.2740616202354431,-0.2740616202354431,0.0
step-error-yes-no-v1,olympiadbench-72,olympiadbench,3,1,1,0,random_orthogonal,10,4.0,0.7039056420326233,0.7117023468017578,-0.0077967047691345
step-error-yes-no-v1,math-372,math,3,3,1,1,random_orthogonal,10,4.0,0.4743163287639618,0.4743163287639618,0.0
step-error-yes-no-v1,math-163,math,1,3,0,0,random_orthogonal,10,4.0,0.4371887743473053,0.4371887743473053,0.0
step-error-yes-no-v1,omnimath-531,omnimath,4,-1,0,0,random_orthogonal,10,4.0,0.8146244883537292,0.8093010187149048,0.0053234696388244
step-error-yes-no-v1,math-437,math,2,2,1,1,random_orthogonal,10,4.0,0.5325872898101807,0.5545997619628906,-0.0220124721527099
step-error-yes-no-v1,olympiadbench-9,olympiadbench,0,3,0,0,random_orthogonal,10,4.0,0.1243530213832855,0.1089409291744232,0.0154120922088623
step-error-yes-no-v1,olympiadbench-763,olympiadbench,8,2,1,0,random_orthogonal,10,4.0,-0.1397053301334381,-0.093476265668869,-0.046229064464569
step-error-yes-no-v1,omnimath-831,omnimath,0,-1,0,0,random_orthogonal,10,4.0,0.4115700721740722,0.4115700721740722,0.0
step-error-yes-no-v1,omnimath-725,omnimath,9,-1,0,0,random_orthogonal,10,4.0,-0.0624187588691711,-0.0624187588691711,0.0
step-error-yes-no-v1,math-717,math,2,-1,0,0,random_orthogonal,10,4.0,0.4115700721740722,0.3852839469909668,0.0262861251831054
step-error-yes-no-v1,omnimath-628,omnimath,2,-1,0,0,random_orthogonal,10,4.0,-0.3852839469909668,-0.3852839469909668,0.0
step-error-yes-no-v1,gsm8k-106,gsm8k,2,1,1,0,random_orthogonal,10,4.0,-0.1089409291744232,-0.093476265668869,-0.0154646635055542
step-error-yes-no-v1,math-563,math,4,2,1,0,random_orthogonal,10,4.0,0.8833082914352417,0.8833082914352417,0.0
step-error-yes-no-v1,gsm8k-59,gsm8k,2,2,1,1,random_orthogonal,10,4.0,0.5098299980163574,0.5098299980163574,0.0
step-error-yes-no-v1,math-632,math,1,-1,0,0,random_orthogonal,10,4.0,0.7805885076522827,0.7680785655975342,0.0125099420547485
step-error-yes-no-v1,olympiadbench-275,olympiadbench,6,1,1,0,random_orthogonal,10,4.0,-0.4244643449783325,-0.4115700721740722,-0.0128942728042602
step-error-yes-no-v1,math-304,math,1,3,0,0,random_orthogonal,10,4.0,0.4981744289398193,0.5098299980163574,-0.011655569076538
step-error-yes-no-v1,omnimath-722,omnimath,7,4,1,0,random_orthogonal,10,4.0,-0.4863359332084656,-0.4621171057224273,-0.0242188274860382
step-error-yes-no-v1,olympiadbench-545,olympiadbench,2,2,1,1,random_orthogonal,10,4.0,-0.1853331923484802,-0.2153263688087463,0.0299931764602661
step-error-yes-no-v1,math-1,math,8,9,0,0,random_orthogonal,10,4.0,-0.4863359332084656,-0.4863359332084656,0.0
step-error-yes-no-v1,omnimath-167,omnimath,0,2,0,0,random_orthogonal,10,4.0,-0.093476265668869,-0.0312398374080657,-0.0622364282608032
step-error-yes-no-v1,omnimath-705,omnimath,1,-1,0,0,random_orthogonal,10,4.0,0.6063475608825684,0.5963735580444336,0.0099740028381347
step-error-yes-no-v1,gsm8k-208,gsm8k,1,4,0,0,random_orthogonal,10,4.0,0.662286102771759,0.6709671020507812,-0.0086809992790222
step-error-yes-no-v1,math-387,math,0,1,0,0,random_orthogonal,10,4.0,0.5325872898101807,0.5325872898101807,0.0
step-error-yes-no-v1,omnimath-885,omnimath,6,-1,0,0,random_orthogonal,10,4.0,-0.1243530213832855,-0.1243530213832855,0.0
step-error-yes-no-v1,math-157,math,7,1,1,0,random_orthogonal,10,4.0,0.0312398374080657,0.0312398374080657,0.0
step-error-yes-no-v1,gsm8k-199,gsm8k,2,2,1,1,random_orthogonal,10,4.0,0.5098299980163574,0.5436869859695435,-0.033856987953186
step-error-yes-no-v1,math-747,math,2,-1,0,0,random_orthogonal,11,-4.0,0.7039056420326233,0.7117023468017578,-0.0077967047691345
step-error-yes-no-v1,olympiadbench-17,olympiadbench,7,6,1,0,random_orthogonal,11,-4.0,-0.3027097582817077,-0.3027097582817077,0.0
step-error-yes-no-v1,omnimath-335,omnimath,3,0,1,0,random_orthogonal,11,-4.0,-0.4497405886650085,-0.4743163287639618,0.0245757400989532
step-error-yes-no-v1,math-418,math,2,1,1,0,random_orthogonal,11,-4.0,0.6709671020507812,0.6709671020507812,0.0
step-error-yes-no-v1,omnimath-421,omnimath,4,3,1,0,random_orthogonal,11,-4.0,-0.2740616202354431,-0.2740616202354431,0.0
step-error-yes-no-v1,olympiadbench-72,olympiadbench,3,1,1,0,random_orthogonal,11,-4.0,0.7039056420326233,0.7117023468017578,-0.0077967047691345
step-error-yes-no-v1,math-372,math,3,3,1,1,random_orthogonal,11,-4.0,0.4863359332084656,0.4743163287639618,0.0120196044445037
step-error-yes-no-v1,math-163,math,1,3,0,0,random_orthogonal,11,-4.0,0.4621171057224273,0.4371887743473053,0.024928331375122
step-error-yes-no-v1,omnimath-531,omnimath,4,-1,0,0,random_orthogonal,11,-4.0,0.8093010187149048,0.8093010187149048,0.0
step-error-yes-no-v1,math-437,math,2,2,1,1,random_orthogonal,11,-4.0,0.5325872898101807,0.5545997619628906,-0.0220124721527099
step-error-yes-no-v1,olympiadbench-9,olympiadbench,0,3,0,0,random_orthogonal,11,-4.0,0.1243530213832855,0.1089409291744232,0.0154120922088623
step-error-yes-no-v1,olympiadbench-763,olympiadbench,8,2,1,0,random_orthogonal,11,-4.0,-0.1089409291744232,-0.093476265668869,-0.0154646635055542
step-error-yes-no-v1,omnimath-831,omnimath,0,-1,0,0,random_orthogonal,11,-4.0,0.4115700721740722,0.4115700721740722,0.0
step-error-yes-no-v1,omnimath-725,omnimath,9,-1,0,0,random_orthogonal,11,-4.0,-0.0312398374080657,-0.0624187588691711,0.0311789214611053
step-error-yes-no-v1,math-717,math,2,-1,0,0,random_orthogonal,11,-4.0,0.3852839469909668,0.3852839469909668,0.0
step-error-yes-no-v1,omnimath-628,omnimath,2,-1,0,0,random_orthogonal,11,-4.0,-0.3852839469909668,-0.3852839469909668,0.0
step-error-yes-no-v1,gsm8k-106,gsm8k,2,1,1,0,random_orthogonal,11,-4.0,-0.093476265668869,-0.093476265668869,0.0
step-error-yes-no-v1,math-563,math,4,2,1,0,random_orthogonal,11,-4.0,0.886695146560669,0.8833082914352417,0.0033868551254272
step-error-yes-no-v1,gsm8k-59,gsm8k,2,2,1,1,random_orthogonal,11,-4.0,0.5098299980163574,0.5098299980163574,0.0
step-error-yes-no-v1,math-632,math,1,-1,0,0,random_orthogonal,11,-4.0,0.7805885076522827,0.7680785655975342,0.0125099420547485
step-error-yes-no-v1,olympiadbench-275,olympiadbench,6,1,1,0,random_orthogonal,11,-4.0,-0.4371887743473053,-0.4115700721740722,-0.025618702173233
step-error-yes-no-v1,math-304,math,1,3,0,0,random_orthogonal,11,-4.0,0.4863359332084656,0.5098299980163574,-0.0234940648078918
step-error-yes-no-v1,omnimath-722,omnimath,7,4,1,0,random_orthogonal,11,-4.0,-0.4863359332084656,-0.4621171057224273,-0.0242188274860382
step-error-yes-no-v1,olympiadbench-545,olympiadbench,2,2,1,1,random_orthogonal,11,-4.0,-0.1853331923484802,-0.2153263688087463,0.0299931764602661
step-error-yes-no-v1,math-1,math,8,9,0,0,random_orthogonal,11,-4.0,-0.5098299980163574,-0.4863359332084656,-0.0234940648078918
step-error-yes-no-v1,omnimath-167,omnimath,0,2,0,0,random_orthogonal,11,-4.0,-0.093476265668869,-0.0312398374080657,-0.0622364282608032
step-error-yes-no-v1,omnimath-705,omnimath,1,-1,0,0,random_orthogonal,11,-4.0,0.5963735580444336,0.5963735580444336,0.0
step-error-yes-no-v1,gsm8k-208,gsm8k,1,4,0,0,random_orthogonal,11,-4.0,0.6709671020507812,0.6709671020507812,0.0
step-error-yes-no-v1,math-387,math,0,1,0,0,random_orthogonal,11,-4.0,0.5545997619628906,0.5325872898101807,0.0220124721527099
step-error-yes-no-v1,omnimath-885,omnimath,6,-1,0,0,random_orthogonal,11,-4.0,-0.1243530213832855,-0.1243530213832855,0.0
step-error-yes-no-v1,math-157,math,7,1,1,0,random_orthogonal,11,-4.0,0.0624187588691711,0.0312398374080657,0.0311789214611053
step-error-yes-no-v1,gsm8k-199,gsm8k,2,2,1,1,random_orthogonal,11,-4.0,0.5213013291358948,0.5436869859695435,-0.0223856568336486
step-error-yes-no-v1,math-747,math,2,-1,0,0,random_orthogonal,11,4.0,0.7039056420326233,0.7117023468017578,-0.0077967047691345
step-error-yes-no-v1,olympiadbench-17,olympiadbench,7,6,1,0,random_orthogonal,11,4.0,-0.3308211266994476,-0.3027097582817077,-0.0281113684177398
step-error-yes-no-v1,omnimath-335,omnimath,3,0,1,0,random_orthogonal,11,4.0,-0.4497405886650085,-0.4743163287639618,0.0245757400989532
step-error-yes-no-v1,math-418,math,2,1,1,0,random_orthogonal,11,4.0,0.662286102771759,0.6709671020507812,-0.0086809992790222
step-error-yes-no-v1,omnimath-421,omnimath,4,3,1,0,random_orthogonal,11,4.0,-0.3027097582817077,-0.2740616202354431,-0.0286481380462646
step-error-yes-no-v1,olympiadbench-72,olympiadbench,3,1,1,0,random_orthogonal,11,4.0,0.7039056420326233,0.7117023468017578,-0.0077967047691345
step-error-yes-no-v1,math-372,math,3,3,1,1,random_orthogonal,11,4.0,0.4863359332084656,0.4743163287639618,0.0120196044445037
step-error-yes-no-v1,math-163,math,1,3,0,0,random_orthogonal,11,4.0,0.4371887743473053,0.4371887743473053,0.0
step-error-yes-no-v1,omnimath-531,omnimath,4,-1,0,0,random_orthogonal,11,4.0,0.8198139667510986,0.8093010187149048,0.0105129480361938
step-error-yes-no-v1,math-437,math,2,2,1,1,random_orthogonal,11,4.0,0.5325872898101807,0.5545997619628906,-0.0220124721527099
step-error-yes-no-v1,olympiadbench-9,olympiadbench,0,3,0,0,random_orthogonal,11,4.0,0.1397053301334381,0.1089409291744232,0.0307644009590148
step-error-yes-no-v1,olympiadbench-763,olympiadbench,8,2,1,0,random_orthogonal,11,4.0,-0.093476265668869,-0.093476265668869,0.0
step-error-yes-no-v1,omnimath-831,omnimath,0,-1,0,0,random_orthogonal,11,4.0,0.4371887743473053,0.4115700721740722,0.025618702173233
step-error-yes-no-v1,omnimath-725,omnimath,9,-1,0,0,random_orthogonal,11,4.0,-0.0624187588691711,-0.0624187588691711,0.0
step-error-yes-no-v1,math-717,math,2,-1,0,0,random_orthogonal,11,4.0,0.4115700721740722,0.3852839469909668,0.0262861251831054
step-error-yes-no-v1,omnimath-628,omnimath,2,-1,0,0,random_orthogonal,11,4.0,-0.3583573997020721,-0.3852839469909668,0.0269265472888946
step-error-yes-no-v1,gsm8k-106,gsm8k,2,1,1,0,random_orthogonal,11,4.0,-0.093476265668869,-0.093476265668869,0.0
step-error-yes-no-v1,math-563,math,4,2,1,0,random_orthogonal,11,4.0,0.8833082914352417,0.8833082914352417,0.0
step-error-yes-no-v1,gsm8k-59,gsm8k,2,2,1,1,random_orthogonal,11,4.0,0.5098299980163574,0.5098299980163574,0.0
step-error-yes-no-v1,math-632,math,1,-1,0,0,random_orthogonal,11,4.0,0.7805885076522827,0.7680785655975342,0.0125099420547485
step-error-yes-no-v1,olympiadbench-275,olympiadbench,6,1,1,0,random_orthogonal,11,4.0,-0.4244643449783325,-0.4115700721740722,-0.0128942728042602
step-error-yes-no-v1,math-304,math,1,3,0,0,random_orthogonal,11,4.0,0.4981744289398193,0.5098299980163574,-0.011655569076538
step-error-yes-no-v1,omnimath-722,omnimath,7,4,1,0,random_orthogonal,11,4.0,-0.4621171057224273,-0.4621171057224273,0.0
step-error-yes-no-v1,olympiadbench-545,olympiadbench,2,2,1,1,random_orthogonal,11,4.0,-0.2153263688087463,-0.2153263688087463,0.0
step-error-yes-no-v1,math-1,math,8,9,0,0,random_orthogonal,11,4.0,-0.5098299980163574,-0.4863359332084656,-0.0234940648078918
step-error-yes-no-v1,omnimath-167,omnimath,0,2,0,0,random_orthogonal,11,4.0,-0.093476265668869,-0.0312398374080657,-0.0622364282608032
step-error-yes-no-v1,omnimath-705,omnimath,1,-1,0,0,random_orthogonal,11,4.0,0.6063475608825684,0.5963735580444336,0.0099740028381347
step-error-yes-no-v1,gsm8k-208,gsm8k,1,4,0,0,random_orthogonal,11,4.0,0.6709671020507812,0.6709671020507812,0.0
step-error-yes-no-v1,math-387,math,0,1,0,0,random_orthogonal,11,4.0,0.5325872898101807,0.5325872898101807,0.0
step-error-yes-no-v1,omnimath-885,omnimath,6,-1,0,0,random_orthogonal,11,4.0,-0.1243530213832855,-0.1243530213832855,0.0
step-error-yes-no-v1,math-157,math,7,1,1,0,random_orthogonal,11,4.0,0.0312398374080657,0.0312398374080657,0.0
step-error-yes-no-v1,gsm8k-199,gsm8k,2,2,1,1,random_orthogonal,11,4.0,0.5213013291358948,0.5436869859695435,-0.0223856568336486
step-error-yes-no-v1,math-747,math,2,-1,0,0,random_orthogonal,12,-4.0,0.7117023468017578,0.7117023468017578,0.0
step-error-yes-no-v1,olympiadbench-17,olympiadbench,7,6,1,0,random_orthogonal,12,-4.0,-0.3027097582817077,-0.3027097582817077,0.0
step-error-yes-no-v1,omnimath-335,omnimath,3,0,1,0,random_orthogonal,12,-4.0,-0.4497405886650085,-0.4743163287639618,0.0245757400989532
step-error-yes-no-v1,math-418,math,2,1,1,0,random_orthogonal,12,-4.0,0.6709671020507812,0.6709671020507812,0.0
step-error-yes-no-v1,omnimath-421,omnimath,4,3,1,0,random_orthogonal,12,-4.0,-0.2740616202354431,-0.2740616202354431,0.0
step-error-yes-no-v1,olympiadbench-72,olympiadbench,3,1,1,0,random_orthogonal,12,-4.0,0.7039056420326233,0.7117023468017578,-0.0077967047691345
step-error-yes-no-v1,math-372,math,3,3,1,1,random_orthogonal,12,-4.0,0.4743163287639618,0.4743163287639618,0.0
step-error-yes-no-v1,math-163,math,1,3,0,0,random_orthogonal,12,-4.0,0.4371887743473053,0.4371887743473053,0.0
step-error-yes-no-v1,omnimath-531,omnimath,4,-1,0,0,random_orthogonal,12,-4.0,0.8093010187149048,0.8093010187149048,0.0
step-error-yes-no-v1,math-437,math,2,2,1,1,random_orthogonal,12,-4.0,0.5545997619628906,0.5545997619628906,0.0
step-error-yes-no-v1,olympiadbench-9,olympiadbench,0,3,0,0,random_orthogonal,12,-4.0,0.1243530213832855,0.1089409291744232,0.0154120922088623
step-error-yes-no-v1,olympiadbench-763,olympiadbench,8,2,1,0,random_orthogonal,12,-4.0,-0.1089409291744232,-0.093476265668869,-0.0154646635055542
step-error-yes-no-v1,omnimath-831,omnimath,0,-1,0,0,random_orthogonal,12,-4.0,0.4115700721740722,0.4115700721740722,0.0
step-error-yes-no-v1,omnimath-725,omnimath,9,-1,0,0,random_orthogonal,12,-4.0,-0.0624187588691711,-0.0624187588691711,0.0
step-error-yes-no-v1,math-717,math,2,-1,0,0,random_orthogonal,12,-4.0,0.4115700721740722,0.3852839469909668,0.0262861251831054
step-error-yes-no-v1,omnimath-628,omnimath,2,-1,0,0,random_orthogonal,12,-4.0,-0.3852839469909668,-0.3852839469909668,0.0
step-error-yes-no-v1,gsm8k-106,gsm8k,2,1,1,0,random_orthogonal,12,-4.0,-0.093476265668869,-0.093476265668869,0.0
step-error-yes-no-v1,math-563,math,4,2,1,0,random_orthogonal,12,-4.0,0.8833082914352417,0.8833082914352417,0.0
step-error-yes-no-v1,gsm8k-59,gsm8k,2,2,1,1,random_orthogonal,12,-4.0,0.5098299980163574,0.5098299980163574,0.0
step-error-yes-no-v1,math-632,math,1,-1,0,0,random_orthogonal,12,-4.0,0.7805885076522827,0.7680785655975342,0.0125099420547485
step-error-yes-no-v1,olympiadbench-275,olympiadbench,6,1,1,0,random_orthogonal,12,-4.0,-0.4244643449783325,-0.4115700721740722,-0.0128942728042602
step-error-yes-no-v1,math-304,math,1,3,0,0,random_orthogonal,12,-4.0,0.4981744289398193,0.5098299980163574,-0.011655569076538
step-error-yes-no-v1,omnimath-722,omnimath,7,4,1,0,random_orthogonal,12,-4.0,-0.4621171057224273,-0.4621171057224273,0.0
step-error-yes-no-v1,olympiadbench-545,olympiadbench,2,2,1,1,random_orthogonal,12,-4.0,-0.1853331923484802,-0.2153263688087463,0.0299931764602661
step-error-yes-no-v1,math-1,math,8,9,0,0,random_orthogonal,12,-4.0,-0.4863359332084656,-0.4863359332084656,0.0
step-error-yes-no-v1,omnimath-167,omnimath,0,2,0,0,random_orthogonal,12,-4.0,-0.093476265668869,-0.0312398374080657,-0.0622364282608032
step-error-yes-no-v1,omnimath-705,omnimath,1,-1,0,0,random_orthogonal,12,-4.0,0.5963735580444336,0.5963735580444336,0.0
step-error-yes-no-v1,gsm8k-208,gsm8k,1,4,0,0,random_orthogonal,12,-4.0,0.6709671020507812,0.6709671020507812,0.0
step-error-yes-no-v1,math-387,math,0,1,0,0,random_orthogonal,12,-4.0,0.5098299980163574,0.5325872898101807,-0.0227572917938232
step-error-yes-no-v1,omnimath-885,omnimath,6,-1,0,0,random_orthogonal,12,-4.0,-0.1243530213832855,-0.1243530213832855,0.0
step-error-yes-no-v1,math-157,math,7,1,1,0,random_orthogonal,12,-4.0,0.0624187588691711,0.0312398374080657,0.0311789214611053
step-error-yes-no-v1,gsm8k-199,gsm8k,2,2,1,1,random_orthogonal,12,-4.0,0.5213013291358948,0.5436869859695435,-0.0223856568336486
step-error-yes-no-v1,math-747,math,2,-1,0,0,random_orthogonal,12,4.0,0.719327449798584,0.7117023468017578,0.0076251029968261
step-error-yes-no-v1,olympiadbench-17,olympiadbench,7,6,1,0,random_orthogonal,12,4.0,-0.3308211266994476,-0.3027097582817077,-0.0281113684177398
step-error-yes-no-v1,omnimath-335,omnimath,3,0,1,0,random_orthogonal,12,4.0,-0.4497405886650085,-0.4743163287639618,0.0245757400989532
step-error-yes-no-v1,math-418,math,2,1,1,0,random_orthogonal,12,4.0,0.6709671020507812,0.6709671020507812,0.0
step-error-yes-no-v1,omnimath-421,omnimath,4,3,1,0,random_orthogonal,12,4.0,-0.3027097582817077,-0.2740616202354431,-0.0286481380462646
step-error-yes-no-v1,olympiadbench-72,olympiadbench,3,1,1,0,random_orthogonal,12,4.0,0.7117023468017578,0.7117023468017578,0.0
step-error-yes-no-v1,math-372,math,3,3,1,1,random_orthogonal,12,4.0,0.4863359332084656,0.4743163287639618,0.0120196044445037
step-error-yes-no-v1,math-163,math,1,3,0,0,random_orthogonal,12,4.0,0.4863359332084656,0.4371887743473053,0.0491471588611602
step-error-yes-no-v1,omnimath-531,omnimath,4,-1,0,0,random_orthogonal,12,4.0,0.8146244883537292,0.8093010187149048,0.0053234696388244
step-error-yes-no-v1,math-437,math,2,2,1,1,random_orthogonal,12,4.0,0.5325872898101807,0.5545997619628906,-0.0220124721527099
step-error-yes-no-v1,olympiadbench-9,olympiadbench,0,3,0,0,random_orthogonal,12,4.0,0.1243530213832855,0.1089409291744232,0.0154120922088623
step-error-yes-no-v1,olympiadbench-763,olympiadbench,8,2,1,0,random_orthogonal,12,4.0,-0.1397053301334381,-0.093476265668869,-0.046229064464569
step-error-yes-no-v1,omnimath-831,omnimath,0,-1,0,0,random_orthogonal,12,4.0,0.4115700721740722,0.4115700721740722,0.0
step-error-yes-no-v1,omnimath-725,omnimath,9,-1,0,0,random_orthogonal,12,4.0,-0.0312398374080657,-0.0624187588691711,0.0311789214611053
step-error-yes-no-v1,math-717,math,2,-1,0,0,random_orthogonal,12,4.0,0.3852839469909668,0.3852839469909668,0.0
step-error-yes-no-v1,omnimath-628,omnimath,2,-1,0,0,random_orthogonal,12,4.0,-0.3852839469909668,-0.3852839469909668,0.0
step-error-yes-no-v1,gsm8k-106,gsm8k,2,1,1,0,random_orthogonal,12,4.0,-0.1243530213832855,-0.093476265668869,-0.0308767557144165
step-error-yes-no-v1,math-563,math,4,2,1,0,random_orthogonal,12,4.0,0.886695146560669,0.8833082914352417,0.0033868551254272
step-error-yes-no-v1,gsm8k-59,gsm8k,2,2,1,1,random_orthogonal,12,4.0,0.5098299980163574,0.5098299980163574,0.0
step-error-yes-no-v1,math-632,math,1,-1,0,0,random_orthogonal,12,4.0,0.7866188287734985,0.7680785655975342,0.0185402631759643
step-error-yes-no-v1,olympiadbench-275,olympiadbench,6,1,1,0,random_orthogonal,12,4.0,-0.4244643449783325,-0.4115700721740722,-0.0128942728042602
step-error-yes-no-v1,math-304,math,1,3,0,0,random_orthogonal,12,4.0,0.4981744289398193,0.5098299980163574,-0.011655569076538
step-error-yes-no-v1,omnimath-722,omnimath,7,4,1,0,random_orthogonal,12,4.0,-0.4863359332084656,-0.4621171057224273,-0.0242188274860382
step-error-yes-no-v1,olympiadbench-545,olympiadbench,2,2,1,1,random_orthogonal,12,4.0,-0.2153263688087463,-0.2153263688087463,0.0
step-error-yes-no-v1,math-1,math,8,9,0,0,random_orthogonal,12,4.0,-0.5098299980163574,-0.4863359332084656,-0.0234940648078918
step-error-yes-no-v1,omnimath-167,omnimath,0,2,0,0,random_orthogonal,12,4.0,-0.0624187588691711,-0.0312398374080657,-0.0311789214611053
step-error-yes-no-v1,omnimath-705,omnimath,1,-1,0,0,random_orthogonal,12,4.0,0.5963735580444336,0.5963735580444336,0.0
step-error-yes-no-v1,gsm8k-208,gsm8k,1,4,0,0,random_orthogonal,12,4.0,0.662286102771759,0.6709671020507812,-0.0086809992790222
step-error-yes-no-v1,math-387,math,0,1,0,0,random_orthogonal,12,4.0,0.5325872898101807,0.5325872898101807,0.0
step-error-yes-no-v1,omnimath-885,omnimath,6,-1,0,0,random_orthogonal,12,4.0,-0.1243530213832855,-0.1243530213832855,0.0
step-error-yes-no-v1,math-157,math,7,1,1,0,random_orthogonal,12,4.0,0.0624187588691711,0.0312398374080657,0.0311789214611053
step-error-yes-no-v1,gsm8k-199,gsm8k,2,2,1,1,random_orthogonal,12,4.0,0.5098299980163574,0.5436869859695435,-0.033856987953186
step-error-yes-no-v1,math-747,math,2,-1,0,0,random_orthogonal,13,-4.0,0.719327449798584,0.7117023468017578,0.0076251029968261
step-error-yes-no-v1,olympiadbench-17,olympiadbench,7,6,1,0,random_orthogonal,13,-4.0,-0.3308211266994476,-0.3027097582817077,-0.0281113684177398
step-error-yes-no-v1,omnimath-335,omnimath,3,0,1,0,random_orthogonal,13,-4.0,-0.4371887743473053,-0.4743163287639618,0.0371275544166564
step-error-yes-no-v1,math-418,math,2,1,1,0,random_orthogonal,13,-4.0,0.662286102771759,0.6709671020507812,-0.0086809992790222
step-error-yes-no-v1,omnimath-421,omnimath,4,3,1,0,random_orthogonal,13,-4.0,-0.2740616202354431,-0.2740616202354431,0.0
step-error-yes-no-v1,olympiadbench-72,olympiadbench,3,1,1,0,random_orthogonal,13,-4.0,0.7117023468017578,0.7117023468017578,0.0
step-error-yes-no-v1,math-372,math,3,3,1,1,random_orthogonal,13,-4.0,0.4863359332084656,0.4743163287639618,0.0120196044445037
step-error-yes-no-v1,math-163,math,1,3,0,0,random_orthogonal,13,-4.0,0.4371887743473053,0.4371887743473053,0.0
step-error-yes-no-v1,omnimath-531,omnimath,4,-1,0,0,random_orthogonal,13,-4.0,0.8146244883537292,0.8093010187149048,0.0053234696388244
step-error-yes-no-v1,math-437,math,2,2,1,1,random_orthogonal,13,-4.0,0.5325872898101807,0.5545997619628906,-0.0220124721527099
step-error-yes-no-v1,olympiadbench-9,olympiadbench,0,3,0,0,random_orthogonal,13,-4.0,0.1089409291744232,0.1089409291744232,0.0
step-error-yes-no-v1,olympiadbench-763,olympiadbench,8,2,1,0,random_orthogonal,13,-4.0,-0.093476265668869,-0.093476265668869,0.0
step-error-yes-no-v1,omnimath-831,omnimath,0,-1,0,0,random_orthogonal,13,-4.0,0.4115700721740722,0.4115700721740722,0.0
step-error-yes-no-v1,omnimath-725,omnimath,9,-1,0,0,random_orthogonal,13,-4.0,-0.0312398374080657,-0.0624187588691711,0.0311789214611053
step-error-yes-no-v1,math-717,math,2,-1,0,0,random_orthogonal,13,-4.0,0.4115700721740722,0.3852839469909668,0.0262861251831054
step-error-yes-no-v1,omnimath-628,omnimath,2,-1,0,0,random_orthogonal,13,-4.0,-0.3852839469909668,-0.3852839469909668,0.0
step-error-yes-no-v1,gsm8k-106,gsm8k,2,1,1,0,random_orthogonal,13,-4.0,-0.093476265668869,-0.093476265668869,0.0
step-error-yes-no-v1,math-563,math,4,2,1,0,random_orthogonal,13,-4.0,0.8833082914352417,0.8833082914352417,0.0
step-error-yes-no-v1,gsm8k-59,gsm8k,2,2,1,1,random_orthogonal,13,-4.0,0.5098299980163574,0.5098299980163574,0.0
step-error-yes-no-v1,math-632,math,1,-1,0,0,random_orthogonal,13,-4.0,0.7805885076522827,0.7680785655975342,0.0125099420547485
step-error-yes-no-v1,olympiadbench-275,olympiadbench,6,1,1,0,random_orthogonal,13,-4.0,-0.4244643449783325,-0.4115700721740722,-0.0128942728042602
step-error-yes-no-v1,math-304,math,1,3,0,0,random_orthogonal,13,-4.0,0.4981744289398193,0.5098299980163574,-0.011655569076538
step-error-yes-no-v1,omnimath-722,omnimath,7,4,1,0,random_orthogonal,13,-4.0,-0.4863359332084656,-0.4621171057224273,-0.0242188274860382
step-error-yes-no-v1,olympiadbench-545,olympiadbench,2,2,1,1,random_orthogonal,13,-4.0,-0.1853331923484802,-0.2153263688087463,0.0299931764602661
step-error-yes-no-v1,math-1,math,8,9,0,0,random_orthogonal,13,-4.0,-0.4863359332084656,-0.4863359332084656,0.0
step-error-yes-no-v1,omnimath-167,omnimath,0,2,0,0,random_orthogonal,13,-4.0,-0.093476265668869,-0.0312398374080657,-0.0622364282608032
step-error-yes-no-v1,omnimath-705,omnimath,1,-1,0,0,random_orthogonal,13,-4.0,0.5963735580444336,0.5963735580444336,0.0
step-error-yes-no-v1,gsm8k-208,gsm8k,1,4,0,0,random_orthogonal,13,-4.0,0.662286102771759,0.6709671020507812,-0.0086809992790222
step-error-yes-no-v1,math-387,math,0,1,0,0,random_orthogonal,13,-4.0,0.5325872898101807,0.5325872898101807,0.0
step-error-yes-no-v1,omnimath-885,omnimath,6,-1,0,0,random_orthogonal,13,-4.0,-0.1243530213832855,-0.1243530213832855,0.0
step-error-yes-no-v1,math-157,math,7,1,1,0,random_orthogonal,13,-4.0,0.0624187588691711,0.0312398374080657,0.0311789214611053
step-error-yes-no-v1,gsm8k-199,gsm8k,2,2,1,1,random_orthogonal,13,-4.0,0.5213013291358948,0.5436869859695435,-0.0223856568336486
step-error-yes-no-v1,math-747,math,2,-1,0,0,random_orthogonal,13,4.0,0.719327449798584,0.7117023468017578,0.0076251029968261
step-error-yes-no-v1,olympiadbench-17,olympiadbench,7,6,1,0,random_orthogonal,13,4.0,-0.3308211266994476,-0.3027097582817077,-0.0281113684177398
step-error-yes-no-v1,omnimath-335,omnimath,3,0,1,0,random_orthogonal,13,4.0,-0.4497405886650085,-0.4743163287639618,0.0245757400989532
step-error-yes-no-v1,math-418,math,2,1,1,0,random_orthogonal,13,4.0,0.662286102771759,0.6709671020507812,-0.0086809992790222
step-error-yes-no-v1,omnimath-421,omnimath,4,3,1,0,random_orthogonal,13,4.0,-0.2740616202354431,-0.2740616202354431,0.0
step-error-yes-no-v1,olympiadbench-72,olympiadbench,3,1,1,0,random_orthogonal,13,4.0,0.7039056420326233,0.7117023468017578,-0.0077967047691345
step-error-yes-no-v1,math-372,math,3,3,1,1,random_orthogonal,13,4.0,0.4863359332084656,0.4743163287639618,0.0120196044445037
step-error-yes-no-v1,math-163,math,1,3,0,0,random_orthogonal,13,4.0,0.4371887743473053,0.4371887743473053,0.0
step-error-yes-no-v1,omnimath-531,omnimath,4,-1,0,0,random_orthogonal,13,4.0,0.8198139667510986,0.8093010187149048,0.0105129480361938
step-error-yes-no-v1,math-437,math,2,2,1,1,random_orthogonal,13,4.0,0.5545997619628906,0.5545997619628906,0.0
step-error-yes-no-v1,olympiadbench-9,olympiadbench,0,3,0,0,random_orthogonal,13,4.0,0.1089409291744232,0.1089409291744232,0.0
step-error-yes-no-v1,olympiadbench-763,olympiadbench,8,2,1,0,random_orthogonal,13,4.0,-0.1089409291744232,-0.093476265668869,-0.0154646635055542
step-error-yes-no-v1,omnimath-831,omnimath,0,-1,0,0,random_orthogonal,13,4.0,0.4115700721740722,0.4115700721740722,0.0
step-error-yes-no-v1,omnimath-725,omnimath,9,-1,0,0,random_orthogonal,13,4.0,-0.0624187588691711,-0.0624187588691711,0.0
step-error-yes-no-v1,math-717,math,2,-1,0,0,random_orthogonal,13,4.0,0.4115700721740722,0.3852839469909668,0.0262861251831054
step-error-yes-no-v1,omnimath-628,omnimath,2,-1,0,0,random_orthogonal,13,4.0,-0.3583573997020721,-0.3852839469909668,0.0269265472888946
step-error-yes-no-v1,gsm8k-106,gsm8k,2,1,1,0,random_orthogonal,13,4.0,-0.093476265668869,-0.093476265668869,0.0
step-error-yes-no-v1,math-563,math,4,2,1,0,random_orthogonal,13,4.0,0.8833082914352417,0.8833082914352417,0.0
step-error-yes-no-v1,gsm8k-59,gsm8k,2,2,1,1,random_orthogonal,13,4.0,0.5098299980163574,0.5098299980163574,0.0
step-error-yes-no-v1,math-632,math,1,-1,0,0,random_orthogonal,13,4.0,0.7805885076522827,0.7680785655975342,0.0125099420547485
step-error-yes-no-v1,olympiadbench-275,olympiadbench,6,1,1,0,random_orthogonal,13,4.0,-0.4244643449783325,-0.4115700721740722,-0.0128942728042602
step-error-yes-no-v1,math-304,math,1,3,0,0,random_orthogonal,13,4.0,0.4981744289398193,0.5098299980163574,-0.011655569076538
step-error-yes-no-v1,omnimath-722,omnimath,7,4,1,0,random_orthogonal,13,4.0,-0.4863359332084656,-0.4621171057224273,-0.0242188274860382
step-error-yes-no-v1,olympiadbench-545,olympiadbench,2,2,1,1,random_orthogonal,13,4.0,-0.1853331923484802,-0.2153263688087463,0.0299931764602661
step-error-yes-no-v1,math-1,math,8,9,0,0,random_orthogonal,13,4.0,-0.5098299980163574,-0.4863359332084656,-0.0234940648078918
step-error-yes-no-v1,omnimath-167,omnimath,0,2,0,0,random_orthogonal,13,4.0,-0.093476265668869,-0.0312398374080657,-0.0622364282608032
step-error-yes-no-v1,omnimath-705,omnimath,1,-1,0,0,random_orthogonal,13,4.0,0.5963735580444336,0.5963735580444336,0.0
step-error-yes-no-v1,gsm8k-208,gsm8k,1,4,0,0,random_orthogonal,13,4.0,0.662286102771759,0.6709671020507812,-0.0086809992790222
step-error-yes-no-v1,math-387,math,0,1,0,0,random_orthogonal,13,4.0,0.5098299980163574,0.5325872898101807,-0.0227572917938232
step-error-yes-no-v1,omnimath-885,omnimath,6,-1,0,0,random_orthogonal,13,4.0,-0.1243530213832855,-0.1243530213832855,0.0
step-error-yes-no-v1,math-157,math,7,1,1,0,random_orthogonal,13,4.0,0.0,0.0312398374080657,-0.0312398374080657
step-error-yes-no-v1,gsm8k-199,gsm8k,2,2,1,1,random_orthogonal,13,4.0,0.5325872898101807,0.5436869859695435,-0.0110996961593627
step-error-yes-no-v1,math-747,math,2,-1,0,0,random_orthogonal,14,-4.0,0.719327449798584,0.7117023468017578,0.0076251029968261
step-error-yes-no-v1,olympiadbench-17,olympiadbench,7,6,1,0,random_orthogonal,14,-4.0,-0.3027097582817077,-0.3027097582817077,0.0
step-error-yes-no-v1,omnimath-335,omnimath,3,0,1,0,random_orthogonal,14,-4.0,-0.4371887743473053,-0.4743163287639618,0.0371275544166564
step-error-yes-no-v1,math-418,math,2,1,1,0,random_orthogonal,14,-4.0,0.6709671020507812,0.6709671020507812,0.0
step-error-yes-no-v1,omnimath-421,omnimath,4,3,1,0,random_orthogonal,14,-4.0,-0.3027097582817077,-0.2740616202354431,-0.0286481380462646
step-error-yes-no-v1,olympiadbench-72,olympiadbench,3,1,1,0,random_orthogonal,14,-4.0,0.7039056420326233,0.7117023468017578,-0.0077967047691345
step-error-yes-no-v1,math-372,math,3,3,1,1,random_orthogonal,14,-4.0,0.4743163287639618,0.4743163287639618,0.0
step-error-yes-no-v1,math-163,math,1,3,0,0,random_orthogonal,14,-4.0,0.4621171057224273,0.4371887743473053,0.024928331375122
step-error-yes-no-v1,omnimath-531,omnimath,4,-1,0,0,random_orthogonal,14,-4.0,0.8198139667510986,0.8093010187149048,0.0105129480361938
step-error-yes-no-v1,math-437,math,2,2,1,1,random_orthogonal,14,-4.0,0.5545997619628906,0.5545997619628906,0.0
step-error-yes-no-v1,olympiadbench-9,olympiadbench,0,3,0,0,random_orthogonal,14,-4.0,0.1089409291744232,0.1089409291744232,0.0
step-error-yes-no-v1,olympiadbench-763,olympiadbench,8,2,1,0,random_orthogonal,14,-4.0,-0.1243530213832855,-0.093476265668869,-0.0308767557144165
step-error-yes-no-v1,omnimath-831,omnimath,0,-1,0,0,random_orthogonal,14,-4.0,0.4371887743473053,0.4115700721740722,0.025618702173233
step-error-yes-no-v1,omnimath-725,omnimath,9,-1,0,0,random_orthogonal,14,-4.0,-0.0312398374080657,-0.0624187588691711,0.0311789214611053
step-error-yes-no-v1,math-717,math,2,-1,0,0,random_orthogonal,14,-4.0,0.3852839469909668,0.3852839469909668,0.0
step-error-yes-no-v1,omnimath-628,omnimath,2,-1,0,0,random_orthogonal,14,-4.0,-0.3852839469909668,-0.3852839469909668,0.0
step-error-yes-no-v1,gsm8k-106,gsm8k,2,1,1,0,random_orthogonal,14,-4.0,-0.093476265668869,-0.093476265668869,0.0
step-error-yes-no-v1,math-563,math,4,2,1,0,random_orthogonal,14,-4.0,0.8833082914352417,0.8833082914352417,0.0
step-error-yes-no-v1,gsm8k-59,gsm8k,2,2,1,1,random_orthogonal,14,-4.0,0.5098299980163574,0.5098299980163574,0.0
step-error-yes-no-v1,math-632,math,1,-1,0,0,random_orthogonal,14,-4.0,0.7680785655975342,0.7680785655975342,0.0
step-error-yes-no-v1,olympiadbench-275,olympiadbench,6,1,1,0,random_orthogonal,14,-4.0,-0.4371887743473053,-0.4115700721740722,-0.025618702173233
step-error-yes-no-v1,math-304,math,1,3,0,0,random_orthogonal,14,-4.0,0.5098299980163574,0.5098299980163574,0.0
step-error-yes-no-v1,omnimath-722,omnimath,7,4,1,0,random_orthogonal,14,-4.0,-0.4863359332084656,-0.4621171057224273,-0.0242188274860382
step-error-yes-no-v1,olympiadbench-545,olympiadbench,2,2,1,1,random_orthogonal,14,-4.0,-0.1853331923484802,-0.2153263688087463,0.0299931764602661
step-error-yes-no-v1,math-1,math,8,9,0,0,random_orthogonal,14,-4.0,-0.4863359332084656,-0.4863359332084656,0.0
step-error-yes-no-v1,omnimath-167,omnimath,0,2,0,0,random_orthogonal,14,-4.0,-0.093476265668869,-0.0312398374080657,-0.0622364282608032
step-error-yes-no-v1,omnimath-705,omnimath,1,-1,0,0,random_orthogonal,14,-4.0,0.6063475608825684,0.5963735580444336,0.0099740028381347
step-error-yes-no-v1,gsm8k-208,gsm8k,1,4,0,0,random_orthogonal,14,-4.0,0.662286102771759,0.6709671020507812,-0.0086809992790222
step-error-yes-no-v1,math-387,math,0,1,0,0,random_orthogonal,14,-4.0,0.5325872898101807,0.5325872898101807,0.0
step-error-yes-no-v1,omnimath-885,omnimath,6,-1,0,0,random_orthogonal,14,-4.0,-0.1243530213832855,-0.1243530213832855,0.0
step-error-yes-no-v1,math-157,math,7,1,1,0,random_orthogonal,14,-4.0,0.0312398374080657,0.0312398374080657,0.0
step-error-yes-no-v1,gsm8k-199,gsm8k,2,2,1,1,random_orthogonal,14,-4.0,0.5325872898101807,0.5436869859695435,-0.0110996961593627
step-error-yes-no-v1,math-747,math,2,-1,0,0,random_orthogonal,14,4.0,0.6959354877471924,0.7117023468017578,-0.0157668590545654
step-error-yes-no-v1,olympiadbench-17,olympiadbench,7,6,1,0,random_orthogonal,14,4.0,-0.3308211266994476,-0.3027097582817077,-0.0281113684177398
step-error-yes-no-v1,omnimath-335,omnimath,3,0,1,0,random_orthogonal,14,4.0,-0.4371887743473053,-0.4743163287639618,0.0371275544166564
step-error-yes-no-v1,math-418,math,2,1,1,0,random_orthogonal,14,4.0,0.662286102771759,0.6709671020507812,-0.0086809992790222
step-error-yes-no-v1,omnimath-421,omnimath,4,3,1,0,random_orthogonal,14,4.0,-0.3027097582817077,-0.2740616202354431,-0.0286481380462646
step-error-yes-no-v1,olympiadbench-72,olympiadbench,3,1,1,0,random_orthogonal,14,4.0,0.7039056420326233,0.7117023468017578,-0.0077967047691345
step-error-yes-no-v1,math-372,math,3,3,1,1,random_orthogonal,14,4.0,0.4863359332084656,0.4743163287639618,0.0120196044445037
step-error-yes-no-v1,math-163,math,1,3,0,0,random_orthogonal,14,4.0,0.4371887743473053,0.4371887743473053,0.0
step-error-yes-no-v1,omnimath-531,omnimath,4,-1,0,0,random_orthogonal,14,4.0,0.8093010187149048,0.8093010187149048,0.0
step-error-yes-no-v1,math-437,math,2,2,1,1,random_orthogonal,14,4.0,0.5545997619628906,0.5545997619628906,0.0
step-error-yes-no-v1,olympiadbench-9,olympiadbench,0,3,0,0,random_orthogonal,14,4.0,0.093476265668869,0.1089409291744232,-0.0154646635055542
step-error-yes-no-v1,olympiadbench-763,olympiadbench,8,2,1,0,random_orthogonal,14,4.0,-0.1089409291744232,-0.093476265668869,-0.0154646635055542
step-error-yes-no-v1,omnimath-831,omnimath,0,-1,0,0,random_orthogonal,14,4.0,0.4115700721740722,0.4115700721740722,0.0
step-error-yes-no-v1,omnimath-725,omnimath,9,-1,0,0,random_orthogonal,14,4.0,-0.0624187588691711,-0.0624187588691711,0.0
step-error-yes-no-v1,math-717,math,2,-1,0,0,random_orthogonal,14,4.0,0.3852839469909668,0.3852839469909668,0.0
step-error-yes-no-v1,omnimath-628,omnimath,2,-1,0,0,random_orthogonal,14,4.0,-0.4115700721740722,-0.3852839469909668,-0.0262861251831054
step-error-yes-no-v1,gsm8k-106,gsm8k,2,1,1,0,random_orthogonal,14,4.0,-0.093476265668869,-0.093476265668869,0.0
step-error-yes-no-v1,math-563,math,4,2,1,0,random_orthogonal,14,4.0,0.8833082914352417,0.8833082914352417,0.0
step-error-yes-no-v1,gsm8k-59,gsm8k,2,2,1,1,random_orthogonal,14,4.0,0.5098299980163574,0.5098299980163574,0.0
step-error-yes-no-v1,math-632,math,1,-1,0,0,random_orthogonal,14,4.0,0.7744091749191284,0.7680785655975342,0.0063306093215942
step-error-yes-no-v1,olympiadbench-275,olympiadbench,6,1,1,0,random_orthogonal,14,4.0,-0.4371887743473053,-0.4115700721740722,-0.025618702173233
step-error-yes-no-v1,math-304,math,1,3,0,0,random_orthogonal,14,4.0,0.5098299980163574,0.5098299980163574,0.0
step-error-yes-no-v1,omnimath-722,omnimath,7,4,1,0,random_orthogonal,14,4.0,-0.4863359332084656,-0.4621171057224273,-0.0242188274860382
step-error-yes-no-v1,olympiadbench-545,olympiadbench,2,2,1,1,random_orthogonal,14,4.0,-0.2153263688087463,-0.2153263688087463,0.0
step-error-yes-no-v1,math-1,math,8,9,0,0,random_orthogonal,14,4.0,-0.5098299980163574,-0.4863359332084656,-0.0234940648078918
step-error-yes-no-v1,omnimath-167,omnimath,0,2,0,0,random_orthogonal,14,4.0,-0.093476265668869,-0.0312398374080657,-0.0622364282608032
step-error-yes-no-v1,omnimath-705,omnimath,1,-1,0,0,random_orthogonal,14,4.0,0.6063475608825684,0.5963735580444336,0.0099740028381347
step-error-yes-no-v1,gsm8k-208,gsm8k,1,4,0,0,random_orthogonal,14,4.0,0.6709671020507812,0.6709671020507812,0.0
step-error-yes-no-v1,math-387,math,0,1,0,0,random_orthogonal,14,4.0,0.5325872898101807,0.5325872898101807,0.0
step-error-yes-no-v1,omnimath-885,omnimath,6,-1,0,0,random_orthogonal,14,4.0,-0.1243530213832855,-0.1243530213832855,0.0
step-error-yes-no-v1,math-157,math,7,1,1,0,random_orthogonal,14,4.0,0.0624187588691711,0.0312398374080657,0.0311789214611053
step-error-yes-no-v1,gsm8k-199,gsm8k,2,2,1,1,random_orthogonal,14,4.0,0.5213013291358948,0.5436869859695435,-0.0223856568336486
step-error-yes-no-v1,math-747,math,2,-1,0,0,random_orthogonal,15,-4.0,0.7117023468017578,0.7117023468017578,0.0
step-error-yes-no-v1,olympiadbench-17,olympiadbench,7,6,1,0,random_orthogonal,15,-4.0,-0.3308211266994476,-0.3027097582817077,-0.0281113684177398
step-error-yes-no-v1,omnimath-335,omnimath,3,0,1,0,random_orthogonal,15,-4.0,-0.4371887743473053,-0.4743163287639618,0.0371275544166564
step-error-yes-no-v1,math-418,math,2,1,1,0,random_orthogonal,15,-4.0,0.662286102771759,0.6709671020507812,-0.0086809992790222
step-error-yes-no-v1,omnimath-421,omnimath,4,3,1,0,random_orthogonal,15,-4.0,-0.2740616202354431,-0.2740616202354431,0.0
step-error-yes-no-v1,olympiadbench-72,olympiadbench,3,1,1,0,random_orthogonal,15,-4.0,0.7039056420326233,0.7117023468017578,-0.0077967047691345
step-error-yes-no-v1,math-372,math,3,3,1,1,random_orthogonal,15,-4.0,0.4863359332084656,0.4743163287639618,0.0120196044445037
step-error-yes-no-v1,math-163,math,1,3,0,0,random_orthogonal,15,-4.0,0.4371887743473053,0.4371887743473053,0.0
step-error-yes-no-v1,omnimath-531,omnimath,4,-1,0,0,random_orthogonal,15,-4.0,0.8146244883537292,0.8093010187149048,0.0053234696388244
step-error-yes-no-v1,math-437,math,2,2,1,1,random_orthogonal,15,-4.0,0.5325872898101807,0.5545997619628906,-0.0220124721527099
step-error-yes-no-v1,olympiadbench-9,olympiadbench,0,3,0,0,random_orthogonal,15,-4.0,0.1089409291744232,0.1089409291744232,0.0
step-error-yes-no-v1,olympiadbench-763,olympiadbench,8,2,1,0,random_orthogonal,15,-4.0,-0.1089409291744232,-0.093476265668869,-0.0154646635055542
step-error-yes-no-v1,omnimath-831,omnimath,0,-1,0,0,random_orthogonal,15,-4.0,0.4371887743473053,0.4115700721740722,0.025618702173233
step-error-yes-no-v1,omnimath-725,omnimath,9,-1,0,0,random_orthogonal,15,-4.0,-0.0312398374080657,-0.0624187588691711,0.0311789214611053
step-error-yes-no-v1,math-717,math,2,-1,0,0,random_orthogonal,15,-4.0,0.3852839469909668,0.3852839469909668,0.0
step-error-yes-no-v1,omnimath-628,omnimath,2,-1,0,0,random_orthogonal,15,-4.0,-0.3852839469909668,-0.3852839469909668,0.0
step-error-yes-no-v1,gsm8k-106,gsm8k,2,1,1,0,random_orthogonal,15,-4.0,-0.1089409291744232,-0.093476265668869,-0.0154646635055542
step-error-yes-no-v1,math-563,math,4,2,1,0,random_orthogonal,15,-4.0,0.8833082914352417,0.8833082914352417,0.0
step-error-yes-no-v1,gsm8k-59,gsm8k,2,2,1,1,random_orthogonal,15,-4.0,0.5098299980163574,0.5098299980163574,0.0
step-error-yes-no-v1,math-632,math,1,-1,0,0,random_orthogonal,15,-4.0,0.7680785655975342,0.7680785655975342,0.0
step-error-yes-no-v1,olympiadbench-275,olympiadbench,6,1,1,0,random_orthogonal,15,-4.0,-0.4115700721740722,-0.4115700721740722,0.0
step-error-yes-no-v1,math-304,math,1,3,0,0,random_orthogonal,15,-4.0,0.4981744289398193,0.5098299980163574,-0.011655569076538
step-error-yes-no-v1,omnimath-722,omnimath,7,4,1,0,random_orthogonal,15,-4.0,-0.4863359332084656,-0.4621171057224273,-0.0242188274860382
step-error-yes-no-v1,olympiadbench-545,olympiadbench,2,2,1,1,random_orthogonal,15,-4.0,-0.1853331923484802,-0.2153263688087463,0.0299931764602661
step-error-yes-no-v1,math-1,math,8,9,0,0,random_orthogonal,15,-4.0,-0.4863359332084656,-0.4863359332084656,0.0
step-error-yes-no-v1,omnimath-167,omnimath,0,2,0,0,random_orthogonal,15,-4.0,-0.093476265668869,-0.0312398374080657,-0.0622364282608032
step-error-yes-no-v1,omnimath-705,omnimath,1,-1,0,0,random_orthogonal,15,-4.0,0.5963735580444336,0.5963735580444336,0.0
step-error-yes-no-v1,gsm8k-208,gsm8k,1,4,0,0,random_orthogonal,15,-4.0,0.6709671020507812,0.6709671020507812,0.0
step-error-yes-no-v1,math-387,math,0,1,0,0,random_orthogonal,15,-4.0,0.5098299980163574,0.5325872898101807,-0.0227572917938232
step-error-yes-no-v1,omnimath-885,omnimath,6,-1,0,0,random_orthogonal,15,-4.0,-0.1243530213832855,-0.1243530213832855,0.0
step-error-yes-no-v1,math-157,math,7,1,1,0,random_orthogonal,15,-4.0,0.0312398374080657,0.0312398374080657,0.0
step-error-yes-no-v1,gsm8k-199,gsm8k,2,2,1,1,random_orthogonal,15,-4.0,0.5213013291358948,0.5436869859695435,-0.0223856568336486
step-error-yes-no-v1,math-747,math,2,-1,0,0,random_orthogonal,15,4.0,0.719327449798584,0.7117023468017578,0.0076251029968261
step-error-yes-no-v1,olympiadbench-17,olympiadbench,7,6,1,0,random_orthogonal,15,4.0,-0.3027097582817077,-0.3027097582817077,0.0
step-error-yes-no-v1,omnimath-335,omnimath,3,0,1,0,random_orthogonal,15,4.0,-0.4497405886650085,-0.4743163287639618,0.0245757400989532
step-error-yes-no-v1,math-418,math,2,1,1,0,random_orthogonal,15,4.0,0.6709671020507812,0.6709671020507812,0.0
step-error-yes-no-v1,omnimath-421,omnimath,4,3,1,0,random_orthogonal,15,4.0,-0.2740616202354431,-0.2740616202354431,0.0
step-error-yes-no-v1,olympiadbench-72,olympiadbench,3,1,1,0,random_orthogonal,15,4.0,0.7039056420326233,0.7117023468017578,-0.0077967047691345
step-error-yes-no-v1,math-372,math,3,3,1,1,random_orthogonal,15,4.0,0.4743163287639618,0.4743163287639618,0.0
step-error-yes-no-v1,math-163,math,1,3,0,0,random_orthogonal,15,4.0,0.4621171057224273,0.4371887743473053,0.024928331375122
step-error-yes-no-v1,omnimath-531,omnimath,4,-1,0,0,random_orthogonal,15,4.0,0.8198139667510986,0.8093010187149048,0.0105129480361938
step-error-yes-no-v1,math-437,math,2,2,1,1,random_orthogonal,15,4.0,0.5325872898101807,0.5545997619628906,-0.0220124721527099
step-error-yes-no-v1,olympiadbench-9,olympiadbench,0,3,0,0,random_orthogonal,15,4.0,0.1089409291744232,0.1089409291744232,0.0
step-error-yes-no-v1,olympiadbench-763,olympiadbench,8,2,1,0,random_orthogonal,15,4.0,-0.1243530213832855,-0.093476265668869,-0.0308767557144165
step-error-yes-no-v1,omnimath-831,omnimath,0,-1,0,0,random_orthogonal,15,4.0,0.4115700721740722,0.4115700721740722,0.0
step-error-yes-no-v1,omnimath-725,omnimath,9,-1,0,0,random_orthogonal,15,4.0,-0.0624187588691711,-0.0624187588691711,0.0
step-error-yes-no-v1,math-717,math,2,-1,0,0,random_orthogonal,15,4.0,0.3852839469909668,0.3852839469909668,0.0
step-error-yes-no-v1,omnimath-628,omnimath,2,-1,0,0,random_orthogonal,15,4.0,-0.3852839469909668,-0.3852839469909668,0.0
step-error-yes-no-v1,gsm8k-106,gsm8k,2,1,1,0,random_orthogonal,15,4.0,-0.1089409291744232,-0.093476265668869,-0.0154646635055542
step-error-yes-no-v1,math-563,math,4,2,1,0,random_orthogonal,15,4.0,0.8833082914352417,0.8833082914352417,0.0
step-error-yes-no-v1,gsm8k-59,gsm8k,2,2,1,1,random_orthogonal,15,4.0,0.5325872898101807,0.5098299980163574,0.0227572917938232
step-error-yes-no-v1,math-632,math,1,-1,0,0,random_orthogonal,15,4.0,0.7866188287734985,0.7680785655975342,0.0185402631759643
step-error-yes-no-v1,olympiadbench-275,olympiadbench,6,1,1,0,random_orthogonal,15,4.0,-0.4244643449783325,-0.4115700721740722,-0.0128942728042602
step-error-yes-no-v1,math-304,math,1,3,0,0,random_orthogonal,15,4.0,0.4981744289398193,0.5098299980163574,-0.011655569076538
step-error-yes-no-v1,omnimath-722,omnimath,7,4,1,0,random_orthogonal,15,4.0,-0.4863359332084656,-0.4621171057224273,-0.0242188274860382
step-error-yes-no-v1,olympiadbench-545,olympiadbench,2,2,1,1,random_orthogonal,15,4.0,-0.1853331923484802,-0.2153263688087463,0.0299931764602661
step-error-yes-no-v1,math-1,math,8,9,0,0,random_orthogonal,15,4.0,-0.5098299980163574,-0.4863359332084656,-0.0234940648078918
step-error-yes-no-v1,omnimath-167,omnimath,0,2,0,0,random_orthogonal,15,4.0,-0.1243530213832855,-0.0312398374080657,-0.0931131839752197
step-error-yes-no-v1,omnimath-705,omnimath,1,-1,0,0,random_orthogonal,15,4.0,0.5963735580444336,0.5963735580444336,0.0
step-error-yes-no-v1,gsm8k-208,gsm8k,1,4,0,0,random_orthogonal,15,4.0,0.6877902150154114,0.6709671020507812,0.0168231129646301
step-error-yes-no-v1,math-387,math,0,1,0,0,random_orthogonal,15,4.0,0.5098299980163574,0.5325872898101807,-0.0227572917938232
step-error-yes-no-v1,omnimath-885,omnimath,6,-1,0,0,random_orthogonal,15,4.0,-0.1243530213832855,-0.1243530213832855,0.0
step-error-yes-no-v1,math-157,math,7,1,1,0,random_orthogonal,15,4.0,0.0312398374080657,0.0312398374080657,0.0
step-error-yes-no-v1,gsm8k-199,gsm8k,2,2,1,1,random_orthogonal,15,4.0,0.5325872898101807,0.5436869859695435,-0.0110996961593627
step-error-yes-no-v1,math-747,math,2,-1,0,0,random_orthogonal,16,-4.0,0.7117023468017578,0.7117023468017578,0.0
step-error-yes-no-v1,olympiadbench-17,olympiadbench,7,6,1,0,random_orthogonal,16,-4.0,-0.3027097582817077,-0.3027097582817077,0.0
step-error-yes-no-v1,omnimath-335,omnimath,3,0,1,0,random_orthogonal,16,-4.0,-0.4497405886650085,-0.4743163287639618,0.0245757400989532
step-error-yes-no-v1,math-418,math,2,1,1,0,random_orthogonal,16,-4.0,0.6709671020507812,0.6709671020507812,0.0
step-error-yes-no-v1,omnimath-421,omnimath,4,3,1,0,random_orthogonal,16,-4.0,-0.2740616202354431,-0.2740616202354431,0.0
step-error-yes-no-v1,olympiadbench-72,olympiadbench,3,1,1,0,random_orthogonal,16,-4.0,0.7117023468017578,0.7117023468017578,0.0
step-error-yes-no-v1,math-372,math,3,3,1,1,random_orthogonal,16,-4.0,0.4743163287639618,0.4743163287639618,0.0
step-error-yes-no-v1,math-163,math,1,3,0,0,random_orthogonal,16,-4.0,0.4371887743473053,0.4371887743473053,0.0
step-error-yes-no-v1,omnimath-531,omnimath,4,-1,0,0,random_orthogonal,16,-4.0,0.8093010187149048,0.8093010187149048,0.0
step-error-yes-no-v1,math-437,math,2,2,1,1,random_orthogonal,16,-4.0,0.5545997619628906,0.5545997619628906,0.0
step-error-yes-no-v1,olympiadbench-9,olympiadbench,0,3,0,0,random_orthogonal,16,-4.0,0.1089409291744232,0.1089409291744232,0.0
step-error-yes-no-v1,olympiadbench-763,olympiadbench,8,2,1,0,random_orthogonal,16,-4.0,-0.1089409291744232,-0.093476265668869,-0.0154646635055542
step-error-yes-no-v1,omnimath-831,omnimath,0,-1,0,0,random_orthogonal,16,-4.0,0.4371887743473053,0.4115700721740722,0.025618702173233
step-error-yes-no-v1,omnimath-725,omnimath,9,-1,0,0,random_orthogonal,16,-4.0,-0.0624187588691711,-0.0624187588691711,0.0
step-error-yes-no-v1,math-717,math,2,-1,0,0,random_orthogonal,16,-4.0,0.4115700721740722,0.3852839469909668,0.0262861251831054
step-error-yes-no-v1,omnimath-628,omnimath,2,-1,0,0,random_orthogonal,16,-4.0,-0.3852839469909668,-0.3852839469909668,0.0
step-error-yes-no-v1,gsm8k-106,gsm8k,2,1,1,0,random_orthogonal,16,-4.0,-0.1089409291744232,-0.093476265668869,-0.0154646635055542
step-error-yes-no-v1,math-563,math,4,2,1,0,random_orthogonal,16,-4.0,0.8833082914352417,0.8833082914352417,0.0
step-error-yes-no-v1,gsm8k-59,gsm8k,2,2,1,1,random_orthogonal,16,-4.0,0.5098299980163574,0.5098299980163574,0.0
step-error-yes-no-v1,math-632,math,1,-1,0,0,random_orthogonal,16,-4.0,0.7866188287734985,0.7680785655975342,0.0185402631759643
step-error-yes-no-v1,olympiadbench-275,olympiadbench,6,1,1,0,random_orthogonal,16,-4.0,-0.4497405886650085,-0.4115700721740722,-0.0381705164909362
step-error-yes-no-v1,math-304,math,1,3,0,0,random_orthogonal,16,-4.0,0.4981744289398193,0.5098299980163574,-0.011655569076538
step-error-yes-no-v1,omnimath-722,omnimath,7,4,1,0,random_orthogonal,16,-4.0,-0.4863359332084656,-0.4621171057224273,-0.0242188274860382
step-error-yes-no-v1,olympiadbench-545,olympiadbench,2,2,1,1,random_orthogonal,16,-4.0,-0.2153263688087463,-0.2153263688087463,0.0
step-error-yes-no-v1,math-1,math,8,9,0,0,random_orthogonal,16,-4.0,-0.4863359332084656,-0.4863359332084656,0.0
step-error-yes-no-v1,omnimath-167,omnimath,0,2,0,0,random_orthogonal,16,-4.0,-0.0624187588691711,-0.0312398374080657,-0.0311789214611053
step-error-yes-no-v1,omnimath-705,omnimath,1,-1,0,0,random_orthogonal,16,-4.0,0.5963735580444336,0.5963735580444336,0.0
step-error-yes-no-v1,gsm8k-208,gsm8k,1,4,0,0,random_orthogonal,16,-4.0,0.6709671020507812,0.6709671020507812,0.0
step-error-yes-no-v1,math-387,math,0,1,0,0,random_orthogonal,16,-4.0,0.5325872898101807,0.5325872898101807,0.0
step-error-yes-no-v1,omnimath-885,omnimath,6,-1,0,0,random_orthogonal,16,-4.0,-0.1243530213832855,-0.1243530213832855,0.0
step-error-yes-no-v1,math-157,math,7,1,1,0,random_orthogonal,16,-4.0,0.0312398374080657,0.0312398374080657,0.0
step-error-yes-no-v1,gsm8k-199,gsm8k,2,2,1,1,random_orthogonal,16,-4.0,0.5213013291358948,0.5436869859695435,-0.0223856568336486
step-error-yes-no-v1,math-747,math,2,-1,0,0,random_orthogonal,16,4.0,0.719327449798584,0.7117023468017578,0.0076251029968261
step-error-yes-no-v1,olympiadbench-17,olympiadbench,7,6,1,0,random_orthogonal,16,4.0,-0.3027097582817077,-0.3027097582817077,0.0
step-error-yes-no-v1,omnimath-335,omnimath,3,0,1,0,random_orthogonal,16,4.0,-0.4497405886650085,-0.4743163287639618,0.0245757400989532
step-error-yes-no-v1,math-418,math,2,1,1,0,random_orthogonal,16,4.0,0.662286102771759,0.6709671020507812,-0.0086809992790222
step-error-yes-no-v1,omnimath-421,omnimath,4,3,1,0,random_orthogonal,16,4.0,-0.2740616202354431,-0.2740616202354431,0.0
step-error-yes-no-v1,olympiadbench-72,olympiadbench,3,1,1,0,random_orthogonal,16,4.0,0.7039056420326233,0.7117023468017578,-0.0077967047691345
step-error-yes-no-v1,math-372,math,3,3,1,1,random_orthogonal,16,4.0,0.4743163287639618,0.4743163287639618,0.0
step-error-yes-no-v1,math-163,math,1,3,0,0,random_orthogonal,16,4.0,0.4371887743473053,0.4371887743473053,0.0
step-error-yes-no-v1,omnimath-531,omnimath,4,-1,0,0,random_orthogonal,16,4.0,0.8198139667510986,0.8093010187149048,0.0105129480361938
step-error-yes-no-v1,math-437,math,2,2,1,1,random_orthogonal,16,4.0,0.5325872898101807,0.5545997619628906,-0.0220124721527099
step-error-yes-no-v1,olympiadbench-9,olympiadbench,0,3,0,0,random_orthogonal,16,4.0,0.1243530213832855,0.1089409291744232,0.0154120922088623
step-error-yes-no-v1,olympiadbench-763,olympiadbench,8,2,1,0,random_orthogonal,16,4.0,-0.1089409291744232,-0.093476265668869,-0.0154646635055542
step-error-yes-no-v1,omnimath-831,omnimath,0,-1,0,0,random_orthogonal,16,4.0,0.4371887743473053,0.4115700721740722,0.025618702173233
step-error-yes-no-v1,omnimath-725,omnimath,9,-1,0,0,random_orthogonal,16,4.0,-0.0312398374080657,-0.0624187588691711,0.0311789214611053
step-error-yes-no-v1,math-717,math,2,-1,0,0,random_orthogonal,16,4.0,0.3852839469909668,0.3852839469909668,0.0
step-error-yes-no-v1,omnimath-628,omnimath,2,-1,0,0,random_orthogonal,16,4.0,-0.3852839469909668,-0.3852839469909668,0.0
step-error-yes-no-v1,gsm8k-106,gsm8k,2,1,1,0,random_orthogonal,16,4.0,-0.1089409291744232,-0.093476265668869,-0.0154646635055542
step-error-yes-no-v1,math-563,math,4,2,1,0,random_orthogonal,16,4.0,0.8833082914352417,0.8833082914352417,0.0
step-error-yes-no-v1,gsm8k-59,gsm8k,2,2,1,1,random_orthogonal,16,4.0,0.5098299980163574,0.5098299980163574,0.0
step-error-yes-no-v1,math-632,math,1,-1,0,0,random_orthogonal,16,4.0,0.7805885076522827,0.7680785655975342,0.0125099420547485
step-error-yes-no-v1,olympiadbench-275,olympiadbench,6,1,1,0,random_orthogonal,16,4.0,-0.4115700721740722,-0.4115700721740722,0.0
step-error-yes-no-v1,math-304,math,1,3,0,0,random_orthogonal,16,4.0,0.4981744289398193,0.5098299980163574,-0.011655569076538
step-error-yes-no-v1,omnimath-722,omnimath,7,4,1,0,random_orthogonal,16,4.0,-0.4621171057224273,-0.4621171057224273,0.0
step-error-yes-no-v1,olympiadbench-545,olympiadbench,2,2,1,1,random_orthogonal,16,4.0,-0.2153263688087463,-0.2153263688087463,0.0
step-error-yes-no-v1,math-1,math,8,9,0,0,random_orthogonal,16,4.0,-0.4863359332084656,-0.4863359332084656,0.0
step-error-yes-no-v1,omnimath-167,omnimath,0,2,0,0,random_orthogonal,16,4.0,-0.093476265668869,-0.0312398374080657,-0.0622364282608032
step-error-yes-no-v1,omnimath-705,omnimath,1,-1,0,0,random_orthogonal,16,4.0,0.6063475608825684,0.5963735580444336,0.0099740028381347
step-error-yes-no-v1,gsm8k-208,gsm8k,1,4,0,0,random_orthogonal,16,4.0,0.6709671020507812,0.6709671020507812,0.0
step-error-yes-no-v1,math-387,math,0,1,0,0,random_orthogonal,16,4.0,0.5325872898101807,0.5325872898101807,0.0
step-error-yes-no-v1,omnimath-885,omnimath,6,-1,0,0,random_orthogonal,16,4.0,-0.1243530213832855,-0.1243530213832855,0.0
step-error-yes-no-v1,math-157,math,7,1,1,0,random_orthogonal,16,4.0,0.0624187588691711,0.0312398374080657,0.0311789214611053
step-error-yes-no-v1,gsm8k-199,gsm8k,2,2,1,1,random_orthogonal,16,4.0,0.5213013291358948,0.5436869859695435,-0.0223856568336486
step-error-yes-no-v1,math-747,math,2,-1,0,0,random_orthogonal,17,-4.0,0.7117023468017578,0.7117023468017578,0.0
step-error-yes-no-v1,olympiadbench-17,olympiadbench,7,6,1,0,random_orthogonal,17,-4.0,-0.3027097582817077,-0.3027097582817077,0.0
step-error-yes-no-v1,omnimath-335,omnimath,3,0,1,0,random_orthogonal,17,-4.0,-0.4371887743473053,-0.4743163287639618,0.0371275544166564
step-error-yes-no-v1,math-418,math,2,1,1,0,random_orthogonal,17,-4.0,0.6709671020507812,0.6709671020507812,0.0
step-error-yes-no-v1,omnimath-421,omnimath,4,3,1,0,random_orthogonal,17,-4.0,-0.2740616202354431,-0.2740616202354431,0.0
step-error-yes-no-v1,olympiadbench-72,olympiadbench,3,1,1,0,random_orthogonal,17,-4.0,0.7039056420326233,0.7117023468017578,-0.0077967047691345
step-error-yes-no-v1,math-372,math,3,3,1,1,random_orthogonal,17,-4.0,0.4863359332084656,0.4743163287639618,0.0120196044445037
step-error-yes-no-v1,math-163,math,1,3,0,0,random_orthogonal,17,-4.0,0.4371887743473053,0.4371887743473053,0.0
step-error-yes-no-v1,omnimath-531,omnimath,4,-1,0,0,random_orthogonal,17,-4.0,0.8146244883537292,0.8093010187149048,0.0053234696388244
step-error-yes-no-v1,math-437,math,2,2,1,1,random_orthogonal,17,-4.0,0.5325872898101807,0.5545997619628906,-0.0220124721527099
step-error-yes-no-v1,olympiadbench-9,olympiadbench,0,3,0,0,random_orthogonal,17,-4.0,0.1089409291744232,0.1089409291744232,0.0
step-error-yes-no-v1,olympiadbench-763,olympiadbench,8,2,1,0,random_orthogonal,17,-4.0,-0.1089409291744232,-0.093476265668869,-0.0154646635055542
step-error-yes-no-v1,omnimath-831,omnimath,0,-1,0,0,random_orthogonal,17,-4.0,0.4371887743473053,0.4115700721740722,0.025618702173233
step-error-yes-no-v1,omnimath-725,omnimath,9,-1,0,0,random_orthogonal,17,-4.0,-0.0312398374080657,-0.0624187588691711,0.0311789214611053
step-error-yes-no-v1,math-717,math,2,-1,0,0,random_orthogonal,17,-4.0,0.4115700721740722,0.3852839469909668,0.0262861251831054
step-error-yes-no-v1,omnimath-628,omnimath,2,-1,0,0,random_orthogonal,17,-4.0,-0.4115700721740722,-0.3852839469909668,-0.0262861251831054
step-error-yes-no-v1,gsm8k-106,gsm8k,2,1,1,0,random_orthogonal,17,-4.0,-0.0468407273292541,-0.093476265668869,0.0466355383396148
step-error-yes-no-v1,math-563,math,4,2,1,0,random_orthogonal,17,-4.0,0.8833082914352417,0.8833082914352417,0.0
step-error-yes-no-v1,gsm8k-59,gsm8k,2,2,1,1,random_orthogonal,17,-4.0,0.5098299980163574,0.5098299980163574,0.0
step-error-yes-no-v1,math-632,math,1,-1,0,0,random_orthogonal,17,-4.0,0.7805885076522827,0.7680785655975342,0.0125099420547485
step-error-yes-no-v1,olympiadbench-275,olympiadbench,6,1,1,0,random_orthogonal,17,-4.0,-0.4244643449783325,-0.4115700721740722,-0.0128942728042602
step-error-yes-no-v1,math-304,math,1,3,0,0,random_orthogonal,17,-4.0,0.4981744289398193,0.5098299980163574,-0.011655569076538
step-error-yes-no-v1,omnimath-722,omnimath,7,4,1,0,random_orthogonal,17,-4.0,-0.5098299980163574,-0.4621171057224273,-0.04771289229393
step-error-yes-no-v1,olympiadbench-545,olympiadbench,2,2,1,1,random_orthogonal,17,-4.0,-0.2153263688087463,-0.2153263688087463,0.0
step-error-yes-no-v1,math-1,math,8,9,0,0,random_orthogonal,17,-4.0,-0.5098299980163574,-0.4863359332084656,-0.0234940648078918
step-error-yes-no-v1,omnimath-167,omnimath,0,2,0,0,random_orthogonal,17,-4.0,-0.093476265668869,-0.0312398374080657,-0.0622364282608032
step-error-yes-no-v1,omnimath-705,omnimath,1,-1,0,0,random_orthogonal,17,-4.0,0.6063475608825684,0.5963735580444336,0.0099740028381347
step-error-yes-no-v1,gsm8k-208,gsm8k,1,4,0,0,random_orthogonal,17,-4.0,0.662286102771759,0.6709671020507812,-0.0086809992790222
step-error-yes-no-v1,math-387,math,0,1,0,0,random_orthogonal,17,-4.0,0.5325872898101807,0.5325872898101807,0.0
step-error-yes-no-v1,omnimath-885,omnimath,6,-1,0,0,random_orthogonal,17,-4.0,-0.1243530213832855,-0.1243530213832855,0.0
step-error-yes-no-v1,math-157,math,7,1,1,0,random_orthogonal,17,-4.0,0.0312398374080657,0.0312398374080657,0.0
step-error-yes-no-v1,gsm8k-199,gsm8k,2,2,1,1,random_orthogonal,17,-4.0,0.5436869859695435,0.5436869859695435,0.0
step-error-yes-no-v1,math-747,math,2,-1,0,0,random_orthogonal,17,4.0,0.7117023468017578,0.7117023468017578,0.0
step-error-yes-no-v1,olympiadbench-17,olympiadbench,7,6,1,0,random_orthogonal,17,4.0,-0.3308211266994476,-0.3027097582817077,-0.0281113684177398
step-error-yes-no-v1,omnimath-335,omnimath,3,0,1,0,random_orthogonal,17,4.0,-0.4497405886650085,-0.4743163287639618,0.0245757400989532
step-error-yes-no-v1,math-418,math,2,1,1,0,random_orthogonal,17,4.0,0.6709671020507812,0.6709671020507812,0.0
step-error-yes-no-v1,omnimath-421,omnimath,4,3,1,0,random_orthogonal,17,4.0,-0.2740616202354431,-0.2740616202354431,0.0
step-error-yes-no-v1,olympiadbench-72,olympiadbench,3,1,1,0,random_orthogonal,17,4.0,0.7039056420326233,0.7117023468017578,-0.0077967047691345
step-error-yes-no-v1,math-372,math,3,3,1,1,random_orthogonal,17,4.0,0.4743163287639618,0.4743163287639618,0.0
step-error-yes-no-v1,math-163,math,1,3,0,0,random_orthogonal,17,4.0,0.4621171057224273,0.4371887743473053,0.024928331375122
step-error-yes-no-v1,omnimath-531,omnimath,4,-1,0,0,random_orthogonal,17,4.0,0.8146244883537292,0.8093010187149048,0.0053234696388244
step-error-yes-no-v1,math-437,math,2,2,1,1,random_orthogonal,17,4.0,0.5325872898101807,0.5545997619628906,-0.0220124721527099
step-error-yes-no-v1,olympiadbench-9,olympiadbench,0,3,0,0,random_orthogonal,17,4.0,0.1243530213832855,0.1089409291744232,0.0154120922088623
step-error-yes-no-v1,olympiadbench-763,olympiadbench,8,2,1,0,random_orthogonal,17,4.0,-0.1089409291744232,-0.093476265668869,-0.0154646635055542
step-error-yes-no-v1,omnimath-831,omnimath,0,-1,0,0,random_orthogonal,17,4.0,0.4115700721740722,0.4115700721740722,0.0
step-error-yes-no-v1,omnimath-725,omnimath,9,-1,0,0,random_orthogonal,17,4.0,-0.0624187588691711,-0.0624187588691711,0.0
step-error-yes-no-v1,math-717,math,2,-1,0,0,random_orthogonal,17,4.0,0.4115700721740722,0.3852839469909668,0.0262861251831054
step-error-yes-no-v1,omnimath-628,omnimath,2,-1,0,0,random_orthogonal,17,4.0,-0.3852839469909668,-0.3852839469909668,0.0
step-error-yes-no-v1,gsm8k-106,gsm8k,2,1,1,0,random_orthogonal,17,4.0,-0.1089409291744232,-0.093476265668869,-0.0154646635055542
step-error-yes-no-v1,math-563,math,4,2,1,0,random_orthogonal,17,4.0,0.886695146560669,0.8833082914352417,0.0033868551254272
step-error-yes-no-v1,gsm8k-59,gsm8k,2,2,1,1,random_orthogonal,17,4.0,0.5098299980163574,0.5098299980163574,0.0
step-error-yes-no-v1,math-632,math,1,-1,0,0,random_orthogonal,17,4.0,0.7866188287734985,0.7680785655975342,0.0185402631759643
step-error-yes-no-v1,olympiadbench-275,olympiadbench,6,1,1,0,random_orthogonal,17,4.0,-0.4497405886650085,-0.4115700721740722,-0.0381705164909362
step-error-yes-no-v1,math-304,math,1,3,0,0,random_orthogonal,17,4.0,0.4981744289398193,0.5098299980163574,-0.011655569076538
step-error-yes-no-v1,omnimath-722,omnimath,7,4,1,0,random_orthogonal,17,4.0,-0.4621171057224273,-0.4621171057224273,0.0
step-error-yes-no-v1,olympiadbench-545,olympiadbench,2,2,1,1,random_orthogonal,17,4.0,-0.2153263688087463,-0.2153263688087463,0.0
step-error-yes-no-v1,math-1,math,8,9,0,0,random_orthogonal,17,4.0,-0.5098299980163574,-0.4863359332084656,-0.0234940648078918
step-error-yes-no-v1,omnimath-167,omnimath,0,2,0,0,random_orthogonal,17,4.0,-0.093476265668869,-0.0312398374080657,-0.0622364282608032
step-error-yes-no-v1,omnimath-705,omnimath,1,-1,0,0,random_orthogonal,17,4.0,0.5963735580444336,0.5963735580444336,0.0
step-error-yes-no-v1,gsm8k-208,gsm8k,1,4,0,0,random_orthogonal,17,4.0,0.6709671020507812,0.6709671020507812,0.0
step-error-yes-no-v1,math-387,math,0,1,0,0,random_orthogonal,17,4.0,0.5098299980163574,0.5325872898101807,-0.0227572917938232
step-error-yes-no-v1,omnimath-885,omnimath,6,-1,0,0,random_orthogonal,17,4.0,-0.1243530213832855,-0.1243530213832855,0.0
step-error-yes-no-v1,math-157,math,7,1,1,0,random_orthogonal,17,4.0,0.0624187588691711,0.0312398374080657,0.0311789214611053
step-error-yes-no-v1,gsm8k-199,gsm8k,2,2,1,1,random_orthogonal,17,4.0,0.5213013291358948,0.5436869859695435,-0.0223856568336486
step-error-yes-no-v1,math-747,math,2,-1,0,0,random_orthogonal,18,-4.0,0.719327449798584,0.7117023468017578,0.0076251029968261
step-error-yes-no-v1,olympiadbench-17,olympiadbench,7,6,1,0,random_orthogonal,18,-4.0,-0.3027097582817077,-0.3027097582817077,0.0
step-error-yes-no-v1,omnimath-335,omnimath,3,0,1,0,random_orthogonal,18,-4.0,-0.4371887743473053,-0.4743163287639618,0.0371275544166564
step-error-yes-no-v1,math-418,math,2,1,1,0,random_orthogonal,18,-4.0,0.6709671020507812,0.6709671020507812,0.0
step-error-yes-no-v1,omnimath-421,omnimath,4,3,1,0,random_orthogonal,18,-4.0,-0.2740616202354431,-0.2740616202354431,0.0
step-error-yes-no-v1,olympiadbench-72,olympiadbench,3,1,1,0,random_orthogonal,18,-4.0,0.6959354877471924,0.7117023468017578,-0.0157668590545654
step-error-yes-no-v1,math-372,math,3,3,1,1,random_orthogonal,18,-4.0,0.4743163287639618,0.4743163287639618,0.0
step-error-yes-no-v1,math-163,math,1,3,0,0,random_orthogonal,18,-4.0,0.4621171057224273,0.4371887743473053,0.024928331375122
step-error-yes-no-v1,omnimath-531,omnimath,4,-1,0,0,random_orthogonal,18,-4.0,0.8093010187149048,0.8093010187149048,0.0
step-error-yes-no-v1,math-437,math,2,2,1,1,random_orthogonal,18,-4.0,0.5545997619628906,0.5545997619628906,0.0
step-error-yes-no-v1,olympiadbench-9,olympiadbench,0,3,0,0,random_orthogonal,18,-4.0,0.1243530213832855,0.1089409291744232,0.0154120922088623
step-error-yes-no-v1,olympiadbench-763,olympiadbench,8,2,1,0,random_orthogonal,18,-4.0,-0.1089409291744232,-0.093476265668869,-0.0154646635055542
step-error-yes-no-v1,omnimath-831,omnimath,0,-1,0,0,random_orthogonal,18,-4.0,0.4115700721740722,0.4115700721740722,0.0
step-error-yes-no-v1,omnimath-725,omnimath,9,-1,0,0,random_orthogonal,18,-4.0,-0.0624187588691711,-0.0624187588691711,0.0
step-error-yes-no-v1,math-717,math,2,-1,0,0,random_orthogonal,18,-4.0,0.4115700721740722,0.3852839469909668,0.0262861251831054
step-error-yes-no-v1,omnimath-628,omnimath,2,-1,0,0,random_orthogonal,18,-4.0,-0.3852839469909668,-0.3852839469909668,0.0
step-error-yes-no-v1,gsm8k-106,gsm8k,2,1,1,0,random_orthogonal,18,-4.0,-0.1089409291744232,-0.093476265668869,-0.0154646635055542
step-error-yes-no-v1,math-563,math,4,2,1,0,random_orthogonal,18,-4.0,0.8833082914352417,0.8833082914352417,0.0
step-error-yes-no-v1,gsm8k-59,gsm8k,2,2,1,1,random_orthogonal,18,-4.0,0.5098299980163574,0.5098299980163574,0.0
step-error-yes-no-v1,math-632,math,1,-1,0,0,random_orthogonal,18,-4.0,0.7680785655975342,0.7680785655975342,0.0
step-error-yes-no-v1,olympiadbench-275,olympiadbench,6,1,1,0,random_orthogonal,18,-4.0,-0.4244643449783325,-0.4115700721740722,-0.0128942728042602
step-error-yes-no-v1,math-304,math,1,3,0,0,random_orthogonal,18,-4.0,0.4981744289398193,0.5098299980163574,-0.011655569076538
step-error-yes-no-v1,omnimath-722,omnimath,7,4,1,0,random_orthogonal,18,-4.0,-0.4863359332084656,-0.4621171057224273,-0.0242188274860382
step-error-yes-no-v1,olympiadbench-545,olympiadbench,2,2,1,1,random_orthogonal,18,-4.0,-0.2153263688087463,-0.2153263688087463,0.0
step-error-yes-no-v1,math-1,math,8,9,0,0,random_orthogonal,18,-4.0,-0.5098299980163574,-0.4863359332084656,-0.0234940648078918
step-error-yes-no-v1,omnimath-167,omnimath,0,2,0,0,random_orthogonal,18,-4.0,-0.093476265668869,-0.0312398374080657,-0.0622364282608032
step-error-yes-no-v1,omnimath-705,omnimath,1,-1,0,0,random_orthogonal,18,-4.0,0.5963735580444336,0.5963735580444336,0.0
step-error-yes-no-v1,gsm8k-208,gsm8k,1,4,0,0,random_orthogonal,18,-4.0,0.6794679164886475,0.6709671020507812,0.0085008144378662
step-error-yes-no-v1,math-387,math,0,1,0,0,random_orthogonal,18,-4.0,0.5098299980163574,0.5325872898101807,-0.0227572917938232
step-error-yes-no-v1,omnimath-885,omnimath,6,-1,0,0,random_orthogonal,18,-4.0,-0.1243530213832855,-0.1243530213832855,0.0
step-error-yes-no-v1,math-157,math,7,1,1,0,random_orthogonal,18,-4.0,0.0312398374080657,0.0312398374080657,0.0
step-error-yes-no-v1,gsm8k-199,gsm8k,2,2,1,1,random_orthogonal,18,-4.0,0.5213013291358948,0.5436869859695435,-0.0223856568336486
step-error-yes-no-v1,math-747,math,2,-1,0,0,random_orthogonal,18,4.0,0.7117023468017578,0.7117023468017578,0.0
step-error-yes-no-v1,olympiadbench-17,olympiadbench,7,6,1,0,random_orthogonal,18,4.0,-0.3308211266994476,-0.3027097582817077,-0.0281113684177398
step-error-yes-no-v1,omnimath-335,omnimath,3,0,1,0,random_orthogonal,18,4.0,-0.4244643449783325,-0.4743163287639618,0.0498519837856292
step-error-yes-no-v1,math-418,math,2,1,1,0,random_orthogonal,18,4.0,0.6709671020507812,0.6709671020507812,0.0
step-error-yes-no-v1,omnimath-421,omnimath,4,3,1,0,random_orthogonal,18,4.0,-0.3027097582817077,-0.2740616202354431,-0.0286481380462646
step-error-yes-no-v1,olympiadbench-72,olympiadbench,3,1,1,0,random_orthogonal,18,4.0,0.7039056420326233,0.7117023468017578,-0.0077967047691345
step-error-yes-no-v1,math-372,math,3,3,1,1,random_orthogonal,18,4.0,0.4863359332084656,0.4743163287639618,0.0120196044445037
step-error-yes-no-v1,math-163,math,1,3,0,0,random_orthogonal,18,4.0,0.4621171057224273,0.4371887743473053,0.024928331375122
step-error-yes-no-v1,omnimath-531,omnimath,4,-1,0,0,random_orthogonal,18,4.0,0.8146244883537292,0.8093010187149048,0.0053234696388244
step-error-yes-no-v1,math-437,math,2,2,1,1,random_orthogonal,18,4.0,0.5545997619628906,0.5545997619628906,0.0
step-error-yes-no-v1,olympiadbench-9,olympiadbench,0,3,0,0,random_orthogonal,18,4.0,0.1243530213832855,0.1089409291744232,0.0154120922088623
step-error-yes-no-v1,olympiadbench-763,olympiadbench,8,2,1,0,random_orthogonal,18,4.0,-0.1243530213832855,-0.093476265668869,-0.0308767557144165
step-error-yes-no-v1,omnimath-831,omnimath,0,-1,0,0,random_orthogonal,18,4.0,0.4115700721740722,0.4115700721740722,0.0
step-error-yes-no-v1,omnimath-725,omnimath,9,-1,0,0,random_orthogonal,18,4.0,-0.0624187588691711,-0.0624187588691711,0.0
step-error-yes-no-v1,math-717,math,2,-1,0,0,random_orthogonal,18,4.0,0.3852839469909668,0.3852839469909668,0.0
step-error-yes-no-v1,omnimath-628,omnimath,2,-1,0,0,random_orthogonal,18,4.0,-0.3583573997020721,-0.3852839469909668,0.0269265472888946
step-error-yes-no-v1,gsm8k-106,gsm8k,2,1,1,0,random_orthogonal,18,4.0,-0.1089409291744232,-0.093476265668869,-0.0154646635055542
step-error-yes-no-v1,math-563,math,4,2,1,0,random_orthogonal,18,4.0,0.8833082914352417,0.8833082914352417,0.0
step-error-yes-no-v1,gsm8k-59,gsm8k,2,2,1,1,random_orthogonal,18,4.0,0.5098299980163574,0.5098299980163574,0.0
step-error-yes-no-v1,math-632,math,1,-1,0,0,random_orthogonal,18,4.0,0.7805885076522827,0.7680785655975342,0.0125099420547485
step-error-yes-no-v1,olympiadbench-275,olympiadbench,6,1,1,0,random_orthogonal,18,4.0,-0.4244643449783325,-0.4115700721740722,-0.0128942728042602
step-error-yes-no-v1,math-304,math,1,3,0,0,random_orthogonal,18,4.0,0.5098299980163574,0.5098299980163574,0.0
step-error-yes-no-v1,omnimath-722,omnimath,7,4,1,0,random_orthogonal,18,4.0,-0.4863359332084656,-0.4621171057224273,-0.0242188274860382
step-error-yes-no-v1,olympiadbench-545,olympiadbench,2,2,1,1,random_orthogonal,18,4.0,-0.2153263688087463,-0.2153263688087463,0.0
step-error-yes-no-v1,math-1,math,8,9,0,0,random_orthogonal,18,4.0,-0.4863359332084656,-0.4863359332084656,0.0
step-error-yes-no-v1,omnimath-167,omnimath,0,2,0,0,random_orthogonal,18,4.0,-0.093476265668869,-0.0312398374080657,-0.0622364282608032
step-error-yes-no-v1,omnimath-705,omnimath,1,-1,0,0,random_orthogonal,18,4.0,0.5963735580444336,0.5963735580444336,0.0
step-error-yes-no-v1,gsm8k-208,gsm8k,1,4,0,0,random_orthogonal,18,4.0,0.6709671020507812,0.6709671020507812,0.0
step-error-yes-no-v1,math-387,math,0,1,0,0,random_orthogonal,18,4.0,0.5098299980163574,0.5325872898101807,-0.0227572917938232
step-error-yes-no-v1,omnimath-885,omnimath,6,-1,0,0,random_orthogonal,18,4.0,-0.1243530213832855,-0.1243530213832855,0.0
step-error-yes-no-v1,math-157,math,7,1,1,0,random_orthogonal,18,4.0,0.0312398374080657,0.0312398374080657,0.0
step-error-yes-no-v1,gsm8k-199,gsm8k,2,2,1,1,random_orthogonal,18,4.0,0.5436869859695435,0.5436869859695435,0.0
step-error-yes-no-v1,math-747,math,2,-1,0,0,random_orthogonal,19,-4.0,0.7117023468017578,0.7117023468017578,0.0
step-error-yes-no-v1,olympiadbench-17,olympiadbench,7,6,1,0,random_orthogonal,19,-4.0,-0.3027097582817077,-0.3027097582817077,0.0
step-error-yes-no-v1,omnimath-335,omnimath,3,0,1,0,random_orthogonal,19,-4.0,-0.4497405886650085,-0.4743163287639618,0.0245757400989532
step-error-yes-no-v1,math-418,math,2,1,1,0,random_orthogonal,19,-4.0,0.6709671020507812,0.6709671020507812,0.0
step-error-yes-no-v1,omnimath-421,omnimath,4,3,1,0,random_orthogonal,19,-4.0,-0.3027097582817077,-0.2740616202354431,-0.0286481380462646
step-error-yes-no-v1,olympiadbench-72,olympiadbench,3,1,1,0,random_orthogonal,19,-4.0,0.7039056420326233,0.7117023468017578,-0.0077967047691345
step-error-yes-no-v1,math-372,math,3,3,1,1,random_orthogonal,19,-4.0,0.4743163287639618,0.4743163287639618,0.0
step-error-yes-no-v1,math-163,math,1,3,0,0,random_orthogonal,19,-4.0,0.4621171057224273,0.4371887743473053,0.024928331375122
step-error-yes-no-v1,omnimath-531,omnimath,4,-1,0,0,random_orthogonal,19,-4.0,0.8146244883537292,0.8093010187149048,0.0053234696388244
step-error-yes-no-v1,math-437,math,2,2,1,1,random_orthogonal,19,-4.0,0.5545997619628906,0.5545997619628906,0.0
step-error-yes-no-v1,olympiadbench-9,olympiadbench,0,3,0,0,random_orthogonal,19,-4.0,0.1089409291744232,0.1089409291744232,0.0
step-error-yes-no-v1,olympiadbench-763,olympiadbench,8,2,1,0,random_orthogonal,19,-4.0,-0.093476265668869,-0.093476265668869,0.0
step-error-yes-no-v1,omnimath-831,omnimath,0,-1,0,0,random_orthogonal,19,-4.0,0.4371887743473053,0.4115700721740722,0.025618702173233
step-error-yes-no-v1,omnimath-725,omnimath,9,-1,0,0,random_orthogonal,19,-4.0,-0.0624187588691711,-0.0624187588691711,0.0
step-error-yes-no-v1,math-717,math,2,-1,0,0,random_orthogonal,19,-4.0,0.4115700721740722,0.3852839469909668,0.0262861251831054
step-error-yes-no-v1,omnimath-628,omnimath,2,-1,0,0,random_orthogonal,19,-4.0,-0.3583573997020721,-0.3852839469909668,0.0269265472888946
step-error-yes-no-v1,gsm8k-106,gsm8k,2,1,1,0,random_orthogonal,19,-4.0,-0.093476265668869,-0.093476265668869,0.0
step-error-yes-no-v1,math-563,math,4,2,1,0,random_orthogonal,19,-4.0,0.886695146560669,0.8833082914352417,0.0033868551254272
step-error-yes-no-v1,gsm8k-59,gsm8k,2,2,1,1,random_orthogonal,19,-4.0,0.5098299980163574,0.5098299980163574,0.0
step-error-yes-no-v1,math-632,math,1,-1,0,0,random_orthogonal,19,-4.0,0.7805885076522827,0.7680785655975342,0.0125099420547485
step-error-yes-no-v1,olympiadbench-275,olympiadbench,6,1,1,0,random_orthogonal,19,-4.0,-0.4115700721740722,-0.4115700721740722,0.0
step-error-yes-no-v1,math-304,math,1,3,0,0,random_orthogonal,19,-4.0,0.4981744289398193,0.5098299980163574,-0.011655569076538
step-error-yes-no-v1,omnimath-722,omnimath,7,4,1,0,random_orthogonal,19,-4.0,-0.4621171057224273,-0.4621171057224273,0.0
step-error-yes-no-v1,olympiadbench-545,olympiadbench,2,2,1,1,random_orthogonal,19,-4.0,-0.2153263688087463,-0.2153263688087463,0.0
step-error-yes-no-v1,math-1,math,8,9,0,0,random_orthogonal,19,-4.0,-0.5098299980163574,-0.4863359332084656,-0.0234940648078918
step-error-yes-no-v1,omnimath-167,omnimath,0,2,0,0,random_orthogonal,19,-4.0,-0.1243530213832855,-0.0312398374080657,-0.0931131839752197
step-error-yes-no-v1,omnimath-705,omnimath,1,-1,0,0,random_orthogonal,19,-4.0,0.6063475608825684,0.5963735580444336,0.0099740028381347
step-error-yes-no-v1,gsm8k-208,gsm8k,1,4,0,0,random_orthogonal,19,-4.0,0.6794679164886475,0.6709671020507812,0.0085008144378662
step-error-yes-no-v1,math-387,math,0,1,0,0,random_orthogonal,19,-4.0,0.5325872898101807,0.5325872898101807,0.0
step-error-yes-no-v1,omnimath-885,omnimath,6,-1,0,0,random_orthogonal,19,-4.0,-0.1243530213832855,-0.1243530213832855,0.0
step-error-yes-no-v1,math-157,math,7,1,1,0,random_orthogonal,19,-4.0,0.0312398374080657,0.0312398374080657,0.0
step-error-yes-no-v1,gsm8k-199,gsm8k,2,2,1,1,random_orthogonal,19,-4.0,0.5436869859695435,0.5436869859695435,0.0
step-error-yes-no-v1,math-747,math,2,-1,0,0,random_orthogonal,19,4.0,0.7039056420326233,0.7117023468017578,-0.0077967047691345
step-error-yes-no-v1,olympiadbench-17,olympiadbench,7,6,1,0,random_orthogonal,19,4.0,-0.3308211266994476,-0.3027097582817077,-0.0281113684177398
step-error-yes-no-v1,omnimath-335,omnimath,3,0,1,0,random_orthogonal,19,4.0,-0.4371887743473053,-0.4743163287639618,0.0371275544166564
step-error-yes-no-v1,math-418,math,2,1,1,0,random_orthogonal,19,4.0,0.662286102771759,0.6709671020507812,-0.0086809992790222
step-error-yes-no-v1,omnimath-421,omnimath,4,3,1,0,random_orthogonal,19,4.0,-0.2740616202354431,-0.2740616202354431,0.0
step-error-yes-no-v1,olympiadbench-72,olympiadbench,3,1,1,0,random_orthogonal,19,4.0,0.7039056420326233,0.7117023468017578,-0.0077967047691345
step-error-yes-no-v1,math-372,math,3,3,1,1,random_orthogonal,19,4.0,0.4863359332084656,0.4743163287639618,0.0120196044445037
step-error-yes-no-v1,math-163,math,1,3,0,0,random_orthogonal,19,4.0,0.4371887743473053,0.4371887743473053,0.0
step-error-yes-no-v1,omnimath-531,omnimath,4,-1,0,0,random_orthogonal,19,4.0,0.8093010187149048,0.8093010187149048,0.0
step-error-yes-no-v1,math-437,math,2,2,1,1,random_orthogonal,19,4.0,0.5325872898101807,0.5545997619628906,-0.0220124721527099
step-error-yes-no-v1,olympiadbench-9,olympiadbench,0,3,0,0,random_orthogonal,19,4.0,0.1243530213832855,0.1089409291744232,0.0154120922088623
step-error-yes-no-v1,olympiadbench-763,olympiadbench,8,2,1,0,random_orthogonal,19,4.0,-0.1243530213832855,-0.093476265668869,-0.0308767557144165
step-error-yes-no-v1,omnimath-831,omnimath,0,-1,0,0,random_orthogonal,19,4.0,0.4115700721740722,0.4115700721740722,0.0
step-error-yes-no-v1,omnimath-725,omnimath,9,-1,0,0,random_orthogonal,19,4.0,-0.0312398374080657,-0.0624187588691711,0.0311789214611053
step-error-yes-no-v1,math-717,math,2,-1,0,0,random_orthogonal,19,4.0,0.3852839469909668,0.3852839469909668,0.0
step-error-yes-no-v1,omnimath-628,omnimath,2,-1,0,0,random_orthogonal,19,4.0,-0.4115700721740722,-0.3852839469909668,-0.0262861251831054
step-error-yes-no-v1,gsm8k-106,gsm8k,2,1,1,0,random_orthogonal,19,4.0,-0.093476265668869,-0.093476265668869,0.0
step-error-yes-no-v1,math-563,math,4,2,1,0,random_orthogonal,19,4.0,0.8833082914352417,0.8833082914352417,0.0
step-error-yes-no-v1,gsm8k-59,gsm8k,2,2,1,1,random_orthogonal,19,4.0,0.5098299980163574,0.5098299980163574,0.0
step-error-yes-no-v1,math-632,math,1,-1,0,0,random_orthogonal,19,4.0,0.7744091749191284,0.7680785655975342,0.0063306093215942
step-error-yes-no-v1,olympiadbench-275,olympiadbench,6,1,1,0,random_orthogonal,19,4.0,-0.4497405886650085,-0.4115700721740722,-0.0381705164909362
step-error-yes-no-v1,math-304,math,1,3,0,0,random_orthogonal,19,4.0,0.4981744289398193,0.5098299980163574,-0.011655569076538
step-error-yes-no-v1,omnimath-722,omnimath,7,4,1,0,random_orthogonal,19,4.0,-0.4863359332084656,-0.4621171057224273,-0.0242188274860382
step-error-yes-no-v1,olympiadbench-545,olympiadbench,2,2,1,1,random_orthogonal,19,4.0,-0.2153263688087463,-0.2153263688087463,0.0
step-error-yes-no-v1,math-1,math,8,9,0,0,random_orthogonal,19,4.0,-0.4863359332084656,-0.4863359332084656,0.0
step-error-yes-no-v1,omnimath-167,omnimath,0,2,0,0,random_orthogonal,19,4.0,-0.093476265668869,-0.0312398374080657,-0.0622364282608032
step-error-yes-no-v1,omnimath-705,omnimath,1,-1,0,0,random_orthogonal,19,4.0,0.5963735580444336,0.5963735580444336,0.0
step-error-yes-no-v1,gsm8k-208,gsm8k,1,4,0,0,random_orthogonal,19,4.0,0.6877902150154114,0.6709671020507812,0.0168231129646301
step-error-yes-no-v1,math-387,math,0,1,0,0,random_orthogonal,19,4.0,0.5098299980163574,0.5325872898101807,-0.0227572917938232
step-error-yes-no-v1,omnimath-885,omnimath,6,-1,0,0,random_orthogonal,19,4.0,-0.1243530213832855,-0.1243530213832855,0.0
step-error-yes-no-v1,math-157,math,7,1,1,0,random_orthogonal,19,4.0,0.0,0.0312398374080657,-0.0312398374080657
step-error-yes-no-v1,gsm8k-199,gsm8k,2,2,1,1,random_orthogonal,19,4.0,0.5213013291358948,0.5436869859695435,-0.0223856568336486
